// 4.23.2 0xaaa84aac D2 AY R0 FL8_ARGB8888 U565 N0 SExtFlashSection EExtFlashSection CNO_COMPRESSION
// Generated by imageconverter. Please, do not edit!

#include <touchgfx/hal/Config.hpp>

LOCATION_PRAGMA("ExtFlashSection")
KEEP extern const unsigned char image_alarm_red_box[] LOCATION_ATTRIBUTE("ExtFlashSection") = { // 209x112 L8_ARGB8888 pixels.
    0x00, 0x00, 0x00, 0x00, 0x00, 0x00, 0x00, 0x00, 0x01, 0x02, 0x03, 0x04,
    0x05, 0x05, 0x05, 0x05, 0x05, 0x05, 0x05, 0x05, 0x05, 0x05, 0x05, 0x05,
    0x05, 0x05, 0x05, 0x05, 0x05, 0x05, 0x05, 0x05, 0x05, 0x05, 0x05, 0x05,
    0x05, 0x05, 0x05, 0x05, 0x05, 0x05, 0x05, 0x05, 0x05, 0x05, 0x05, 0x05,
    0x05, 0x05, 0x05, 0x05, 0x05, 0x05, 0x05, 0x05, 0x05, 0x05, 0x05, 0x05,
    0x05, 0x05, 0x05, 0x05, 0x05, 0x05, 0x05, 0x05, 0x05, 0x05, 0x05, 0x05,
    0x05, 0x05, 0x05, 0x05, 0x05, 0x05, 0x05, 0x05, 0x05, 0x05, 0x05, 0x05,
    0x05, 0x05, 0x05, 0x05, 0x05, 0x05, 0x05, 0x05, 0x05, 0x05, 0x05, 0x05,
    0x05, 0x05, 0x05, 0x05, 0x05, 0x05, 0x05, 0x05, 0x05, 0x05, 0x05, 0x05,
    0x05, 0x05, 0x05, 0x05, 0x05, 0x05, 0x05, 0x05, 0x05, 0x05, 0x05, 0x05,
    0x05, 0x05, 0x05, 0x05, 0x05, 0x05, 0x05, 0x05, 0x05, 0x05, 0x05, 0x05,
    0x05, 0x05, 0x05, 0x05, 0x05, 0x05, 0x05, 0x05, 0x05, 0x05, 0x05, 0x05,
    0x05, 0x05, 0x05, 0x05, 0x05, 0x05, 0x05, 0x05, 0x05, 0x05, 0x05, 0x05,
    0x05, 0x05, 0x05, 0x05, 0x05, 0x05, 0x05, 0x05, 0x05, 0x05, 0x05, 0x05,
    0x05, 0x05, 0x05, 0x05, 0x05, 0x05, 0x05, 0x05, 0x05, 0x05, 0x05, 0x05,
    0x05, 0x05, 0x05, 0x05, 0x05, 0x05, 0x05, 0x05, 0x05, 0x05, 0x05, 0x05,
    0x05, 0x05, 0x05, 0x05, 0x05, 0x06, 0x07, 0x08, 0x09, 0x00, 0x00, 0x00,
    0x00, 0x00, 0x00, 0x00, 0x00, 0x00, 0x00, 0x00, 0x00, 0x00, 0x00, 0x01,
    0x03, 0x05, 0x05, 0x0a, 0x05, 0x0a, 0x05, 0x0a, 0x05, 0x0a, 0x05, 0x0a,
    0x05, 0x0a, 0x05, 0x0a, 0x05, 0x0a, 0x05, 0x0a, 0x05, 0x0a, 0x05, 0x0a,
    0x05, 0x0a, 0x05, 0x0a, 0x05, 0x0a, 0x05, 0x0a, 0x05, 0x0a, 0x05, 0x0a,
    0x05, 0x0a, 0x05, 0x0a, 0x05, 0x0a, 0x05, 0x0a, 0x05, 0x0a, 0x05, 0x0a,
    0x05, 0x0a, 0x05, 0x0a, 0x05, 0x0a, 0x05, 0x0a, 0x05, 0x0a, 0x05, 0x0a,
    0x05, 0x0a, 0x05, 0x0a, 0x05, 0x0a, 0x05, 0x0a, 0x05, 0x0a, 0x05, 0x0a,
    0x05, 0x0a, 0x05, 0x0a, 0x05, 0x0a, 0x05, 0x0a, 0x05, 0x0a, 0x05, 0x0a,
    0x05, 0x0a, 0x05, 0x0a, 0x05, 0x0a, 0x05, 0x0a, 0x05, 0x0a, 0x05, 0x0a,
    0x05, 0x0a, 0x05, 0x0a, 0x05, 0x0a, 0x05, 0x0a, 0x05, 0x0a, 0x05, 0x0a,
    0x05, 0x0a, 0x05, 0x0a, 0x05, 0x0a, 0x05, 0x0a, 0x05, 0x0a, 0x05, 0x0a,
    0x05, 0x0a, 0x05, 0x0a, 0x05, 0x0a, 0x05, 0x0a, 0x05, 0x0a, 0x05, 0x0a,
    0x05, 0x0a, 0x05, 0x0a, 0x05, 0x0a, 0x05, 0x0a, 0x05, 0x0a, 0x05, 0x0a,
    0x05, 0x0a, 0x05, 0x0a, 0x05, 0x0a, 0x05, 0x0a, 0x05, 0x0a, 0x05, 0x0a,
    0x05, 0x0a, 0x05, 0x0a, 0x05, 0x0a, 0x05, 0x0a, 0x05, 0x0a, 0x05, 0x0a,
    0x05, 0x0a, 0x05, 0x0a, 0x05, 0x0a, 0x05, 0x0a, 0x05, 0x0a, 0x05, 0x0a,
    0x05, 0x0a, 0x05, 0x0a, 0x05, 0x0a, 0x05, 0x0a, 0x05, 0x05, 0x0a, 0x05,
    0x05, 0x05, 0x0b, 0x09, 0x00, 0x00, 0x00, 0x00, 0x00, 0x00, 0x00, 0x00,
    0x00, 0x00, 0x0c, 0x0d, 0x05, 0x0a, 0x05, 0x05, 0x05, 0x05, 0x05, 0x0a,
    0x05, 0x05, 0x05, 0x0a, 0x05, 0x05, 0x05, 0x0a, 0x05, 0x05, 0x05, 0x0a,
    0x05, 0x05, 0x05, 0x0a, 0x05, 0x05, 0x05, 0x0a, 0x05, 0x05, 0x05, 0x0a,
    0x05, 0x05, 0x05, 0x0a, 0x05, 0x05, 0x05, 0x0a, 0x05, 0x05, 0x05, 0x0a,
    0x05, 0x05, 0x05, 0x0a, 0x05, 0x05, 0x05, 0x0a, 0x05, 0x05, 0x05, 0x0a,
    0x05, 0x05, 0x05, 0x0a, 0x05, 0x05, 0x05, 0x0a, 0x05, 0x05, 0x05, 0x0a,
    0x05, 0x05, 0x05, 0x0a, 0x05, 0x05, 0x05, 0x0a, 0x05, 0x05, 0x05, 0x0a,
    0x05, 0x05, 0x05, 0x0a, 0x05, 0x05, 0x05, 0x0a, 0x05, 0x05, 0x05, 0x0a,
    0x05, 0x05, 0x05, 0x0a, 0x05, 0x05, 0x05, 0x0a, 0x05, 0x05, 0x05, 0x0a,
    0x05, 0x05, 0x05, 0x0a, 0x05, 0x05, 0x05, 0x0a, 0x05, 0x05, 0x05, 0x0a,
    0x05, 0x05, 0x05, 0x0a, 0x05, 0x05, 0x05, 0x0a, 0x05, 0x05, 0x05, 0x0a,
    0x05, 0x05, 0x05, 0x0a, 0x05, 0x05, 0x05, 0x0a, 0x05, 0x05, 0x05, 0x0a,
    0x05, 0x05, 0x05, 0x0a, 0x05, 0x05, 0x05, 0x0a, 0x05, 0x05, 0x05, 0x0a,
    0x05, 0x05, 0x05, 0x0a, 0x05, 0x05, 0x05, 0x0a, 0x05, 0x05, 0x05, 0x0a,
    0x05, 0x05, 0x05, 0x0a, 0x05, 0x05, 0x05, 0x0a, 0x05, 0x05, 0x05, 0x0a,
    0x05, 0x05, 0x05, 0x0a, 0x05, 0x05, 0x05, 0x0a, 0x05, 0x05, 0x05, 0x0a,
    0x05, 0x05, 0x0a, 0x05, 0x05, 0x05, 0x05, 0x05, 0x0e, 0x0f, 0x00, 0x00,
    0x00, 0x00, 0x00, 0x00, 0x00, 0x00, 0x0c, 0x06, 0x05, 0x0a, 0x05, 0x05,
    0x0a, 0x05, 0x05, 0x05, 0x05, 0x05, 0x05, 0x05, 0x05, 0x05, 0x05, 0x05,
    0x05, 0x05, 0x05, 0x05, 0x05, 0x05, 0x05, 0x05, 0x05, 0x05, 0x05, 0x05,
    0x05, 0x05, 0x05, 0x05, 0x05, 0x05, 0x05, 0x05, 0x05, 0x05, 0x05, 0x05,
    0x05, 0x05, 0x05, 0x05, 0x05, 0x05, 0x05, 0x05, 0x05, 0x05, 0x05, 0x05,
    0x05, 0x05, 0x05, 0x05, 0x05, 0x05, 0x05, 0x05, 0x05, 0x05, 0x05, 0x05,
    0x05, 0x05, 0x05, 0x05, 0x05, 0x05, 0x05, 0x05, 0x05, 0x05, 0x05, 0x05,
    0x05, 0x05, 0x05, 0x05, 0x05, 0x05, 0x05, 0x05, 0x05, 0x05, 0x05, 0x05,
    0x05, 0x05, 0x05, 0x05, 0x05, 0x05, 0x05, 0x05, 0x05, 0x05, 0x05, 0x05,
    0x05, 0x05, 0x05, 0x05, 0x05, 0x05, 0x05, 0x05, 0x05, 0x05, 0x05, 0x05,
    0x05, 0x05, 0x05, 0x05, 0x05, 0x05, 0x05, 0x05, 0x05, 0x05, 0x05, 0x05,
    0x05, 0x05, 0x05, 0x05, 0x05, 0x05, 0x05, 0x05, 0x05, 0x05, 0x05, 0x05,
    0x05, 0x05, 0x05, 0x05, 0x05, 0x05, 0x05, 0x05, 0x05, 0x05, 0x05, 0x05,
    0x05, 0x05, 0x05, 0x05, 0x05, 0x05, 0x05, 0x05, 0x05, 0x05, 0x05, 0x05,
    0x05, 0x05, 0x05, 0x05, 0x05, 0x05, 0x05, 0x05, 0x05, 0x05, 0x05, 0x05,
    0x05, 0x05, 0x05, 0x05, 0x05, 0x05, 0x05, 0x05, 0x05, 0x05, 0x05, 0x05,
    0x05, 0x05, 0x05, 0x05, 0x05, 0x05, 0x05, 0x05, 0x05, 0x0a, 0x05, 0x05,
    0x05, 0x05, 0x05, 0x10, 0x00, 0x00, 0x00, 0x00, 0x00, 0x00, 0x00, 0x06,
    0x05, 0x0a, 0x05, 0x05, 0x05, 0x0a, 0x11, 0x0a, 0x0a, 0x11, 0x0a, 0x05,
    0x12, 0x05, 0x0a, 0x12, 0x05, 0x05, 0x12, 0x0a, 0x05, 0x11, 0x0a, 0x0a,
    0x11, 0x05, 0x0a, 0x12, 0x05, 0x05, 0x12, 0x0a, 0x05, 0x11, 0x0a, 0x0a,
    0x11, 0x05, 0x0a, 0x12, 0x05, 0x05, 0x12, 0x0a, 0x05, 0x11, 0x0a, 0x0a,
    0x11, 0x05, 0x0a, 0x12, 0x05, 0x05, 0x12, 0x0a, 0x05, 0x11, 0x0a, 0x0a,
    0x11, 0x05, 0x0a, 0x12, 0x05, 0x05, 0x12, 0x0a, 0x05, 0x11, 0x0a, 0x0a,
    0x11, 0x05, 0x0a, 0x12, 0x05, 0x05, 0x12, 0x0a, 0x05, 0x11, 0x0a, 0x0a,
    0x11, 0x05, 0x0a, 0x12, 0x05, 0x05, 0x12, 0x0a, 0x05, 0x11, 0x0a, 0x0a,
    0x11, 0x05, 0x0a, 0x12, 0x05, 0x05, 0x12, 0x0a, 0x05, 0x11, 0x0a, 0x0a,
    0x11, 0x05, 0x0a, 0x12, 0x05, 0x05, 0x12, 0x0a, 0x05, 0x11, 0x0a, 0x0a,
    0x11, 0x05, 0x0a, 0x12, 0x05, 0x05, 0x12, 0x0a, 0x05, 0x11, 0x0a, 0x0a,
    0x11, 0x05, 0x0a, 0x12, 0x05, 0x05, 0x12, 0x0a, 0x05, 0x11, 0x0a, 0x0a,
    0x11, 0x05, 0x0a, 0x12, 0x05, 0x05, 0x12, 0x0a, 0x05, 0x11, 0x0a, 0x0a,
    0x11, 0x05, 0x0a, 0x12, 0x05, 0x05, 0x12, 0x0a, 0x05, 0x11, 0x0a, 0x0a,
    0x11, 0x05, 0x0a, 0x12, 0x05, 0x05, 0x12, 0x0a, 0x05, 0x11, 0x0a, 0x0a,
    0x11, 0x05, 0x0a, 0x12, 0x05, 0x05, 0x12, 0x0a, 0x05, 0x11, 0x0a, 0x05,
    0x11, 0x0a, 0x05, 0x12, 0x05, 0x0a, 0x05, 0x05, 0x05, 0x10, 0x00, 0x00,
    0x00, 0x00, 0x00, 0x0d, 0x0a, 0x05, 0x05, 0x05, 0x05, 0x0a, 0x05, 0x05,
    0x05, 0x05, 0x05, 0x05, 0x0a, 0x05, 0x05, 0x05, 0x05, 0x05, 0x05, 0x05,
    0x05, 0x0a, 0x05, 0x05, 0x05, 0x05, 0x0a, 0x05, 0x05, 0x05, 0x05, 0x05,
    0x05, 0x0a, 0x05, 0x05, 0x05, 0x05, 0x0a, 0x05, 0x05, 0x05, 0x05, 0x05,
    0x05, 0x0a, 0x05, 0x05, 0x05, 0x05, 0x0a, 0x05, 0x05, 0x05, 0x05, 0x05,
    0x05, 0x0a, 0x05, 0x05, 0x05, 0x05, 0x0a, 0x05, 0x05, 0x05, 0x05, 0x05,
    0x05, 0x0a, 0x05, 0x05, 0x05, 0x05, 0x0a, 0x05, 0x05, 0x05, 0x05, 0x05,
    0x05, 0x0a, 0x05, 0x05, 0x05, 0x05, 0x0a, 0x05, 0x05, 0x05, 0x05, 0x05,
    0x05, 0x0a, 0x05, 0x05, 0x05, 0x05, 0x0a, 0x05, 0x05, 0x05, 0x05, 0x05,
    0x05, 0x0a, 0x05, 0x05, 0x05, 0x05, 0x0a, 0x05, 0x05, 0x05, 0x05, 0x05,
    0x05, 0x0a, 0x05, 0x05, 0x05, 0x05, 0x0a, 0x05, 0x05, 0x05, 0x05, 0x05,
    0x05, 0x0a, 0x05, 0x05, 0x05, 0x05, 0x0a, 0x05, 0x05, 0x05, 0x05, 0x05,
    0x05, 0x0a, 0x05, 0x05, 0x05, 0x05, 0x0a, 0x05, 0x05, 0x05, 0x05, 0x05,
    0x05, 0x0a, 0x05, 0x05, 0x05, 0x05, 0x0a, 0x05, 0x05, 0x05, 0x05, 0x05,
    0x05, 0x0a, 0x05, 0x05, 0x05, 0x05, 0x0a, 0x05, 0x05, 0x05, 0x05, 0x05,
    0x05, 0x0a, 0x05, 0x05, 0x05, 0x05, 0x0a, 0x05, 0x05, 0x05, 0x05, 0x05,
    0x05, 0x0a, 0x05, 0x05, 0x0a, 0x05, 0x05, 0x05, 0x05, 0x05, 0x0a, 0x05,
    0x05, 0x05, 0x05, 0x13, 0x00, 0x00, 0x00, 0x14, 0x05, 0x05, 0x0a, 0x05,
    0x05, 0x12, 0x05, 0x05, 0x05, 0x05, 0x05, 0x05, 0x05, 0x05, 0x05, 0x05,
    0x05, 0x0a, 0x05, 0x0a, 0x05, 0x05, 0x05, 0x05, 0x05, 0x05, 0x0a, 0x05,
    0x05, 0x05, 0x0a, 0x05, 0x05, 0x05, 0x05, 0x05, 0x05, 0x05, 0x0a, 0x05,
    0x05, 0x05, 0x0a, 0x05, 0x05, 0x05, 0x05, 0x05, 0x05, 0x05, 0x0a, 0x05,
    0x05, 0x05, 0x0a, 0x05, 0x05, 0x05, 0x05, 0x05, 0x05, 0x05, 0x0a, 0x05,
    0x05, 0x05, 0x0a, 0x05, 0x05, 0x05, 0x05, 0x05, 0x05, 0x05, 0x0a, 0x05,
    0x05, 0x05, 0x0a, 0x05, 0x05, 0x05, 0x05, 0x05, 0x05, 0x05, 0x0a, 0x05,
    0x05, 0x05, 0x0a, 0x05, 0x05, 0x05, 0x05, 0x05, 0x05, 0x05, 0x0a, 0x05,
    0x05, 0x05, 0x0a, 0x05, 0x05, 0x05, 0x05, 0x05, 0x05, 0x05, 0x0a, 0x05,
    0x05, 0x05, 0x0a, 0x05, 0x05, 0x05, 0x05, 0x05, 0x05, 0x05, 0x0a, 0x05,
    0x05, 0x05, 0x0a, 0x05, 0x05, 0x05, 0x05, 0x05, 0x05, 0x05, 0x0a, 0x05,
    0x05, 0x05, 0x0a, 0x05, 0x05, 0x05, 0x05, 0x05, 0x05, 0x05, 0x0a, 0x05,
    0x05, 0x05, 0x0a, 0x05, 0x05, 0x05, 0x05, 0x05, 0x05, 0x05, 0x0a, 0x05,
    0x05, 0x05, 0x0a, 0x05, 0x05, 0x05, 0x05, 0x05, 0x05, 0x05, 0x0a, 0x05,
    0x05, 0x05, 0x0a, 0x05, 0x05, 0x05, 0x05, 0x05, 0x05, 0x05, 0x0a, 0x05,
    0x05, 0x05, 0x0a, 0x05, 0x05, 0x05, 0x05, 0x05, 0x05, 0x0a, 0x05, 0x05,
    0x0a, 0x05, 0x11, 0x05, 0x0a, 0x11, 0x0a, 0x05, 0x04, 0x0c, 0x00, 0x00,
    0x03, 0x05, 0x05, 0x05, 0x0a, 0x05, 0x05, 0x05, 0x12, 0x05, 0x0a, 0x12,
    0x05, 0x0a, 0x11, 0x0a, 0x05, 0x12, 0x05, 0x05, 0x11, 0x0a, 0x05, 0x11,
    0x0a, 0x0a, 0x11, 0x05, 0x05, 0x11, 0x0a, 0x05, 0x12, 0x0a, 0x05, 0x12,
    0x0a, 0x05, 0x11, 0x05, 0x05, 0x11, 0x0a, 0x05, 0x12, 0x0a, 0x05, 0x12,
    0x0a, 0x05, 0x11, 0x05, 0x05, 0x11, 0x0a, 0x05, 0x12, 0x0a, 0x05, 0x12,
    0x0a, 0x05, 0x11, 0x05, 0x05, 0x11, 0x0a, 0x05, 0x12, 0x0a, 0x05, 0x12,
    0x0a, 0x05, 0x11, 0x05, 0x05, 0x11, 0x0a, 0x05, 0x12, 0x0a, 0x05, 0x12,
    0x0a, 0x05, 0x11, 0x05, 0x05, 0x11, 0x0a, 0x05, 0x12, 0x0a, 0x05, 0x12,
    0x0a, 0x05, 0x11, 0x05, 0x05, 0x11, 0x0a, 0x05, 0x12, 0x0a, 0x05, 0x12,
    0x0a, 0x05, 0x11, 0x05, 0x05, 0x11, 0x0a, 0x05, 0x12, 0x0a, 0x05, 0x12,
    0x0a, 0x05, 0x11, 0x05, 0x05, 0x11, 0x0a, 0x05, 0x12, 0x0a, 0x05, 0x12,
    0x0a, 0x05, 0x11, 0x05, 0x05, 0x11, 0x0a, 0x05, 0x12, 0x0a, 0x05, 0x12,
    0x0a, 0x05, 0x11, 0x05, 0x05, 0x11, 0x0a, 0x05, 0x12, 0x0a, 0x05, 0x12,
    0x0a, 0x05, 0x11, 0x05, 0x05, 0x11, 0x0a, 0x05, 0x12, 0x0a, 0x05, 0x12,
    0x0a, 0x05, 0x11, 0x05, 0x05, 0x11, 0x0a, 0x05, 0x12, 0x0a, 0x05, 0x12,
    0x0a, 0x05, 0x11, 0x05, 0x05, 0x11, 0x0a, 0x05, 0x12, 0x0a, 0x05, 0x12,
    0x05, 0x05, 0x11, 0x05, 0x05, 0x12, 0x05, 0x05, 0x05, 0x05, 0x05, 0x05,
    0x0a, 0x05, 0x15, 0x00, 0x16, 0x05, 0x0a, 0x05, 0x05, 0x11, 0x05, 0x05,
    0x0a, 0x05, 0x05, 0x05, 0x05, 0x05, 0x05, 0x0a, 0x05, 0x05, 0x05, 0x05,
    0x05, 0x05, 0x0a, 0x05, 0x05, 0x05, 0x05, 0x05, 0x0a, 0x05, 0x05, 0x05,
    0x05, 0x05, 0x05, 0x05, 0x05, 0x05, 0x0a, 0x05, 0x0a, 0x05, 0x05, 0x05,
    0x05, 0x05, 0x05, 0x05, 0x05, 0x05, 0x0a, 0x05, 0x0a, 0x05, 0x05, 0x05,
    0x05, 0x05, 0x05, 0x05, 0x05, 0x05, 0x0a, 0x05, 0x0a, 0x05, 0x05, 0x05,
    0x05, 0x05, 0x05, 0x05, 0x05, 0x05, 0x0a, 0x05, 0x0a, 0x05, 0x05, 0x05,
    0x05, 0x05, 0x05, 0x05, 0x05, 0x05, 0x0a, 0x05, 0x0a, 0x05, 0x05, 0x05,
    0x05, 0x05, 0x05, 0x05, 0x05, 0x05, 0x0a, 0x05, 0x0a, 0x05, 0x05, 0x05,
    0x05, 0x05, 0x05, 0x05, 0x05, 0x05, 0x0a, 0x05, 0x0a, 0x05, 0x05, 0x05,
    0x05, 0x05, 0x05, 0x05, 0x05, 0x05, 0x0a, 0x05, 0x0a, 0x05, 0x05, 0x05,
    0x05, 0x05, 0x05, 0x05, 0x05, 0x05, 0x0a, 0x05, 0x0a, 0x05, 0x05, 0x05,
    0x05, 0x05, 0x05, 0x05, 0x05, 0x05, 0x0a, 0x05, 0x0a, 0x05, 0x05, 0x05,
    0x05, 0x05, 0x05, 0x05, 0x05, 0x05, 0x0a, 0x05, 0x0a, 0x05, 0x05, 0x05,
    0x05, 0x05, 0x05, 0x05, 0x05, 0x05, 0x0a, 0x05, 0x0a, 0x05, 0x05, 0x05,
    0x05, 0x05, 0x05, 0x05, 0x05, 0x05, 0x0a, 0x05, 0x0a, 0x05, 0x05, 0x05,
    0x05, 0x05, 0x05, 0x05, 0x05, 0x0a, 0x05, 0x0a, 0x05, 0x05, 0x05, 0x0a,
    0x05, 0x0a, 0x05, 0x05, 0x05, 0x05, 0x05, 0x0e, 0x00, 0x0d, 0x05, 0x05,
    0x0a, 0x05, 0x0a, 0x05, 0x05, 0x05, 0x05, 0x05, 0x0a, 0x05, 0x11, 0x05,
    0x05, 0x05, 0x11, 0x0a, 0x0a, 0x05, 0x05, 0x11, 0x0a, 0x05, 0x05, 0x11,
    0x0a, 0x05, 0x05, 0x0a, 0x11, 0x05, 0x05, 0x05, 0x12, 0x05, 0x05, 0x05,
    0x05, 0x12, 0x05, 0x05, 0x0a, 0x11, 0x05, 0x05, 0x05, 0x05, 0x11, 0x05,
    0x05, 0x0a, 0x11, 0x05, 0x0a, 0x05, 0x05, 0x11, 0x05, 0x05, 0x05, 0x11,
    0x05, 0x0a, 0x05, 0x05, 0x12, 0x05, 0x05, 0x05, 0x11, 0x05, 0x05, 0x05,
    0x05, 0x12, 0x05, 0x05, 0x0a, 0x11, 0x05, 0x05, 0x05, 0x05, 0x11, 0x05,
    0x05, 0x0a, 0x11, 0x05, 0x0a, 0x05, 0x05, 0x11, 0x05, 0x05, 0x05, 0x11,
    0x05, 0x0a, 0x05, 0x05, 0x12, 0x05, 0x05, 0x05, 0x11, 0x05, 0x05, 0x05,
    0x05, 0x12, 0x05, 0x05, 0x0a, 0x11, 0x05, 0x05, 0x05, 0x05, 0x11, 0x05,
    0x05, 0x0a, 0x11, 0x05, 0x0a, 0x05, 0x05, 0x11, 0x05, 0x05, 0x05, 0x11,
    0x05, 0x0a, 0x05, 0x05, 0x12, 0x05, 0x05, 0x05, 0x11, 0x05, 0x05, 0x05,
    0x05, 0x12, 0x05, 0x05, 0x0a, 0x11, 0x05, 0x05, 0x05, 0x05, 0x11, 0x05,
    0x05, 0x0a, 0x11, 0x05, 0x0a, 0x05, 0x05, 0x11, 0x05, 0x05, 0x05, 0x11,
    0x05, 0x0a, 0x05, 0x05, 0x12, 0x05, 0x05, 0x05, 0x11, 0x05, 0x05, 0x05,
    0x05, 0x12, 0x05, 0x05, 0x0a, 0x11, 0x05, 0x05, 0x05, 0x05, 0x11, 0x0a,
    0x05, 0x05, 0x0a, 0x05, 0x05, 0x11, 0x05, 0x0a, 0x12, 0x05, 0x05, 0x11,
    0x05, 0x13, 0x03, 0x05, 0x05, 0x05, 0x05, 0x0a, 0x11, 0x05, 0x0a, 0x11,
    0x05, 0x0a, 0x05, 0x0a, 0x05, 0x05, 0x0a, 0x05, 0x05, 0x11, 0x0a, 0x05,
    0x05, 0x05, 0x0a, 0x05, 0x05, 0x0a, 0x11, 0x05, 0x0a, 0x05, 0x0a, 0x05,
    0x05, 0x0a, 0x05, 0x11, 0x05, 0x05, 0x05, 0x05, 0x0a, 0x05, 0x05, 0x0a,
    0x12, 0x05, 0x0a, 0x0a, 0x05, 0x05, 0x05, 0x05, 0x0a, 0x11, 0x05, 0x0a,
    0x0a, 0x05, 0x0a, 0x0a, 0x05, 0x05, 0x11, 0x05, 0x0a, 0x05, 0x05, 0x0a,
    0x0a, 0x05, 0x0a, 0x12, 0x05, 0x05, 0x05, 0x05, 0x0a, 0x05, 0x05, 0x0a,
    0x12, 0x05, 0x0a, 0x0a, 0x05, 0x05, 0x05, 0x05, 0x0a, 0x11, 0x05, 0x0a,
    0x0a, 0x05, 0x0a, 0x0a, 0x05, 0x05, 0x11, 0x05, 0x0a, 0x05, 0x05, 0x0a,
    0x0a, 0x05, 0x0a, 0x12, 0x05, 0x05, 0x05, 0x05, 0x0a, 0x05, 0x05, 0x0a,
    0x12, 0x05, 0x0a, 0x0a, 0x05, 0x05, 0x05, 0x05, 0x0a, 0x11, 0x05, 0x0a,
    0x0a, 0x05, 0x0a, 0x0a, 0x05, 0x05, 0x11, 0x05, 0x0a, 0x05, 0x05, 0x0a,
    0x0a, 0x05, 0x0a, 0x12, 0x05, 0x05, 0x05, 0x05, 0x0a, 0x05, 0x05, 0x0a,
    0x12, 0x05, 0x0a, 0x0a, 0x05, 0x05, 0x05, 0x05, 0x0a, 0x11, 0x05, 0x0a,
    0x0a, 0x05, 0x0a, 0x0a, 0x05, 0x05, 0x11, 0x05, 0x0a, 0x05, 0x05, 0x0a,
    0x0a, 0x05, 0x0a, 0x12, 0x05, 0x05, 0x05, 0x05, 0x0a, 0x05, 0x05, 0x0a,
    0x12, 0x05, 0x0a, 0x05, 0x05, 0x11, 0x05, 0x05, 0x12, 0x05, 0x05, 0x05,
    0x05, 0x05, 0x0a, 0x05, 0x0a, 0x05, 0x17, 0x0e, 0x0a, 0x05, 0x11, 0x05,
    0x05, 0x05, 0x0a, 0x05, 0x05, 0x0a, 0x11, 0x05, 0x05, 0x0a, 0x11, 0x05,
    0x0a, 0x05, 0x05, 0x05, 0x0a, 0x05, 0x11, 0x0a, 0x05, 0x05, 0x05, 0x05,
    0x05, 0x05, 0x05, 0x11, 0x0a, 0x05, 0x05, 0x05, 0x0a, 0x0a, 0x05, 0x05,
    0x12, 0x05, 0x05, 0x05, 0x05, 0x05, 0x05, 0x05, 0x05, 0x11, 0x0a, 0x05,
    0x05, 0x05, 0x05, 0x05, 0x05, 0x05, 0x11, 0x05, 0x05, 0x05, 0x0a, 0x05,
    0x05, 0x05, 0x05, 0x11, 0x05, 0x05, 0x05, 0x05, 0x05, 0x05, 0x0a, 0x05,
    0x11, 0x05, 0x05, 0x05, 0x05, 0x05, 0x05, 0x05, 0x05, 0x11, 0x0a, 0x05,
    0x05, 0x05, 0x05, 0x05, 0x05, 0x05, 0x11, 0x05, 0x05, 0x05, 0x0a, 0x05,
    0x05, 0x05, 0x05, 0x11, 0x05, 0x05, 0x05, 0x05, 0x05, 0x05, 0x0a, 0x05,
    0x11, 0x05, 0x05, 0x05, 0x05, 0x05, 0x05, 0x05, 0x05, 0x11, 0x0a, 0x05,
    0x05, 0x05, 0x05, 0x05, 0x05, 0x05, 0x11, 0x05, 0x05, 0x05, 0x0a, 0x05,
    0x05, 0x05, 0x05, 0x11, 0x05, 0x05, 0x05, 0x05, 0x05, 0x05, 0x0a, 0x05,
    0x11, 0x05, 0x05, 0x05, 0x05, 0x05, 0x05, 0x05, 0x05, 0x11, 0x0a, 0x05,
    0x05, 0x05, 0x05, 0x05, 0x05, 0x05, 0x11, 0x05, 0x05, 0x05, 0x0a, 0x05,
    0x05, 0x05, 0x05, 0x11, 0x05, 0x05, 0x05, 0x05, 0x05, 0x05, 0x0a, 0x05,
    0x11, 0x05, 0x05, 0x05, 0x05, 0x05, 0x05, 0x05, 0x0a, 0x05, 0x05, 0x0a,
    0x05, 0x05, 0x0a, 0x05, 0x0a, 0x05, 0x05, 0x05, 0x05, 0x05, 0x0a, 0x0b,
    0x05, 0x05, 0x0a, 0x05, 0x0a, 0x05, 0x05, 0x0a, 0x05, 0x05, 0x05, 0x05,
    0x05, 0x05, 0x05, 0x05, 0x05, 0x05, 0x0a, 0x05, 0x05, 0x05, 0x05, 0x05,
    0x05, 0x0a, 0x11, 0x05, 0x0a, 0x05, 0x05, 0x0a, 0x05, 0x05, 0x05, 0x11,
    0x05, 0x05, 0x05, 0x0a, 0x05, 0x05, 0x05, 0x0a, 0x11, 0x05, 0x0a, 0x05,
    0x05, 0x05, 0x0a, 0x05, 0x05, 0x12, 0x05, 0x0a, 0x05, 0x05, 0x0a, 0x05,
    0x05, 0x05, 0x12, 0x05, 0x05, 0x0a, 0x05, 0x0a, 0x05, 0x05, 0x0a, 0x11,
    0x05, 0x05, 0x0a, 0x05, 0x05, 0x0a, 0x05, 0x0a, 0x11, 0x05, 0x0a, 0x05,
    0x05, 0x05, 0x0a, 0x05, 0x05, 0x12, 0x05, 0x0a, 0x05, 0x05, 0x0a, 0x05,
    0x05, 0x05, 0x12, 0x05, 0x05, 0x0a, 0x05, 0x0a, 0x05, 0x05, 0x0a, 0x11,
    0x05, 0x05, 0x0a, 0x05, 0x05, 0x0a, 0x05, 0x0a, 0x11, 0x05, 0x0a, 0x05,
    0x05, 0x05, 0x0a, 0x05, 0x05, 0x12, 0x05, 0x0a, 0x05, 0x05, 0x0a, 0x05,
    0x05, 0x05, 0x12, 0x05, 0x05, 0x0a, 0x05, 0x0a, 0x05, 0x05, 0x0a, 0x11,
    0x05, 0x05, 0x0a, 0x05, 0x05, 0x0a, 0x05, 0x0a, 0x11, 0x05, 0x0a, 0x05,
    0x05, 0x05, 0x0a, 0x05, 0x05, 0x12, 0x05, 0x0a, 0x05, 0x05, 0x0a, 0x05,
    0x05, 0x05, 0x12, 0x05, 0x05, 0x0a, 0x05, 0x0a, 0x05, 0x05, 0x0a, 0x11,
    0x05, 0x05, 0x0a, 0x05, 0x05, 0x0a, 0x05, 0x0a, 0x11, 0x05, 0x0a, 0x05,
    0x11, 0x05, 0x05, 0x0a, 0x05, 0x05, 0x05, 0x05, 0x11, 0x05, 0x0a, 0x11,
    0x05, 0x0a, 0x11, 0x05, 0x07, 0x05, 0x05, 0x05, 0x05, 0x0a, 0x11, 0x05,
    0x05, 0x11, 0x0a, 0x05, 0x0a, 0x05, 0x12, 0x05, 0x0a, 0x05, 0x11, 0x05,
    0x0a, 0x11, 0x05, 0x0a, 0x05, 0x05, 0x05, 0x0a, 0x05, 0x05, 0x12, 0x05,
    0x05, 0x0a, 0x05, 0x0a, 0x0a, 0x05, 0x05, 0x11, 0x05, 0x0a, 0x05, 0x05,
    0x0a, 0x05, 0x05, 0x0a, 0x11, 0x05, 0x0a, 0x05, 0x05, 0x05, 0x05, 0x0a,
    0x05, 0x11, 0x0a, 0x05, 0x05, 0x0a, 0x05, 0x05, 0x05, 0x05, 0x12, 0x05,
    0x05, 0x0a, 0x05, 0x05, 0x0a, 0x05, 0x05, 0x12, 0x05, 0x05, 0x05, 0x0a,
    0x05, 0x05, 0x0a, 0x05, 0x11, 0x0a, 0x05, 0x05, 0x05, 0x05, 0x0a, 0x05,
    0x05, 0x12, 0x05, 0x05, 0x0a, 0x05, 0x05, 0x0a, 0x05, 0x05, 0x11, 0x0a,
    0x05, 0x05, 0x0a, 0x05, 0x05, 0x0a, 0x05, 0x11, 0x05, 0x05, 0x0a, 0x05,
    0x05, 0x0a, 0x05, 0x05, 0x12, 0x05, 0x05, 0x0a, 0x05, 0x05, 0x05, 0x0a,
    0x05, 0x11, 0x0a, 0x05, 0x05, 0x0a, 0x05, 0x05, 0x05, 0x05, 0x12, 0x05,
    0x05, 0x0a, 0x05, 0x05, 0x0a, 0x05, 0x05, 0x12, 0x05, 0x05, 0x05, 0x0a,
    0x05, 0x05, 0x0a, 0x05, 0x11, 0x0a, 0x05, 0x05, 0x05, 0x05, 0x0a, 0x05,
    0x05, 0x12, 0x05, 0x05, 0x0a, 0x05, 0x05, 0x0a, 0x05, 0x05, 0x11, 0x0a,
    0x05, 0x05, 0x0a, 0x05, 0x05, 0x0a, 0x05, 0x11, 0x05, 0x05, 0x0a, 0x05,
    0x05, 0x0a, 0x05, 0x05, 0x0a, 0x05, 0x05, 0x0a, 0x11, 0x05, 0x0a, 0x11,
    0x05, 0x0a, 0x05, 0x05, 0x05, 0x0a, 0x05, 0x05, 0x05, 0x03, 0x05, 0x0a,
    0x05, 0x05, 0x05, 0x0a, 0x05, 0x05, 0x0a, 0x05, 0x11, 0x05, 0x0a, 0x05,
    0x05, 0x05, 0x0a, 0x05, 0x05, 0x05, 0x0a, 0x05, 0x11, 0x0a, 0x05, 0x11,
    0x05, 0x05, 0x05, 0x0a, 0x05, 0x11, 0x05, 0x05, 0x11, 0x05, 0x0a, 0x05,
    0x05, 0x0a, 0x11, 0x05, 0x05, 0x11, 0x05, 0x05, 0x05, 0x05, 0x0a, 0x11,
    0x05, 0x0a, 0x11, 0x05, 0x05, 0x05, 0x05, 0x05, 0x11, 0x0a, 0x05, 0x11,
    0x0a, 0x05, 0x05, 0x05, 0x05, 0x11, 0x05, 0x05, 0x11, 0x0a, 0x05, 0x05,
    0x05, 0x05, 0x11, 0x05, 0x05, 0x11, 0x05, 0x05, 0x05, 0x0a, 0x05, 0x11,
    0x0a, 0x05, 0x11, 0x05, 0x05, 0x05, 0x05, 0x05, 0x11, 0x0a, 0x05, 0x11,
    0x05, 0x05, 0x05, 0x05, 0x05, 0x11, 0x05, 0x05, 0x11, 0x0a, 0x05, 0x05,
    0x0a, 0x05, 0x11, 0x05, 0x05, 0x11, 0x05, 0x05, 0x05, 0x0a, 0x05, 0x11,
    0x05, 0x05, 0x11, 0x05, 0x05, 0x05, 0x05, 0x05, 0x11, 0x0a, 0x05, 0x11,
    0x0a, 0x05, 0x05, 0x05, 0x05, 0x11, 0x05, 0x05, 0x11, 0x0a, 0x05, 0x05,
    0x05, 0x05, 0x11, 0x05, 0x05, 0x11, 0x05, 0x05, 0x05, 0x0a, 0x05, 0x11,
    0x0a, 0x05, 0x11, 0x05, 0x05, 0x05, 0x05, 0x05, 0x11, 0x0a, 0x05, 0x11,
    0x05, 0x05, 0x05, 0x05, 0x05, 0x11, 0x05, 0x05, 0x11, 0x0a, 0x05, 0x05,
    0x0a, 0x05, 0x11, 0x05, 0x05, 0x11, 0x05, 0x05, 0x05, 0x0a, 0x05, 0x05,
    0x05, 0x05, 0x05, 0x0a, 0x05, 0x05, 0x0a, 0x05, 0x05, 0x0a, 0x05, 0x05,
    0x05, 0x0a, 0x03, 0x05, 0x05, 0x12, 0x05, 0x05, 0x05, 0x05, 0x12, 0x05,
    0x05, 0x05, 0x05, 0x05, 0x05, 0x05, 0x11, 0x0a, 0x05, 0x05, 0x05, 0x05,
    0x05, 0x05, 0x0a, 0x05, 0x05, 0x0a, 0x05, 0x05, 0x05, 0x05, 0x0a, 0x05,
    0x05, 0x05, 0x05, 0x05, 0x0a, 0x05, 0x05, 0x05, 0x0a, 0x05, 0x05, 0x0a,
    0x0a, 0x05, 0x05, 0x05, 0x05, 0x05, 0x0a, 0x05, 0x05, 0x0a, 0x05, 0x0a,
    0x05, 0x05, 0x05, 0x05, 0x05, 0x0a, 0x05, 0x05, 0x0a, 0x05, 0x0a, 0x05,
    0x05, 0x0a, 0x05, 0x05, 0x0a, 0x05, 0x0a, 0x0a, 0x05, 0x0a, 0x05, 0x0a,
    0x05, 0x05, 0x05, 0x05, 0x05, 0x0a, 0x05, 0x05, 0x0a, 0x05, 0x0a, 0x05,
    0x05, 0x0a, 0x05, 0x05, 0x0a, 0x05, 0x0a, 0x0a, 0x05, 0x0a, 0x05, 0x0a,
    0x05, 0x05, 0x05, 0x05, 0x05, 0x0a, 0x05, 0x05, 0x0a, 0x05, 0x0a, 0x05,
    0x05, 0x0a, 0x05, 0x05, 0x0a, 0x05, 0x0a, 0x0a, 0x05, 0x0a, 0x05, 0x0a,
    0x05, 0x05, 0x05, 0x05, 0x05, 0x0a, 0x05, 0x05, 0x0a, 0x05, 0x0a, 0x05,
    0x05, 0x0a, 0x05, 0x05, 0x0a, 0x05, 0x0a, 0x0a, 0x05, 0x0a, 0x05, 0x0a,
    0x05, 0x05, 0x05, 0x05, 0x05, 0x0a, 0x05, 0x05, 0x0a, 0x05, 0x0a, 0x05,
    0x05, 0x0a, 0x05, 0x05, 0x0a, 0x05, 0x0a, 0x0a, 0x05, 0x0a, 0x05, 0x0a,
    0x05, 0x05, 0x05, 0x05, 0x05, 0x0a, 0x05, 0x05, 0x0a, 0x05, 0x0a, 0x05,
    0x05, 0x12, 0x05, 0x05, 0x12, 0x05, 0x05, 0x0a, 0x05, 0x05, 0x05, 0x05,
    0x11, 0x05, 0x05, 0x11, 0x05, 0x0a, 0x05, 0x03, 0x05, 0x05, 0x05, 0x0a,
    0x11, 0x05, 0x0a, 0x05, 0x05, 0x0a, 0x05, 0x0a, 0x11, 0x0a, 0x05, 0x05,
    0x05, 0x0a, 0x11, 0x0a, 0x05, 0x11, 0x0a, 0x05, 0x05, 0x0a, 0x05, 0x11,
    0x0a, 0x05, 0x11, 0x0a, 0x05, 0x0a, 0x0a, 0x05, 0x11, 0x05, 0x0a, 0x11,
    0x05, 0x0a, 0x05, 0x05, 0x05, 0x11, 0x0a, 0x05, 0x11, 0x0a, 0x05, 0x05,
    0x05, 0x0a, 0x11, 0x05, 0x0a, 0x11, 0x05, 0x0a, 0x05, 0x05, 0x05, 0x11,
    0x0a, 0x05, 0x11, 0x0a, 0x05, 0x05, 0x05, 0x05, 0x11, 0x05, 0x05, 0x11,
    0x05, 0x05, 0x05, 0x0a, 0x05, 0x11, 0x0a, 0x05, 0x11, 0x0a, 0x05, 0x05,
    0x0a, 0x05, 0x11, 0x0a, 0x05, 0x11, 0x05, 0x05, 0x05, 0x05, 0x05, 0x11,
    0x05, 0x05, 0x11, 0x0a, 0x05, 0x05, 0x0a, 0x05, 0x11, 0x0a, 0x05, 0x11,
    0x0a, 0x05, 0x05, 0x0a, 0x05, 0x11, 0x05, 0x05, 0x11, 0x05, 0x05, 0x05,
    0x05, 0x05, 0x11, 0x0a, 0x05, 0x11, 0x0a, 0x05, 0x05, 0x0a, 0x05, 0x11,
    0x0a, 0x05, 0x11, 0x0a, 0x05, 0x05, 0x05, 0x05, 0x11, 0x05, 0x05, 0x11,
    0x05, 0x05, 0x05, 0x0a, 0x05, 0x11, 0x0a, 0x05, 0x11, 0x0a, 0x05, 0x05,
    0x0a, 0x05, 0x11, 0x0a, 0x05, 0x11, 0x05, 0x05, 0x05, 0x05, 0x05, 0x11,
    0x05, 0x05, 0x11, 0x0a, 0x05, 0x05, 0x0a, 0x05, 0x11, 0x0a, 0x05, 0x11,
    0x0a, 0x05, 0x05, 0x0a, 0x05, 0x05, 0x05, 0x05, 0x05, 0x0a, 0x05, 0x11,
    0x05, 0x05, 0x12, 0x05, 0x05, 0x0a, 0x05, 0x0a, 0x05, 0x05, 0x05, 0x05,
    0x03, 0x0a, 0x05, 0x05, 0x05, 0x0a, 0x05, 0x05, 0x05, 0x05, 0x05, 0x05,
    0x05, 0x0a, 0x05, 0x05, 0x0a, 0x05, 0x05, 0x05, 0x0a, 0x05, 0x05, 0x05,
    0x05, 0x11, 0x05, 0x05, 0x0a, 0x05, 0x05, 0x05, 0x05, 0x05, 0x11, 0x05,
    0x05, 0x0a, 0x05, 0x05, 0x05, 0x05, 0x05, 0x12, 0x05, 0x05, 0x05, 0x05,
    0x0a, 0x05, 0x05, 0x0a, 0x11, 0x05, 0x05, 0x05, 0x05, 0x05, 0x05, 0x0a,
    0x05, 0x12, 0x05, 0x05, 0x0a, 0x05, 0x05, 0x05, 0x05, 0x0a, 0x11, 0x0a,
    0x05, 0x0a, 0x05, 0x05, 0x0a, 0x05, 0x05, 0x11, 0x05, 0x05, 0x05, 0x0a,
    0x05, 0x05, 0x0a, 0x05, 0x11, 0x05, 0x05, 0x05, 0x05, 0x0a, 0x05, 0x0a,
    0x05, 0x12, 0x05, 0x05, 0x0a, 0x05, 0x05, 0x05, 0x05, 0x05, 0x11, 0x0a,
    0x05, 0x05, 0x0a, 0x05, 0x05, 0x05, 0x05, 0x11, 0x05, 0x0a, 0x05, 0x0a,
    0x05, 0x0a, 0x05, 0x05, 0x12, 0x05, 0x05, 0x05, 0x05, 0x05, 0x05, 0x0a,
    0x05, 0x11, 0x0a, 0x05, 0x05, 0x05, 0x05, 0x05, 0x05, 0x0a, 0x11, 0x0a,
    0x05, 0x0a, 0x05, 0x05, 0x0a, 0x05, 0x05, 0x11, 0x05, 0x05, 0x05, 0x0a,
    0x05, 0x05, 0x0a, 0x05, 0x11, 0x05, 0x05, 0x05, 0x05, 0x0a, 0x05, 0x0a,
    0x05, 0x12, 0x05, 0x05, 0x0a, 0x05, 0x05, 0x05, 0x05, 0x05, 0x11, 0x0a,
    0x05, 0x05, 0x0a, 0x05, 0x05, 0x05, 0x05, 0x11, 0x05, 0x0a, 0x11, 0x0a,
    0x05, 0x05, 0x05, 0x0a, 0x05, 0x05, 0x0a, 0x05, 0x05, 0x0a, 0x05, 0x05,
    0x0a, 0x05, 0x12, 0x05, 0x0a, 0x03, 0x05, 0x0a, 0x05, 0x05, 0x05, 0x05,
    0x12, 0x05, 0x05, 0x12, 0x05, 0x05, 0x05, 0x05, 0x11, 0x0a, 0x05, 0x11,
    0x05, 0x05, 0x0a, 0x05, 0x0a, 0x05, 0x0a, 0x05, 0x05, 0x05, 0x0a, 0x05,
    0x0a, 0x05, 0x05, 0x05, 0x05, 0x0a, 0x05, 0x05, 0x0a, 0x05, 0x05, 0x05,
    0x05, 0x0a, 0x05, 0x05, 0x0a, 0x05, 0x05, 0x05, 0x05, 0x0a, 0x05, 0x05,
    0x0a, 0x05, 0x05, 0x0a, 0x05, 0x05, 0x05, 0x0a, 0x05, 0x05, 0x05, 0x0a,
    0x05, 0x05, 0x05, 0x05, 0x05, 0x0a, 0x05, 0x05, 0x0a, 0x05, 0x05, 0x0a,
    0x05, 0x0a, 0x05, 0x05, 0x05, 0x05, 0x05, 0x05, 0x05, 0x0a, 0x05, 0x05,
    0x0a, 0x05, 0x05, 0x05, 0x05, 0x0a, 0x05, 0x05, 0x0a, 0x05, 0x05, 0x0a,
    0x05, 0x0a, 0x05, 0x05, 0x05, 0x05, 0x05, 0x05, 0x05, 0x0a, 0x05, 0x05,
    0x0a, 0x05, 0x05, 0x05, 0x05, 0x0a, 0x05, 0x05, 0x0a, 0x05, 0x05, 0x0a,
    0x05, 0x0a, 0x05, 0x05, 0x05, 0x05, 0x05, 0x05, 0x05, 0x0a, 0x05, 0x05,
    0x0a, 0x05, 0x05, 0x05, 0x05, 0x0a, 0x05, 0x05, 0x0a, 0x05, 0x05, 0x0a,
    0x05, 0x0a, 0x05, 0x05, 0x05, 0x05, 0x05, 0x05, 0x05, 0x0a, 0x05, 0x05,
    0x0a, 0x05, 0x05, 0x05, 0x05, 0x0a, 0x05, 0x05, 0x0a, 0x05, 0x05, 0x0a,
    0x05, 0x0a, 0x05, 0x05, 0x05, 0x05, 0x05, 0x05, 0x05, 0x0a, 0x05, 0x05,
    0x0a, 0x05, 0x05, 0x05, 0x05, 0x0a, 0x11, 0x05, 0x05, 0x0a, 0x05, 0x05,
    0x05, 0x11, 0x05, 0x05, 0x11, 0x05, 0x05, 0x05, 0x0a, 0x05, 0x03, 0x05,
    0x05, 0x0a, 0x11, 0x05, 0x0a, 0x05, 0x05, 0x0a, 0x05, 0x05, 0x12, 0x05,
    0x05, 0x0a, 0x05, 0x05, 0x0a, 0x05, 0x05, 0x11, 0x05, 0x05, 0x12, 0x05,
    0x05, 0x12, 0x05, 0x05, 0x11, 0x05, 0x0a, 0x12, 0x05, 0x05, 0x11, 0x05,
    0x05, 0x12, 0x05, 0x0a, 0x11, 0x05, 0x0a, 0x11, 0x05, 0x05, 0x11, 0x0a,
    0x05, 0x11, 0x05, 0x0a, 0x11, 0x05, 0x0a, 0x11, 0x05, 0x05, 0x11, 0x05,
    0x05, 0x12, 0x05, 0x05, 0x11, 0x0a, 0x05, 0x11, 0x0a, 0x05, 0x11, 0x05,
    0x05, 0x11, 0x05, 0x05, 0x11, 0x0a, 0x05, 0x11, 0x0a, 0x05, 0x12, 0x05,
    0x05, 0x12, 0x05, 0x05, 0x12, 0x05, 0x05, 0x11, 0x0a, 0x05, 0x11, 0x05,
    0x05, 0x11, 0x05, 0x05, 0x11, 0x0a, 0x05, 0x11, 0x0a, 0x05, 0x12, 0x05,
    0x05, 0x12, 0x05, 0x05, 0x12, 0x05, 0x05, 0x11, 0x0a, 0x05, 0x11, 0x05,
    0x05, 0x11, 0x05, 0x05, 0x11, 0x0a, 0x05, 0x11, 0x0a, 0x05, 0x12, 0x05,
    0x05, 0x12, 0x05, 0x05, 0x12, 0x05, 0x05, 0x11, 0x0a, 0x05, 0x11, 0x05,
    0x05, 0x11, 0x05, 0x05, 0x11, 0x0a, 0x05, 0x11, 0x0a, 0x05, 0x12, 0x05,
    0x05, 0x12, 0x05, 0x05, 0x12, 0x05, 0x05, 0x11, 0x0a, 0x05, 0x11, 0x05,
    0x05, 0x11, 0x05, 0x05, 0x11, 0x0a, 0x05, 0x11, 0x0a, 0x05, 0x12, 0x05,
    0x05, 0x12, 0x05, 0x05, 0x12, 0x05, 0x05, 0x05, 0x0a, 0x05, 0x05, 0x0a,
    0x05, 0x11, 0x05, 0x0a, 0x11, 0x0a, 0x05, 0x0a, 0x05, 0x0a, 0x05, 0x05,
    0x05, 0x11, 0x05, 0x03, 0x05, 0x05, 0x05, 0x0a, 0x05, 0x05, 0x05, 0x05,
    0x05, 0x05, 0x05, 0x0a, 0x05, 0x05, 0x05, 0x05, 0x05, 0x0a, 0x05, 0x05,
    0x0a, 0x05, 0x05, 0x05, 0x05, 0x05, 0x05, 0x0a, 0x05, 0x05, 0x05, 0x05,
    0x05, 0x0a, 0x05, 0x0a, 0x05, 0x05, 0x05, 0x05, 0x05, 0x0a, 0x05, 0x05,
    0x0a, 0x05, 0x05, 0x0a, 0x05, 0x05, 0x0a, 0x05, 0x05, 0x05, 0x05, 0x05,
    0x0a, 0x05, 0x0a, 0x05, 0x05, 0x05, 0x05, 0x0a, 0x05, 0x05, 0x05, 0x0a,
    0x05, 0x05, 0x05, 0x0a, 0x05, 0x0a, 0x05, 0x0a, 0x05, 0x05, 0x05, 0x05,
    0x05, 0x0a, 0x05, 0x05, 0x0a, 0x05, 0x05, 0x05, 0x05, 0x05, 0x05, 0x0a,
    0x05, 0x05, 0x05, 0x05, 0x0a, 0x05, 0x0a, 0x05, 0x05, 0x0a, 0x05, 0x05,
    0x05, 0x05, 0x0a, 0x05, 0x05, 0x0a, 0x05, 0x05, 0x05, 0x05, 0x05, 0x0a,
    0x05, 0x05, 0x05, 0x05, 0x0a, 0x05, 0x0a, 0x05, 0x05, 0x0a, 0x05, 0x05,
    0x05, 0x05, 0x0a, 0x05, 0x05, 0x0a, 0x05, 0x05, 0x05, 0x05, 0x05, 0x0a,
    0x05, 0x05, 0x05, 0x05, 0x0a, 0x05, 0x0a, 0x05, 0x05, 0x0a, 0x05, 0x05,
    0x05, 0x05, 0x0a, 0x05, 0x05, 0x0a, 0x05, 0x05, 0x05, 0x05, 0x05, 0x0a,
    0x05, 0x05, 0x05, 0x05, 0x0a, 0x05, 0x0a, 0x05, 0x05, 0x0a, 0x05, 0x05,
    0x05, 0x05, 0x0a, 0x05, 0x05, 0x0a, 0x05, 0x05, 0x05, 0x05, 0x05, 0x0a,
    0x11, 0x05, 0x05, 0x11, 0x05, 0x0a, 0x05, 0x05, 0x05, 0x05, 0x05, 0x0a,
    0x05, 0x05, 0x05, 0x12, 0x05, 0x0a, 0x05, 0x0a, 0x03, 0x05, 0x0a, 0x05,
    0x05, 0x05, 0x12, 0x05, 0x0a, 0x11, 0x05, 0x0a, 0x05, 0x05, 0x12, 0x05,
    0x05, 0x12, 0x05, 0x05, 0x11, 0x0a, 0x05, 0x05, 0x0a, 0x05, 0x05, 0x0a,
    0x05, 0x05, 0x0a, 0x05, 0x05, 0x05, 0x05, 0x05, 0x0a, 0x05, 0x05, 0x0a,
    0x05, 0x05, 0x05, 0x05, 0x05, 0x05, 0x0a, 0x05, 0x05, 0x05, 0x05, 0x0a,
    0x05, 0x05, 0x0a, 0x05, 0x05, 0x05, 0x05, 0x0a, 0x05, 0x0a, 0x05, 0x05,
    0x05, 0x0a, 0x05, 0x05, 0x05, 0x0a, 0x05, 0x05, 0x05, 0x05, 0x05, 0x0a,
    0x05, 0x05, 0x0a, 0x05, 0x05, 0x0a, 0x05, 0x05, 0x05, 0x05, 0x0a, 0x05,
    0x05, 0x0a, 0x05, 0x05, 0x0a, 0x05, 0x05, 0x0a, 0x05, 0x05, 0x0a, 0x05,
    0x05, 0x0a, 0x05, 0x05, 0x0a, 0x05, 0x05, 0x05, 0x05, 0x05, 0x05, 0x05,
    0x0a, 0x05, 0x05, 0x0a, 0x05, 0x05, 0x0a, 0x05, 0x05, 0x0a, 0x05, 0x05,
    0x0a, 0x05, 0x05, 0x05, 0x0a, 0x05, 0x05, 0x05, 0x05, 0x05, 0x05, 0x05,
    0x0a, 0x05, 0x05, 0x0a, 0x05, 0x05, 0x0a, 0x05, 0x05, 0x0a, 0x05, 0x05,
    0x0a, 0x05, 0x05, 0x05, 0x0a, 0x05, 0x05, 0x05, 0x05, 0x05, 0x05, 0x05,
    0x0a, 0x05, 0x05, 0x0a, 0x05, 0x05, 0x0a, 0x05, 0x05, 0x0a, 0x05, 0x05,
    0x0a, 0x05, 0x05, 0x05, 0x0a, 0x05, 0x05, 0x05, 0x05, 0x05, 0x05, 0x05,
    0x0a, 0x05, 0x05, 0x0a, 0x05, 0x05, 0x0a, 0x05, 0x05, 0x0a, 0x05, 0x05,
    0x0a, 0x05, 0x05, 0x05, 0x11, 0x05, 0x05, 0x05, 0x05, 0x0a, 0x05, 0x05,
    0x05, 0x18, 0x05, 0x05, 0x12, 0x05, 0x05, 0x05, 0x0a, 0x05, 0x05, 0x0a,
    0x11, 0x05, 0x05, 0x0a, 0x05, 0x05, 0x05, 0x05, 0x05, 0x0a, 0x05, 0x05,
    0x12, 0x05, 0x05, 0x12, 0x05, 0x05, 0x11, 0x0a, 0x05, 0x12, 0x05, 0x05,
    0x11, 0x05, 0x05, 0x12, 0x05, 0x05, 0x12, 0x05, 0x0a, 0x11, 0x05, 0x05,
    0x12, 0x05, 0x05, 0x12, 0x05, 0x05, 0x11, 0x0a, 0x05, 0x11, 0x0a, 0x05,
    0x11, 0x05, 0x05, 0x12, 0x05, 0x05, 0x11, 0x0a, 0x05, 0x11, 0x05, 0x0a,
    0x11, 0x05, 0x0a, 0x11, 0x05, 0x05, 0x11, 0x0a, 0x05, 0x11, 0x05, 0x05,
    0x12, 0x05, 0x05, 0x11, 0x0a, 0x05, 0x11, 0x0a, 0x05, 0x11, 0x05, 0x0a,
    0x11, 0x05, 0x05, 0x11, 0x05, 0x05, 0x11, 0x05, 0x05, 0x11, 0x0a, 0x05,
    0x11, 0x0a, 0x0a, 0x11, 0x05, 0x0a, 0x11, 0x05, 0x05, 0x11, 0x05, 0x0a,
    0x11, 0x05, 0x05, 0x11, 0x05, 0x05, 0x12, 0x05, 0x05, 0x11, 0x0a, 0x05,
    0x12, 0x05, 0x0a, 0x11, 0x05, 0x0a, 0x11, 0x05, 0x05, 0x11, 0x05, 0x0a,
    0x11, 0x05, 0x05, 0x11, 0x05, 0x05, 0x12, 0x05, 0x05, 0x11, 0x0a, 0x05,
    0x12, 0x05, 0x0a, 0x11, 0x05, 0x0a, 0x11, 0x05, 0x05, 0x11, 0x05, 0x0a,
    0x11, 0x05, 0x05, 0x11, 0x05, 0x05, 0x12, 0x05, 0x05, 0x11, 0x0a, 0x05,
    0x12, 0x05, 0x0a, 0x11, 0x05, 0x0a, 0x11, 0x05, 0x05, 0x11, 0x05, 0x0a,
    0x05, 0x05, 0x05, 0x11, 0x05, 0x0a, 0x11, 0x0a, 0x05, 0x05, 0x0a, 0x0a,
    0x11, 0x05, 0x05, 0x05, 0x11, 0x05, 0x03, 0x05, 0x05, 0x05, 0x0a, 0x05,
    0x05, 0x05, 0x05, 0x05, 0x05, 0x05, 0x05, 0x0a, 0x05, 0x05, 0x12, 0x05,
    0x05, 0x0a, 0x05, 0x05, 0x05, 0x05, 0x05, 0x05, 0x05, 0x05, 0x05, 0x0a,
    0x05, 0x05, 0x05, 0x0a, 0x05, 0x0a, 0x05, 0x05, 0x05, 0x05, 0x05, 0x05,
    0x0a, 0x05, 0x05, 0x0a, 0x05, 0x05, 0x05, 0x05, 0x05, 0x05, 0x05, 0x0a,
    0x05, 0x05, 0x0a, 0x05, 0x05, 0x05, 0x0a, 0x05, 0x05, 0x0a, 0x05, 0x05,
    0x05, 0x0a, 0x05, 0x05, 0x05, 0x0a, 0x05, 0x05, 0x0a, 0x05, 0x05, 0x0a,
    0x05, 0x05, 0x0a, 0x05, 0x05, 0x0a, 0x05, 0x05, 0x05, 0x05, 0x05, 0x05,
    0x05, 0x0a, 0x05, 0x05, 0x05, 0x05, 0x0a, 0x05, 0x05, 0x0a, 0x05, 0x0a,
    0x05, 0x05, 0x0a, 0x05, 0x05, 0x05, 0x05, 0x05, 0x05, 0x05, 0x05, 0x0a,
    0x05, 0x0a, 0x05, 0x05, 0x05, 0x0a, 0x05, 0x05, 0x0a, 0x05, 0x05, 0x05,
    0x0a, 0x05, 0x05, 0x05, 0x05, 0x05, 0x0a, 0x05, 0x05, 0x05, 0x05, 0x0a,
    0x05, 0x0a, 0x05, 0x05, 0x05, 0x0a, 0x05, 0x05, 0x0a, 0x05, 0x05, 0x05,
    0x0a, 0x05, 0x05, 0x05, 0x05, 0x05, 0x0a, 0x05, 0x05, 0x05, 0x05, 0x0a,
    0x05, 0x0a, 0x05, 0x05, 0x05, 0x0a, 0x05, 0x05, 0x0a, 0x05, 0x05, 0x05,
    0x0a, 0x05, 0x05, 0x05, 0x05, 0x05, 0x0a, 0x05, 0x05, 0x05, 0x05, 0x0a,
    0x05, 0x0a, 0x05, 0x05, 0x05, 0x12, 0x05, 0x05, 0x0a, 0x05, 0x05, 0x05,
    0x05, 0x0a, 0x05, 0x05, 0x05, 0x0a, 0x05, 0x05, 0x0a, 0x0a, 0x05, 0x03,
    0x0a, 0x05, 0x05, 0x05, 0x12, 0x05, 0x05, 0x12, 0x05, 0x0a, 0x05, 0x05,
    0x11, 0x05, 0x05, 0x0a, 0x05, 0x05, 0x12, 0x05, 0x05, 0x12, 0x05, 0x0a,
    0x05, 0x0a, 0x11, 0x05, 0x05, 0x05, 0x11, 0x05, 0x05, 0x0a, 0x05, 0x11,
    0x0a, 0x05, 0x0a, 0x11, 0x05, 0x05, 0x05, 0x05, 0x11, 0x0a, 0x05, 0x0a,
    0x11, 0x0a, 0x05, 0x05, 0x05, 0x11, 0x05, 0x05, 0x05, 0x12, 0x05, 0x05,
    0x05, 0x05, 0x11, 0x0a, 0x05, 0x05, 0x11, 0x0a, 0x05, 0x05, 0x05, 0x11,
    0x05, 0x05, 0x05, 0x11, 0x05, 0x05, 0x05, 0x0a, 0x11, 0x05, 0x05, 0x0a,
    0x11, 0x0a, 0x05, 0x0a, 0x05, 0x11, 0x05, 0x0a, 0x05, 0x11, 0x0a, 0x05,
    0x05, 0x0a, 0x11, 0x05, 0x0a, 0x05, 0x11, 0x05, 0x0a, 0x05, 0x0a, 0x11,
    0x05, 0x0a, 0x05, 0x11, 0x05, 0x05, 0x05, 0x0a, 0x11, 0x05, 0x05, 0x0a,
    0x11, 0x05, 0x0a, 0x05, 0x05, 0x11, 0x0a, 0x05, 0x05, 0x12, 0x05, 0x05,
    0x05, 0x0a, 0x11, 0x05, 0x05, 0x05, 0x12, 0x05, 0x05, 0x05, 0x05, 0x12,
    0x05, 0x05, 0x0a, 0x11, 0x05, 0x05, 0x0a, 0x05, 0x11, 0x0a, 0x05, 0x05,
    0x11, 0x0a, 0x05, 0x05, 0x05, 0x11, 0x0a, 0x05, 0x05, 0x11, 0x05, 0x0a,
    0x05, 0x05, 0x12, 0x05, 0x05, 0x05, 0x12, 0x05, 0x05, 0x0a, 0x05, 0x11,
    0x05, 0x0a, 0x05, 0x11, 0x05, 0x05, 0x0a, 0x05, 0x05, 0x05, 0x0a, 0x05,
    0x05, 0x0a, 0x05, 0x05, 0x05, 0x05, 0x11, 0x0a, 0x05, 0x11, 0x05, 0x0a,
    0x05, 0x05, 0x05, 0x05, 0x18, 0x05, 0x05, 0x0a, 0x05, 0x05, 0x05, 0x0a,
    0x05, 0x05, 0x12, 0x05, 0x05, 0x0a, 0x05, 0x05, 0x05, 0x05, 0x05, 0x05,
    0x05, 0x05, 0x05, 0x0a, 0x05, 0x11, 0x05, 0x0a, 0x05, 0x0a, 0x05, 0x0a,
    0x05, 0x11, 0x05, 0x05, 0x05, 0x0a, 0x05, 0x05, 0x0a, 0x05, 0x12, 0x05,
    0x05, 0x0a, 0x05, 0x05, 0x05, 0x05, 0x0a, 0x11, 0x05, 0x0a, 0x05, 0x0a,
    0x05, 0x05, 0x0a, 0x05, 0x11, 0x0a, 0x05, 0x05, 0x05, 0x0a, 0x05, 0x05,
    0x05, 0x12, 0x05, 0x05, 0x0a, 0x05, 0x0a, 0x05, 0x0a, 0x05, 0x11, 0x0a,
    0x05, 0x05, 0x05, 0x05, 0x05, 0x05, 0x05, 0x12, 0x05, 0x05, 0x0a, 0x05,
    0x05, 0x05, 0x0a, 0x05, 0x11, 0x05, 0x05, 0x05, 0x05, 0x05, 0x0a, 0x05,
    0x05, 0x11, 0x05, 0x0a, 0x05, 0x05, 0x0a, 0x05, 0x05, 0x0a, 0x11, 0x05,
    0x05, 0x0a, 0x05, 0x05, 0x05, 0x05, 0x05, 0x12, 0x05, 0x05, 0x05, 0x0a,
    0x05, 0x05, 0x0a, 0x05, 0x11, 0x05, 0x0a, 0x05, 0x05, 0x0a, 0x05, 0x05,
    0x0a, 0x11, 0x05, 0x0a, 0x05, 0x05, 0x05, 0x05, 0x0a, 0x05, 0x11, 0x05,
    0x0a, 0x05, 0x05, 0x0a, 0x05, 0x05, 0x0a, 0x11, 0x05, 0x0a, 0x05, 0x05,
    0x0a, 0x05, 0x05, 0x0a, 0x11, 0x05, 0x05, 0x05, 0x0a, 0x05, 0x05, 0x05,
    0x0a, 0x11, 0x05, 0x0a, 0x05, 0x05, 0x0a, 0x05, 0x05, 0x0a, 0x05, 0x11,
    0x0a, 0x05, 0x11, 0x05, 0x05, 0x11, 0x05, 0x0a, 0x11, 0x0a, 0x05, 0x05,
    0x05, 0x0a, 0x05, 0x05, 0x05, 0x11, 0x05, 0x05, 0x0a, 0x03, 0x05, 0x05,
    0x05, 0x0a, 0x05, 0x05, 0x05, 0x05, 0x05, 0x05, 0x05, 0x0a, 0x05, 0x05,
    0x12, 0x05, 0x0a, 0x11, 0x0a, 0x05, 0x05, 0x05, 0x05, 0x05, 0x05, 0x05,
    0x05, 0x0a, 0x05, 0x11, 0x05, 0x0a, 0x05, 0x0a, 0x05, 0x05, 0x05, 0x11,
    0x05, 0x05, 0x05, 0x0a, 0x05, 0x05, 0x05, 0x05, 0x11, 0x05, 0x05, 0x05,
    0x0a, 0x05, 0x05, 0x0a, 0x05, 0x11, 0x05, 0x05, 0x05, 0x0a, 0x05, 0x05,
    0x0a, 0x05, 0x11, 0x0a, 0x05, 0x05, 0x05, 0x0a, 0x05, 0x05, 0x0a, 0x11,
    0x05, 0x0a, 0x05, 0x05, 0x05, 0x05, 0x0a, 0x0a, 0x11, 0x05, 0x0a, 0x05,
    0x05, 0x05, 0x05, 0x0a, 0x05, 0x11, 0x05, 0x05, 0x05, 0x0a, 0x05, 0x0a,
    0x05, 0x05, 0x11, 0x05, 0x0a, 0x05, 0x05, 0x05, 0x05, 0x05, 0x05, 0x11,
    0x0a, 0x05, 0x05, 0x0a, 0x05, 0x05, 0x05, 0x0a, 0x11, 0x0a, 0x05, 0x05,
    0x05, 0x0a, 0x05, 0x05, 0x05, 0x11, 0x05, 0x05, 0x0a, 0x05, 0x05, 0x05,
    0x05, 0x0a, 0x11, 0x05, 0x05, 0x05, 0x0a, 0x05, 0x05, 0x05, 0x0a, 0x11,
    0x05, 0x05, 0x0a, 0x05, 0x05, 0x05, 0x05, 0x05, 0x11, 0x05, 0x05, 0x05,
    0x05, 0x0a, 0x05, 0x05, 0x05, 0x11, 0x0a, 0x05, 0x05, 0x05, 0x0a, 0x05,
    0x05, 0x05, 0x12, 0x05, 0x05, 0x05, 0x05, 0x05, 0x05, 0x05, 0x05, 0x11,
    0x05, 0x0a, 0x05, 0x05, 0x05, 0x05, 0x0a, 0x05, 0x0a, 0x05, 0x05, 0x0a,
    0x05, 0x05, 0x05, 0x0a, 0x05, 0x05, 0x05, 0x0a, 0x05, 0x05, 0x0a, 0x05,
    0x11, 0x05, 0x03, 0x0a, 0x05, 0x11, 0x05, 0x0a, 0x11, 0x05, 0x0a, 0x11,
    0x05, 0x0a, 0x11, 0x05, 0x05, 0x0a, 0x05, 0x05, 0x05, 0x0a, 0x05, 0x12,
    0x0a, 0x05, 0x12, 0x0a, 0x05, 0x05, 0x05, 0x05, 0x05, 0x05, 0x05, 0x05,
    0x0a, 0x11, 0x05, 0x0a, 0x05, 0x0a, 0x05, 0x05, 0x05, 0x0a, 0x11, 0x05,
    0x0a, 0x0a, 0x05, 0x0a, 0x05, 0x05, 0x05, 0x11, 0x05, 0x05, 0x0a, 0x05,
    0x05, 0x0a, 0x05, 0x05, 0x11, 0x0a, 0x05, 0x05, 0x05, 0x0a, 0x05, 0x05,
    0x05, 0x11, 0x05, 0x05, 0x05, 0x05, 0x05, 0x0a, 0x05, 0x05, 0x11, 0x05,
    0x05, 0x05, 0x0a, 0x05, 0x05, 0x0a, 0x05, 0x11, 0x05, 0x0a, 0x05, 0x0a,
    0x05, 0x05, 0x05, 0x0a, 0x11, 0x0a, 0x05, 0x0a, 0x05, 0x05, 0x0a, 0x05,
    0x0a, 0x11, 0x0a, 0x05, 0x05, 0x05, 0x05, 0x05, 0x0a, 0x05, 0x11, 0x0a,
    0x05, 0x05, 0x05, 0x0a, 0x05, 0x05, 0x05, 0x12, 0x05, 0x0a, 0x05, 0x05,
    0x05, 0x05, 0x0a, 0x05, 0x11, 0x0a, 0x05, 0x05, 0x05, 0x0a, 0x05, 0x05,
    0x05, 0x11, 0x0a, 0x05, 0x05, 0x0a, 0x05, 0x05, 0x0a, 0x05, 0x11, 0x0a,
    0x05, 0x0a, 0x05, 0x0a, 0x05, 0x05, 0x05, 0x11, 0x0a, 0x05, 0x05, 0x05,
    0x0a, 0x05, 0x05, 0x0a, 0x11, 0x05, 0x0a, 0x05, 0x05, 0x0a, 0x05, 0x0a,
    0x05, 0x11, 0x0a, 0x05, 0x05, 0x0a, 0x05, 0x11, 0x05, 0x0a, 0x05, 0x05,
    0x05, 0x05, 0x0a, 0x05, 0x05, 0x05, 0x05, 0x11, 0x0a, 0x05, 0x11, 0x05,
    0x05, 0x12, 0x05, 0x05, 0x0a, 0x05, 0x05, 0x18, 0x05, 0x05, 0x0a, 0x05,
    0x05, 0x0a, 0x05, 0x05, 0x0a, 0x05, 0x05, 0x05, 0x0a, 0x05, 0x05, 0x05,
    0x05, 0x05, 0x05, 0x05, 0x05, 0x05, 0x05, 0x05, 0x05, 0x0a, 0x11, 0x05,
    0x0a, 0x0a, 0x05, 0x11, 0x05, 0x05, 0x05, 0x0a, 0x05, 0x05, 0x05, 0x12,
    0x05, 0x05, 0x05, 0x0a, 0x05, 0x05, 0x05, 0x05, 0x11, 0x0a, 0x05, 0x05,
    0x0a, 0x05, 0x05, 0x0a, 0x05, 0x11, 0x05, 0x05, 0x05, 0x0a, 0x05, 0x05,
    0x05, 0x05, 0x11, 0x0a, 0x05, 0x0a, 0x05, 0x0a, 0x05, 0x05, 0x0a, 0x11,
    0x05, 0x0a, 0x05, 0x0a, 0x05, 0x05, 0x0a, 0x05, 0x11, 0x05, 0x05, 0x0a,
    0x05, 0x05, 0x05, 0x05, 0x05, 0x12, 0x05, 0x05, 0x05, 0x05, 0x05, 0x05,
    0x05, 0x05, 0x11, 0x05, 0x05, 0x05, 0x0a, 0x05, 0x05, 0x0a, 0x05, 0x11,
    0x0a, 0x05, 0x05, 0x05, 0x05, 0x05, 0x05, 0x05, 0x12, 0x05, 0x05, 0x05,
    0x05, 0x05, 0x0a, 0x05, 0x0a, 0x11, 0x05, 0x0a, 0x05, 0x05, 0x05, 0x05,
    0x0a, 0x05, 0x11, 0x0a, 0x05, 0x05, 0x0a, 0x05, 0x05, 0x05, 0x0a, 0x11,
    0x05, 0x05, 0x0a, 0x05, 0x05, 0x0a, 0x05, 0x05, 0x11, 0x0a, 0x05, 0x05,
    0x0a, 0x05, 0x05, 0x05, 0x05, 0x11, 0x05, 0x05, 0x05, 0x05, 0x05, 0x0a,
    0x05, 0x05, 0x11, 0x0a, 0x05, 0x05, 0x0a, 0x05, 0x05, 0x0a, 0x05, 0x05,
    0x05, 0x0a, 0x11, 0x05, 0x05, 0x12, 0x05, 0x05, 0x12, 0x05, 0x0a, 0x05,
    0x05, 0x05, 0x0a, 0x05, 0x05, 0x0a, 0x05, 0x05, 0x05, 0x0a, 0x05, 0x05,
    0x03, 0x05, 0x05, 0x05, 0x05, 0x05, 0x05, 0x05, 0x05, 0x0a, 0x05, 0x05,
    0x0a, 0x05, 0x11, 0x05, 0x0a, 0x12, 0x05, 0x05, 0x12, 0x05, 0x05, 0x05,
    0x05, 0x05, 0x05, 0x0a, 0x05, 0x11, 0x05, 0x0a, 0x0a, 0x05, 0x05, 0x0a,
    0x05, 0x11, 0x05, 0x05, 0x0a, 0x05, 0x05, 0x11, 0x05, 0x0a, 0x11, 0x05,
    0x05, 0x05, 0x0a, 0x05, 0x11, 0x0a, 0x05, 0x11, 0x05, 0x0a, 0x05, 0x0a,
    0x05, 0x11, 0x05, 0x05, 0x12, 0x05, 0x05, 0x0a, 0x05, 0x05, 0x11, 0x05,
    0x0a, 0x11, 0x05, 0x0a, 0x05, 0x05, 0x05, 0x11, 0x0a, 0x05, 0x11, 0x05,
    0x05, 0x0a, 0x05, 0x05, 0x11, 0x0a, 0x05, 0x11, 0x0a, 0x05, 0x05, 0x0a,
    0x05, 0x11, 0x0a, 0x05, 0x11, 0x0a, 0x05, 0x0a, 0x05, 0x05, 0x11, 0x05,
    0x05, 0x11, 0x0a, 0x05, 0x05, 0x0a, 0x05, 0x11, 0x0a, 0x05, 0x12, 0x05,
    0x05, 0x05, 0x0a, 0x05, 0x12, 0x05, 0x05, 0x11, 0x05, 0x05, 0x0a, 0x05,
    0x05, 0x11, 0x0a, 0x05, 0x11, 0x0a, 0x05, 0x05, 0x05, 0x05, 0x12, 0x05,
    0x05, 0x11, 0x05, 0x05, 0x05, 0x05, 0x05, 0x11, 0x05, 0x05, 0x11, 0x05,
    0x05, 0x05, 0x0a, 0x05, 0x11, 0x05, 0x0a, 0x11, 0x0a, 0x0a, 0x05, 0x0a,
    0x05, 0x12, 0x05, 0x05, 0x11, 0x05, 0x05, 0x05, 0x05, 0x05, 0x11, 0x0a,
    0x05, 0x11, 0x05, 0x05, 0x12, 0x05, 0x05, 0x05, 0x0a, 0x05, 0x05, 0x05,
    0x05, 0x05, 0x05, 0x11, 0x0a, 0x05, 0x05, 0x0a, 0x05, 0x05, 0x11, 0x05,
    0x05, 0x12, 0x05, 0x05, 0x0a, 0x03, 0x0a, 0x05, 0x05, 0x12, 0x05, 0x0a,
    0x11, 0x05, 0x05, 0x11, 0x05, 0x05, 0x05, 0x0a, 0x05, 0x05, 0x05, 0x05,
    0x0a, 0x05, 0x05, 0x0a, 0x12, 0x05, 0x05, 0x11, 0x05, 0x0a, 0x05, 0x05,
    0x05, 0x05, 0x05, 0x12, 0x05, 0x05, 0x0a, 0x05, 0x05, 0x05, 0x0a, 0x05,
    0x05, 0x0a, 0x05, 0x05, 0x0a, 0x05, 0x05, 0x05, 0x05, 0x05, 0x05, 0x0a,
    0x05, 0x05, 0x05, 0x05, 0x0a, 0x05, 0x05, 0x0a, 0x05, 0x05, 0x0a, 0x05,
    0x05, 0x05, 0x05, 0x05, 0x05, 0x05, 0x05, 0x05, 0x05, 0x05, 0x0a, 0x05,
    0x05, 0x05, 0x0a, 0x05, 0x05, 0x0a, 0x05, 0x05, 0x0a, 0x05, 0x05, 0x05,
    0x0a, 0x05, 0x05, 0x05, 0x05, 0x0a, 0x05, 0x05, 0x0a, 0x05, 0x05, 0x0a,
    0x05, 0x0a, 0x05, 0x0a, 0x05, 0x05, 0x0a, 0x05, 0x05, 0x05, 0x05, 0x05,
    0x0a, 0x05, 0x05, 0x0a, 0x05, 0x05, 0x0a, 0x05, 0x05, 0x05, 0x0a, 0x05,
    0x05, 0x0a, 0x05, 0x05, 0x05, 0x05, 0x0a, 0x05, 0x05, 0x05, 0x05, 0x05,
    0x0a, 0x05, 0x05, 0x05, 0x05, 0x0a, 0x0a, 0x05, 0x05, 0x0a, 0x0a, 0x05,
    0x0a, 0x05, 0x0a, 0x05, 0x0a, 0x05, 0x05, 0x05, 0x0a, 0x05, 0x05, 0x05,
    0x05, 0x05, 0x05, 0x05, 0x05, 0x0a, 0x05, 0x05, 0x0a, 0x05, 0x0a, 0x0a,
    0x05, 0x05, 0x0a, 0x05, 0x05, 0x05, 0x0a, 0x05, 0x05, 0x05, 0x0a, 0x05,
    0x05, 0x05, 0x0a, 0x05, 0x0a, 0x11, 0x05, 0x0a, 0x05, 0x05, 0x05, 0x11,
    0x05, 0x0a, 0x05, 0x0a, 0x05, 0x05, 0x0a, 0x05, 0x05, 0x05, 0x18, 0x05,
    0x05, 0x0a, 0x05, 0x05, 0x0a, 0x05, 0x05, 0x0a, 0x0a, 0x05, 0x05, 0x12,
    0x05, 0x05, 0x05, 0x05, 0x0a, 0x05, 0x05, 0x05, 0x05, 0x05, 0x0a, 0x0a,
    0x05, 0x05, 0x05, 0x05, 0x0a, 0x11, 0x05, 0x05, 0x05, 0x05, 0x05, 0x0a,
    0x05, 0x11, 0x0a, 0x05, 0x11, 0x0a, 0x05, 0x05, 0x05, 0x0a, 0x11, 0x0a,
    0x05, 0x12, 0x05, 0x05, 0x05, 0x0a, 0x05, 0x11, 0x05, 0x05, 0x11, 0x0a,
    0x05, 0x05, 0x05, 0x05, 0x12, 0x05, 0x0a, 0x12, 0x05, 0x0a, 0x05, 0x0a,
    0x05, 0x11, 0x0a, 0x05, 0x11, 0x05, 0x05, 0x05, 0x0a, 0x05, 0x11, 0x05,
    0x05, 0x12, 0x05, 0x05, 0x0a, 0x05, 0x05, 0x12, 0x05, 0x05, 0x11, 0x05,
    0x05, 0x05, 0x05, 0x05, 0x11, 0x05, 0x05, 0x11, 0x0a, 0x05, 0x05, 0x0a,
    0x05, 0x11, 0x0a, 0x05, 0x11, 0x05, 0x05, 0x05, 0x05, 0x05, 0x11, 0x05,
    0x05, 0x11, 0x05, 0x0a, 0x05, 0x05, 0x0a, 0x11, 0x05, 0x0a, 0x11, 0x05,
    0x05, 0x0a, 0x05, 0x05, 0x12, 0x05, 0x05, 0x12, 0x05, 0x05, 0x05, 0x05,
    0x05, 0x12, 0x05, 0x05, 0x11, 0x05, 0x0a, 0x05, 0x05, 0x05, 0x12, 0x05,
    0x05, 0x11, 0x0a, 0x05, 0x05, 0x0a, 0x05, 0x11, 0x05, 0x05, 0x11, 0x05,
    0x05, 0x05, 0x05, 0x05, 0x11, 0x05, 0x0a, 0x11, 0x05, 0x05, 0x0a, 0x05,
    0x05, 0x0a, 0x05, 0x05, 0x0a, 0x11, 0x05, 0x05, 0x11, 0x05, 0x0a, 0x05,
    0x05, 0x0a, 0x05, 0x0a, 0x05, 0x05, 0x11, 0x05, 0x0a, 0x05, 0x05, 0x05,
    0x11, 0x05, 0x05, 0x03, 0x05, 0x05, 0x05, 0x05, 0x05, 0x05, 0x05, 0x11,
    0x05, 0x05, 0x05, 0x0a, 0x05, 0x05, 0x0a, 0x11, 0x05, 0x0a, 0x11, 0x05,
    0x0a, 0x11, 0x05, 0x05, 0x05, 0x0a, 0x05, 0x05, 0x0a, 0x05, 0x05, 0x0a,
    0x0a, 0x05, 0x05, 0x12, 0x05, 0x05, 0x05, 0x05, 0x05, 0x05, 0x05, 0x05,
    0x11, 0x0a, 0x05, 0x05, 0x05, 0x0a, 0x05, 0x05, 0x0a, 0x11, 0x05, 0x0a,
    0x05, 0x0a, 0x05, 0x05, 0x05, 0x0a, 0x11, 0x05, 0x05, 0x05, 0x05, 0x05,
    0x05, 0x05, 0x05, 0x12, 0x05, 0x05, 0x0a, 0x05, 0x05, 0x0a, 0x0a, 0x05,
    0x11, 0x05, 0x05, 0x0a, 0x05, 0x05, 0x05, 0x05, 0x05, 0x11, 0x05, 0x05,
    0x0a, 0x05, 0x05, 0x0a, 0x05, 0x0a, 0x11, 0x0a, 0x05, 0x05, 0x0a, 0x05,
    0x05, 0x05, 0x05, 0x11, 0x05, 0x05, 0x0a, 0x05, 0x05, 0x0a, 0x05, 0x0a,
    0x11, 0x05, 0x0a, 0x0a, 0x05, 0x0a, 0x05, 0x05, 0x05, 0x11, 0x05, 0x05,
    0x05, 0x0a, 0x05, 0x05, 0x05, 0x0a, 0x11, 0x05, 0x0a, 0x05, 0x05, 0x05,
    0x0a, 0x05, 0x05, 0x12, 0x05, 0x05, 0x05, 0x05, 0x05, 0x05, 0x05, 0x05,
    0x11, 0x05, 0x05, 0x0a, 0x05, 0x05, 0x05, 0x0a, 0x05, 0x11, 0x0a, 0x05,
    0x0a, 0x0a, 0x05, 0x05, 0x0a, 0x0a, 0x11, 0x05, 0x0a, 0x05, 0x05, 0x05,
    0x0a, 0x05, 0x05, 0x11, 0x05, 0x05, 0x12, 0x05, 0x05, 0x05, 0x0a, 0x05,
    0x05, 0x0a, 0x05, 0x05, 0x05, 0x05, 0x11, 0x05, 0x05, 0x0a, 0x05, 0x05,
    0x05, 0x05, 0x12, 0x05, 0x05, 0x0a, 0x0a, 0x05, 0x03, 0x0a, 0x05, 0x0a,
    0x11, 0x0a, 0x05, 0x0a, 0x05, 0x05, 0x0a, 0x11, 0x05, 0x05, 0x05, 0x0a,
    0x05, 0x05, 0x05, 0x05, 0x05, 0x0a, 0x05, 0x05, 0x05, 0x11, 0x05, 0x0a,
    0x11, 0x05, 0x05, 0x05, 0x05, 0x11, 0x05, 0x0a, 0x05, 0x05, 0x0a, 0x05,
    0x0a, 0x05, 0x0a, 0x05, 0x05, 0x0a, 0x05, 0x05, 0x05, 0x05, 0x05, 0x05,
    0x05, 0x0a, 0x05, 0x05, 0x05, 0x05, 0x0a, 0x05, 0x05, 0x0a, 0x05, 0x05,
    0x0a, 0x0a, 0x05, 0x05, 0x05, 0x0a, 0x05, 0x05, 0x05, 0x05, 0x05, 0x05,
    0x05, 0x05, 0x05, 0x05, 0x0a, 0x05, 0x05, 0x0a, 0x05, 0x05, 0x0a, 0x05,
    0x0a, 0x05, 0x05, 0x0a, 0x05, 0x05, 0x05, 0x0a, 0x05, 0x05, 0x05, 0x0a,
    0x05, 0x05, 0x0a, 0x05, 0x05, 0x0a, 0x05, 0x0a, 0x05, 0x05, 0x0a, 0x05,
    0x05, 0x05, 0x05, 0x0a, 0x05, 0x05, 0x05, 0x05, 0x05, 0x05, 0x0a, 0x05,
    0x05, 0x0a, 0x0a, 0x05, 0x05, 0x0a, 0x05, 0x05, 0x05, 0x0a, 0x05, 0x05,
    0x05, 0x05, 0x05, 0x05, 0x0a, 0x05, 0x05, 0x05, 0x0a, 0x05, 0x05, 0x0a,
    0x05, 0x0a, 0x0a, 0x05, 0x05, 0x0a, 0x05, 0x05, 0x05, 0x0a, 0x05, 0x05,
    0x05, 0x05, 0x05, 0x05, 0x05, 0x05, 0x05, 0x05, 0x0a, 0x05, 0x05, 0x05,
    0x0a, 0x05, 0x05, 0x0a, 0x05, 0x05, 0x0a, 0x05, 0x0a, 0x05, 0x05, 0x05,
    0x05, 0x05, 0x11, 0x05, 0x0a, 0x05, 0x05, 0x0a, 0x11, 0x05, 0x0a, 0x05,
    0x05, 0x05, 0x12, 0x05, 0x0a, 0x05, 0x05, 0x05, 0x0a, 0x05, 0x05, 0x05,
    0x0a, 0x03, 0x05, 0x05, 0x05, 0x0a, 0x05, 0x11, 0x0a, 0x05, 0x05, 0x0a,
    0x05, 0x05, 0x0a, 0x11, 0x05, 0x05, 0x0a, 0x11, 0x05, 0x0a, 0x05, 0x05,
    0x0a, 0x0a, 0x05, 0x05, 0x05, 0x05, 0x0a, 0x11, 0x05, 0x0a, 0x05, 0x05,
    0x05, 0x05, 0x05, 0x11, 0x0a, 0x05, 0x11, 0x05, 0x0a, 0x05, 0x05, 0x05,
    0x12, 0x05, 0x0a, 0x11, 0x05, 0x0a, 0x05, 0x05, 0x05, 0x12, 0x05, 0x05,
    0x11, 0x05, 0x0a, 0x05, 0x05, 0x05, 0x11, 0x0a, 0x05, 0x11, 0x0a, 0x05,
    0x05, 0x0a, 0x05, 0x12, 0x05, 0x0a, 0x11, 0x05, 0x05, 0x05, 0x0a, 0x05,
    0x11, 0x05, 0x05, 0x11, 0x0a, 0x05, 0x05, 0x0a, 0x05, 0x11, 0x05, 0x0a,
    0x11, 0x05, 0x05, 0x05, 0x05, 0x05, 0x11, 0x05, 0x05, 0x11, 0x05, 0x0a,
    0x05, 0x05, 0x0a, 0x11, 0x05, 0x0a, 0x11, 0x05, 0x05, 0x05, 0x0a, 0x05,
    0x11, 0x05, 0x05, 0x11, 0x0a, 0x05, 0x05, 0x05, 0x05, 0x12, 0x05, 0x05,
    0x11, 0x0a, 0x05, 0x05, 0x0a, 0x05, 0x12, 0x05, 0x05, 0x11, 0x05, 0x05,
    0x0a, 0x05, 0x05, 0x12, 0x05, 0x05, 0x11, 0x05, 0x0a, 0x05, 0x05, 0x0a,
    0x11, 0x05, 0x0a, 0x11, 0x05, 0x0a, 0x05, 0x0a, 0x05, 0x11, 0x0a, 0x05,
    0x11, 0x05, 0x05, 0x05, 0x05, 0x05, 0x11, 0x05, 0x0a, 0x11, 0x05, 0x05,
    0x11, 0x05, 0x0a, 0x05, 0x0a, 0x05, 0x0a, 0x05, 0x05, 0x05, 0x11, 0x05,
    0x05, 0x0a, 0x05, 0x05, 0x0a, 0x05, 0x05, 0x05, 0x05, 0x05, 0x12, 0x05,
    0x05, 0x05, 0x11, 0x05, 0x05, 0x11, 0x03, 0x05, 0x05, 0x05, 0x05, 0x05,
    0x05, 0x05, 0x05, 0x11, 0x05, 0x05, 0x0a, 0x05, 0x05, 0x05, 0x0a, 0x05,
    0x05, 0x0a, 0x05, 0x11, 0x05, 0x05, 0x11, 0x05, 0x0a, 0x05, 0x05, 0x0a,
    0x05, 0x05, 0x0a, 0x05, 0x05, 0x12, 0x05, 0x05, 0x05, 0x05, 0x05, 0x05,
    0x05, 0x11, 0x0a, 0x05, 0x05, 0x05, 0x05, 0x0a, 0x05, 0x05, 0x11, 0x05,
    0x05, 0x0a, 0x05, 0x05, 0x0a, 0x05, 0x05, 0x11, 0x05, 0x0a, 0x05, 0x05,
    0x05, 0x05, 0x0a, 0x05, 0x11, 0x0a, 0x05, 0x05, 0x05, 0x0a, 0x05, 0x05,
    0x0a, 0x11, 0x05, 0x05, 0x0a, 0x05, 0x0a, 0x05, 0x05, 0x05, 0x11, 0x05,
    0x05, 0x0a, 0x05, 0x05, 0x05, 0x05, 0x0a, 0x12, 0x05, 0x05, 0x0a, 0x05,
    0x0a, 0x05, 0x05, 0x0a, 0x11, 0x05, 0x05, 0x05, 0x05, 0x05, 0x05, 0x0a,
    0x05, 0x11, 0x0a, 0x05, 0x0a, 0x0a, 0x05, 0x0a, 0x05, 0x05, 0x11, 0x05,
    0x05, 0x0a, 0x05, 0x05, 0x05, 0x0a, 0x05, 0x11, 0x05, 0x05, 0x05, 0x0a,
    0x05, 0x05, 0x0a, 0x05, 0x11, 0x0a, 0x05, 0x05, 0x05, 0x05, 0x05, 0x05,
    0x05, 0x11, 0x05, 0x05, 0x0a, 0x05, 0x05, 0x05, 0x05, 0x0a, 0x11, 0x05,
    0x0a, 0x05, 0x05, 0x0a, 0x05, 0x05, 0x0a, 0x11, 0x0a, 0x0a, 0x05, 0x05,
    0x0a, 0x05, 0x05, 0x05, 0x0a, 0x05, 0x05, 0x05, 0x11, 0x05, 0x0a, 0x11,
    0x05, 0x0a, 0x05, 0x0a, 0x05, 0x05, 0x05, 0x05, 0x11, 0x0a, 0x05, 0x12,
    0x05, 0x05, 0x05, 0x0a, 0x05, 0x05, 0x0a, 0x0a, 0x05, 0x0a, 0x05, 0x03,
    0x0a, 0x05, 0x12, 0x05, 0x05, 0x0a, 0x05, 0x0a, 0x05, 0x05, 0x0a, 0x11,
    0x05, 0x05, 0x0a, 0x11, 0x05, 0x05, 0x05, 0x05, 0x0a, 0x05, 0x05, 0x05,
    0x0a, 0x05, 0x11, 0x05, 0x05, 0x05, 0x05, 0x11, 0x05, 0x0a, 0x05, 0x0a,
    0x05, 0x0a, 0x05, 0x0a, 0x0a, 0x05, 0x05, 0x05, 0x12, 0x05, 0x05, 0x05,
    0x05, 0x0a, 0x05, 0x05, 0x0a, 0x11, 0x05, 0x05, 0x05, 0x0a, 0x05, 0x05,
    0x0a, 0x05, 0x11, 0x0a, 0x05, 0x05, 0x0a, 0x05, 0x05, 0x05, 0x05, 0x11,
    0x05, 0x05, 0x05, 0x05, 0x05, 0x0a, 0x05, 0x05, 0x11, 0x05, 0x05, 0x05,
    0x0a, 0x05, 0x0a, 0x05, 0x05, 0x12, 0x05, 0x05, 0x0a, 0x05, 0x05, 0x05,
    0x05, 0x05, 0x12, 0x05, 0x05, 0x0a, 0x05, 0x05, 0x05, 0x05, 0x0a, 0x11,
    0x05, 0x0a, 0x05, 0x05, 0x05, 0x0a, 0x05, 0x05, 0x11, 0x05, 0x05, 0x05,
    0x05, 0x0a, 0x05, 0x0a, 0x05, 0x11, 0x05, 0x05, 0x05, 0x0a, 0x05, 0x05,
    0x0a, 0x05, 0x11, 0x05, 0x05, 0x0a, 0x05, 0x05, 0x0a, 0x05, 0x05, 0x11,
    0x05, 0x0a, 0x05, 0x0a, 0x0a, 0x05, 0x0a, 0x05, 0x11, 0x05, 0x0a, 0x05,
    0x05, 0x0a, 0x05, 0x05, 0x05, 0x11, 0x05, 0x05, 0x05, 0x05, 0x0a, 0x05,
    0x05, 0x05, 0x11, 0x05, 0x0a, 0x05, 0x05, 0x05, 0x0a, 0x05, 0x05, 0x0a,
    0x05, 0x05, 0x05, 0x05, 0x05, 0x05, 0x0a, 0x05, 0x05, 0x0a, 0x11, 0x0a,
    0x05, 0x05, 0x05, 0x05, 0x05, 0x0a, 0x05, 0x05, 0x05, 0x11, 0x05, 0x05,
    0x05, 0x05, 0x05, 0x0a, 0x03, 0x05, 0x05, 0x05, 0x0a, 0x05, 0x11, 0x0a,
    0x05, 0x05, 0x0a, 0x05, 0x05, 0x05, 0x0a, 0x05, 0x05, 0x0a, 0x05, 0x11,
    0x0a, 0x05, 0x05, 0x0a, 0x05, 0x05, 0x05, 0x0a, 0x05, 0x12, 0x05, 0x0a,
    0x05, 0x05, 0x05, 0x05, 0x05, 0x11, 0x05, 0x05, 0x11, 0x05, 0x0a, 0x05,
    0x05, 0x05, 0x0a, 0x05, 0x11, 0x0a, 0x05, 0x11, 0x0a, 0x05, 0x05, 0x0a,
    0x05, 0x11, 0x05, 0x05, 0x12, 0x05, 0x05, 0x05, 0x05, 0x05, 0x12, 0x05,
    0x05, 0x11, 0x0a, 0x05, 0x0a, 0x0a, 0x05, 0x11, 0x0a, 0x05, 0x11, 0x0a,
    0x05, 0x0a, 0x05, 0x05, 0x11, 0x05, 0x05, 0x12, 0x05, 0x05, 0x05, 0x05,
    0x05, 0x12, 0x05, 0x05, 0x12, 0x05, 0x05, 0x05, 0x05, 0x05, 0x11, 0x0a,
    0x05, 0x11, 0x0a, 0x05, 0x05, 0x0a, 0x05, 0x11, 0x0a, 0x05, 0x11, 0x05,
    0x05, 0x0a, 0x05, 0x05, 0x11, 0x05, 0x05, 0x11, 0x0a, 0x05, 0x05, 0x0a,
    0x05, 0x11, 0x0a, 0x05, 0x11, 0x05, 0x0a, 0x05, 0x0a, 0x05, 0x11, 0x05,
    0x05, 0x11, 0x0a, 0x05, 0x05, 0x0a, 0x05, 0x11, 0x05, 0x05, 0x11, 0x0a,
    0x05, 0x05, 0x0a, 0x05, 0x11, 0x05, 0x05, 0x11, 0x0a, 0x05, 0x05, 0x0a,
    0x05, 0x11, 0x0a, 0x05, 0x11, 0x05, 0x0a, 0x05, 0x05, 0x05, 0x11, 0x05,
    0x0a, 0x11, 0x05, 0x05, 0x12, 0x05, 0x0a, 0x0a, 0x05, 0x05, 0x12, 0x05,
    0x05, 0x11, 0x05, 0x05, 0x0a, 0x05, 0x05, 0x0a, 0x05, 0x05, 0x0a, 0x11,
    0x0a, 0x05, 0x0a, 0x05, 0x05, 0x12, 0x05, 0x05, 0x05, 0x18, 0x05, 0x05,
    0x05, 0x05, 0x05, 0x05, 0x05, 0x11, 0x05, 0x05, 0x11, 0x05, 0x0a, 0x11,
    0x05, 0x05, 0x05, 0x0a, 0x05, 0x05, 0x05, 0x11, 0x0a, 0x05, 0x11, 0x0a,
    0x05, 0x05, 0x05, 0x0a, 0x05, 0x05, 0x0a, 0x11, 0x05, 0x0a, 0x05, 0x05,
    0x0a, 0x05, 0x05, 0x11, 0x0a, 0x05, 0x05, 0x0a, 0x05, 0x05, 0x05, 0x05,
    0x05, 0x05, 0x05, 0x05, 0x0a, 0x05, 0x05, 0x0a, 0x05, 0x05, 0x05, 0x0a,
    0x05, 0x05, 0x0a, 0x05, 0x05, 0x05, 0x0a, 0x05, 0x05, 0x05, 0x05, 0x05,
    0x0a, 0x05, 0x05, 0x05, 0x05, 0x05, 0x0a, 0x05, 0x0a, 0x0a, 0x05, 0x05,
    0x05, 0x0a, 0x05, 0x05, 0x0a, 0x05, 0x05, 0x05, 0x0a, 0x05, 0x05, 0x0a,
    0x05, 0x0a, 0x05, 0x05, 0x05, 0x0a, 0x05, 0x05, 0x05, 0x05, 0x05, 0x05,
    0x0a, 0x05, 0x05, 0x0a, 0x05, 0x05, 0x0a, 0x05, 0x0a, 0x0a, 0x05, 0x05,
    0x05, 0x05, 0x0a, 0x05, 0x05, 0x0a, 0x05, 0x05, 0x05, 0x05, 0x05, 0x05,
    0x05, 0x05, 0x0a, 0x05, 0x0a, 0x05, 0x05, 0x05, 0x0a, 0x05, 0x05, 0x05,
    0x05, 0x0a, 0x05, 0x05, 0x05, 0x05, 0x05, 0x05, 0x05, 0x0a, 0x05, 0x05,
    0x0a, 0x05, 0x05, 0x0a, 0x05, 0x05, 0x0a, 0x05, 0x05, 0x05, 0x0a, 0x05,
    0x05, 0x0a, 0x05, 0x05, 0x0a, 0x05, 0x05, 0x05, 0x0a, 0x05, 0x05, 0x11,
    0x05, 0x05, 0x0a, 0x05, 0x05, 0x05, 0x0a, 0x05, 0x05, 0x05, 0x11, 0x0a,
    0x05, 0x11, 0x05, 0x05, 0x05, 0x05, 0x0a, 0x05, 0x05, 0x0a, 0x05, 0x05,
    0x0a, 0x05, 0x03, 0x0a, 0x05, 0x0a, 0x11, 0x0a, 0x05, 0x0a, 0x05, 0x0a,
    0x05, 0x05, 0x0a, 0x05, 0x05, 0x0a, 0x05, 0x11, 0x05, 0x0a, 0x05, 0x05,
    0x0a, 0x05, 0x05, 0x05, 0x05, 0x05, 0x05, 0x05, 0x05, 0x11, 0x05, 0x0a,
    0x05, 0x05, 0x0a, 0x05, 0x05, 0x0a, 0x05, 0x05, 0x05, 0x05, 0x05, 0x11,
    0x05, 0x0a, 0x05, 0x0a, 0x05, 0x0a, 0x05, 0x11, 0x0a, 0x05, 0x11, 0x05,
    0x0a, 0x05, 0x05, 0x0a, 0x05, 0x11, 0x0a, 0x05, 0x05, 0x05, 0x0a, 0x05,
    0x05, 0x11, 0x05, 0x05, 0x12, 0x05, 0x05, 0x0a, 0x05, 0x05, 0x05, 0x11,
    0x05, 0x05, 0x05, 0x05, 0x0a, 0x05, 0x05, 0x12, 0x05, 0x05, 0x12, 0x05,
    0x05, 0x05, 0x05, 0x05, 0x05, 0x12, 0x05, 0x05, 0x0a, 0x05, 0x05, 0x05,
    0x0a, 0x11, 0x0a, 0x05, 0x11, 0x05, 0x05, 0x05, 0x0a, 0x05, 0x05, 0x11,
    0x05, 0x05, 0x05, 0x0a, 0x05, 0x05, 0x0a, 0x11, 0x05, 0x05, 0x11, 0x0a,
    0x05, 0x05, 0x0a, 0x0a, 0x05, 0x11, 0x05, 0x05, 0x05, 0x05, 0x0a, 0x05,
    0x05, 0x11, 0x05, 0x0a, 0x11, 0x05, 0x0a, 0x05, 0x05, 0x0a, 0x05, 0x12,
    0x05, 0x05, 0x0a, 0x05, 0x05, 0x0a, 0x05, 0x11, 0x05, 0x05, 0x11, 0x05,
    0x05, 0x0a, 0x05, 0x05, 0x05, 0x11, 0x0a, 0x05, 0x05, 0x11, 0x05, 0x0a,
    0x05, 0x05, 0x05, 0x05, 0x05, 0x05, 0x05, 0x11, 0x05, 0x05, 0x0a, 0x05,
    0x05, 0x0a, 0x05, 0x05, 0x05, 0x0a, 0x05, 0x0a, 0x05, 0x05, 0x05, 0x11,
    0x05, 0x05, 0x11, 0x05, 0x05, 0x12, 0x05, 0x03, 0x05, 0x05, 0x05, 0x0a,
    0x05, 0x05, 0x05, 0x0a, 0x05, 0x05, 0x0a, 0x05, 0x05, 0x05, 0x05, 0x0a,
    0x05, 0x05, 0x05, 0x12, 0x05, 0x05, 0x05, 0x0a, 0x05, 0x12, 0x0a, 0x05,
    0x12, 0x05, 0x05, 0x0a, 0x05, 0x05, 0x05, 0x11, 0x05, 0x05, 0x11, 0x0a,
    0x05, 0x0a, 0x05, 0x0a, 0x05, 0x05, 0x11, 0x05, 0x05, 0x12, 0x05, 0x05,
    0x0a, 0x05, 0x05, 0x05, 0x0a, 0x05, 0x11, 0x05, 0x05, 0x05, 0x05, 0x05,
    0x11, 0x05, 0x0a, 0x11, 0x05, 0x0a, 0x0a, 0x05, 0x05, 0x0a, 0x05, 0x05,
    0x11, 0x0a, 0x05, 0x0a, 0x05, 0x05, 0x12, 0x05, 0x05, 0x11, 0x05, 0x05,
    0x05, 0x05, 0x05, 0x05, 0x0a, 0x05, 0x11, 0x0a, 0x05, 0x05, 0x05, 0x05,
    0x11, 0x0a, 0x05, 0x11, 0x0a, 0x05, 0x05, 0x05, 0x0a, 0x05, 0x0a, 0x05,
    0x11, 0x05, 0x0a, 0x05, 0x05, 0x0a, 0x11, 0x05, 0x05, 0x12, 0x05, 0x05,
    0x05, 0x0a, 0x05, 0x05, 0x05, 0x0a, 0x11, 0x05, 0x05, 0x0a, 0x05, 0x0a,
    0x11, 0x05, 0x05, 0x12, 0x05, 0x05, 0x0a, 0x05, 0x05, 0x0a, 0x05, 0x05,
    0x11, 0x0a, 0x05, 0x05, 0x0a, 0x05, 0x11, 0x05, 0x05, 0x11, 0x05, 0x05,
    0x0a, 0x05, 0x0a, 0x0a, 0x05, 0x05, 0x11, 0x0a, 0x05, 0x05, 0x0a, 0x05,
    0x05, 0x0a, 0x05, 0x05, 0x12, 0x05, 0x05, 0x12, 0x0a, 0x05, 0x0a, 0x0a,
    0x05, 0x05, 0x0a, 0x11, 0x05, 0x05, 0x12, 0x05, 0x05, 0x0a, 0x05, 0x05,
    0x11, 0x0a, 0x05, 0x0a, 0x05, 0x0a, 0x05, 0x0a, 0x05, 0x05, 0x05, 0x05,
    0x03, 0x05, 0x05, 0x05, 0x05, 0x05, 0x11, 0x05, 0x05, 0x11, 0x05, 0x05,
    0x11, 0x0a, 0x05, 0x11, 0x05, 0x0a, 0x05, 0x05, 0x05, 0x05, 0x11, 0x0a,
    0x05, 0x05, 0x05, 0x05, 0x05, 0x0a, 0x05, 0x05, 0x05, 0x11, 0x0a, 0x05,
    0x0a, 0x0a, 0x05, 0x05, 0x05, 0x11, 0x05, 0x0a, 0x11, 0x05, 0x0a, 0x05,
    0x05, 0x05, 0x05, 0x05, 0x05, 0x05, 0x05, 0x0a, 0x05, 0x05, 0x05, 0x0a,
    0x05, 0x05, 0x12, 0x05, 0x0a, 0x05, 0x05, 0x05, 0x05, 0x05, 0x05, 0x05,
    0x05, 0x05, 0x05, 0x05, 0x05, 0x0a, 0x05, 0x05, 0x11, 0x0a, 0x05, 0x05,
    0x0a, 0x05, 0x05, 0x0a, 0x05, 0x0a, 0x05, 0x05, 0x0a, 0x05, 0x05, 0x0a,
    0x05, 0x0a, 0x11, 0x05, 0x0a, 0x05, 0x05, 0x05, 0x05, 0x05, 0x05, 0x05,
    0x05, 0x05, 0x05, 0x0a, 0x05, 0x05, 0x05, 0x05, 0x12, 0x05, 0x05, 0x0a,
    0x05, 0x05, 0x05, 0x0a, 0x05, 0x05, 0x0a, 0x05, 0x05, 0x05, 0x05, 0x0a,
    0x05, 0x05, 0x11, 0x05, 0x0a, 0x05, 0x05, 0x0a, 0x05, 0x05, 0x05, 0x0a,
    0x05, 0x05, 0x05, 0x05, 0x05, 0x0a, 0x05, 0x05, 0x11, 0x05, 0x05, 0x0a,
    0x05, 0x0a, 0x05, 0x05, 0x0a, 0x05, 0x05, 0x05, 0x05, 0x0a, 0x05, 0x05,
    0x05, 0x0a, 0x11, 0x05, 0x05, 0x11, 0x0a, 0x05, 0x05, 0x05, 0x05, 0x05,
    0x05, 0x05, 0x05, 0x11, 0x05, 0x05, 0x0a, 0x05, 0x05, 0x05, 0x0a, 0x05,
    0x05, 0x05, 0x11, 0x05, 0x05, 0x05, 0x05, 0x0a, 0x11, 0x05, 0x05, 0x0a,
    0x05, 0x05, 0x0a, 0x05, 0x0a, 0x03, 0x0a, 0x05, 0x0a, 0x05, 0x0a, 0x0a,
    0x05, 0x05, 0x0a, 0x05, 0x05, 0x0a, 0x05, 0x05, 0x0a, 0x05, 0x05, 0x12,
    0x05, 0x05, 0x0a, 0x05, 0x05, 0x05, 0x11, 0x05, 0x05, 0x05, 0x05, 0x0a,
    0x05, 0x05, 0x0a, 0x05, 0x05, 0x05, 0x05, 0x0a, 0x05, 0x05, 0x0a, 0x05,
    0x05, 0x05, 0x05, 0x0a, 0x05, 0x0a, 0x0a, 0x05, 0x12, 0x05, 0x05, 0x12,
    0x05, 0x05, 0x11, 0x0a, 0x05, 0x05, 0x0a, 0x05, 0x05, 0x0a, 0x05, 0x05,
    0x0a, 0x05, 0x11, 0x0a, 0x05, 0x11, 0x0a, 0x05, 0x11, 0x0a, 0x05, 0x05,
    0x05, 0x05, 0x05, 0x05, 0x05, 0x05, 0x0a, 0x05, 0x11, 0x0a, 0x05, 0x11,
    0x0a, 0x05, 0x11, 0x05, 0x05, 0x05, 0x05, 0x0a, 0x05, 0x05, 0x0a, 0x05,
    0x05, 0x0a, 0x11, 0x0a, 0x0a, 0x11, 0x05, 0x05, 0x11, 0x0a, 0x05, 0x05,
    0x0a, 0x05, 0x05, 0x05, 0x05, 0x0a, 0x05, 0x05, 0x11, 0x05, 0x05, 0x11,
    0x0a, 0x05, 0x11, 0x05, 0x05, 0x0a, 0x05, 0x05, 0x05, 0x05, 0x0a, 0x05,
    0x05, 0x05, 0x11, 0x0a, 0x05, 0x11, 0x0a, 0x05, 0x11, 0x0a, 0x05, 0x05,
    0x05, 0x0a, 0x05, 0x05, 0x05, 0x0a, 0x05, 0x05, 0x12, 0x05, 0x05, 0x11,
    0x05, 0x05, 0x11, 0x0a, 0x05, 0x05, 0x05, 0x05, 0x0a, 0x05, 0x05, 0x05,
    0x0a, 0x05, 0x05, 0x0a, 0x05, 0x05, 0x0a, 0x05, 0x05, 0x05, 0x0a, 0x11,
    0x05, 0x05, 0x0a, 0x05, 0x05, 0x0a, 0x05, 0x05, 0x0a, 0x0a, 0x05, 0x05,
    0x05, 0x05, 0x05, 0x05, 0x11, 0x05, 0x05, 0x11, 0x0a, 0x05, 0x03, 0x05,
    0x05, 0x11, 0x05, 0x05, 0x05, 0x05, 0x0a, 0x05, 0x11, 0x0a, 0x05, 0x05,
    0x05, 0x05, 0x05, 0x05, 0x05, 0x0a, 0x05, 0x05, 0x0a, 0x05, 0x0a, 0x0a,
    0x05, 0x0a, 0x11, 0x05, 0x05, 0x12, 0x05, 0x05, 0x05, 0x11, 0x05, 0x05,
    0x11, 0x0a, 0x05, 0x05, 0x0a, 0x05, 0x05, 0x0a, 0x11, 0x05, 0x05, 0x11,
    0x05, 0x05, 0x0a, 0x05, 0x05, 0x05, 0x0a, 0x05, 0x05, 0x05, 0x11, 0x05,
    0x05, 0x05, 0x05, 0x11, 0x0a, 0x05, 0x05, 0x0a, 0x05, 0x05, 0x0a, 0x05,
    0x05, 0x0a, 0x05, 0x05, 0x12, 0x0a, 0x05, 0x0a, 0x05, 0x11, 0x0a, 0x05,
    0x05, 0x05, 0x05, 0x05, 0x05, 0x05, 0x05, 0x0a, 0x05, 0x05, 0x12, 0x05,
    0x05, 0x05, 0x05, 0x11, 0x0a, 0x05, 0x05, 0x05, 0x05, 0x05, 0x0a, 0x0a,
    0x05, 0x05, 0x0a, 0x05, 0x11, 0x05, 0x05, 0x0a, 0x05, 0x11, 0x05, 0x0a,
    0x05, 0x05, 0x0a, 0x05, 0x05, 0x0a, 0x05, 0x0a, 0x05, 0x05, 0x11, 0x0a,
    0x05, 0x05, 0x0a, 0x11, 0x05, 0x0a, 0x05, 0x05, 0x05, 0x05, 0x05, 0x0a,
    0x05, 0x05, 0x05, 0x05, 0x11, 0x0a, 0x05, 0x05, 0x0a, 0x11, 0x05, 0x05,
    0x05, 0x05, 0x05, 0x0a, 0x0a, 0x05, 0x05, 0x05, 0x05, 0x0a, 0x11, 0x05,
    0x0a, 0x05, 0x05, 0x0a, 0x05, 0x11, 0x05, 0x0a, 0x11, 0x05, 0x0a, 0x11,
    0x05, 0x0a, 0x05, 0x05, 0x05, 0x0a, 0x05, 0x11, 0x05, 0x05, 0x12, 0x05,
    0x05, 0x05, 0x11, 0x0a, 0x05, 0x11, 0x0a, 0x0a, 0x05, 0x05, 0x0a, 0x05,
    0x05, 0x05, 0x05, 0x03, 0x05, 0x0a, 0x05, 0x05, 0x12, 0x05, 0x05, 0x11,
    0x05, 0x05, 0x05, 0x0a, 0x11, 0x0a, 0x05, 0x12, 0x05, 0x05, 0x05, 0x11,
    0x05, 0x05, 0x11, 0x05, 0x05, 0x05, 0x0a, 0x05, 0x05, 0x05, 0x05, 0x0a,
    0x05, 0x0a, 0x0a, 0x05, 0x05, 0x05, 0x05, 0x11, 0x05, 0x05, 0x11, 0x05,
    0x05, 0x05, 0x05, 0x05, 0x05, 0x05, 0x05, 0x05, 0x0a, 0x05, 0x05, 0x05,
    0x0a, 0x05, 0x0a, 0x05, 0x0a, 0x05, 0x12, 0x05, 0x05, 0x0a, 0x05, 0x11,
    0x05, 0x05, 0x05, 0x0a, 0x05, 0x05, 0x05, 0x05, 0x05, 0x05, 0x05, 0x05,
    0x12, 0x05, 0x05, 0x05, 0x05, 0x12, 0x05, 0x05, 0x0a, 0x05, 0x05, 0x0a,
    0x05, 0x05, 0x0a, 0x05, 0x05, 0x0a, 0x11, 0x05, 0x0a, 0x05, 0x05, 0x12,
    0x05, 0x05, 0x05, 0x05, 0x05, 0x05, 0x05, 0x05, 0x0a, 0x05, 0x05, 0x0a,
    0x11, 0x05, 0x05, 0x05, 0x05, 0x12, 0x05, 0x05, 0x0a, 0x05, 0x05, 0x05,
    0x05, 0x0a, 0x05, 0x05, 0x0a, 0x05, 0x11, 0x05, 0x05, 0x05, 0x0a, 0x11,
    0x05, 0x0a, 0x05, 0x05, 0x05, 0x0a, 0x05, 0x0a, 0x05, 0x05, 0x0a, 0x05,
    0x11, 0x05, 0x0a, 0x05, 0x05, 0x12, 0x05, 0x05, 0x05, 0x05, 0x0a, 0x05,
    0x0a, 0x05, 0x05, 0x0a, 0x05, 0x05, 0x11, 0x05, 0x05, 0x0a, 0x05, 0x05,
    0x05, 0x05, 0x05, 0x0a, 0x05, 0x05, 0x0a, 0x11, 0x05, 0x0a, 0x05, 0x05,
    0x0a, 0x05, 0x05, 0x05, 0x0a, 0x05, 0x05, 0x05, 0x05, 0x0a, 0x05, 0x05,
    0x05, 0x05, 0x0a, 0x05, 0x0a, 0x05, 0x0a, 0x05, 0x03, 0x05, 0x05, 0x0a,
    0x05, 0x05, 0x0a, 0x05, 0x0a, 0x0a, 0x05, 0x05, 0x05, 0x05, 0x05, 0x0a,
    0x05, 0x05, 0x0a, 0x05, 0x0a, 0x05, 0x05, 0x0a, 0x05, 0x05, 0x11, 0x05,
    0x0a, 0x05, 0x05, 0x0a, 0x05, 0x11, 0x05, 0x05, 0x0a, 0x05, 0x0a, 0x05,
    0x0a, 0x05, 0x0a, 0x05, 0x0a, 0x05, 0x0a, 0x0a, 0x05, 0x0a, 0x0a, 0x11,
    0x05, 0x05, 0x12, 0x05, 0x05, 0x11, 0x05, 0x05, 0x0a, 0x05, 0x05, 0x05,
    0x0a, 0x05, 0x05, 0x05, 0x0a, 0x05, 0x05, 0x12, 0x05, 0x05, 0x12, 0x05,
    0x0a, 0x11, 0x05, 0x05, 0x05, 0x05, 0x0a, 0x05, 0x05, 0x0a, 0x05, 0x05,
    0x0a, 0x11, 0x05, 0x0a, 0x11, 0x05, 0x05, 0x11, 0x05, 0x05, 0x0a, 0x05,
    0x05, 0x05, 0x05, 0x05, 0x0a, 0x05, 0x05, 0x12, 0x05, 0x05, 0x12, 0x05,
    0x05, 0x11, 0x0a, 0x05, 0x05, 0x05, 0x0a, 0x0a, 0x05, 0x05, 0x05, 0x05,
    0x05, 0x11, 0x05, 0x05, 0x12, 0x05, 0x05, 0x11, 0x05, 0x05, 0x0a, 0x05,
    0x05, 0x0a, 0x05, 0x05, 0x05, 0x0a, 0x05, 0x11, 0x0a, 0x05, 0x11, 0x05,
    0x05, 0x12, 0x05, 0x05, 0x05, 0x05, 0x05, 0x05, 0x0a, 0x05, 0x05, 0x0a,
    0x05, 0x11, 0x05, 0x05, 0x11, 0x05, 0x05, 0x11, 0x05, 0x05, 0x0a, 0x05,
    0x05, 0x05, 0x11, 0x0a, 0x05, 0x0a, 0x05, 0x11, 0x05, 0x05, 0x05, 0x05,
    0x05, 0x05, 0x05, 0x11, 0x05, 0x0a, 0x05, 0x05, 0x05, 0x11, 0x0a, 0x05,
    0x05, 0x0a, 0x05, 0x05, 0x05, 0x11, 0x0a, 0x05, 0x11, 0x05, 0x05, 0x11,
    0x0a, 0x03, 0x05, 0x05, 0x05, 0x05, 0x05, 0x05, 0x05, 0x05, 0x05, 0x12,
    0x05, 0x05, 0x0a, 0x05, 0x11, 0x05, 0x05, 0x11, 0x0a, 0x05, 0x05, 0x0a,
    0x05, 0x05, 0x0a, 0x05, 0x05, 0x0a, 0x11, 0x05, 0x05, 0x05, 0x05, 0x05,
    0x05, 0x11, 0x05, 0x05, 0x0a, 0x05, 0x05, 0x05, 0x0a, 0x05, 0x11, 0x05,
    0x05, 0x11, 0x05, 0x05, 0x0a, 0x05, 0x05, 0x05, 0x0a, 0x05, 0x05, 0x0a,
    0x11, 0x05, 0x05, 0x11, 0x05, 0x05, 0x05, 0x11, 0x0a, 0x05, 0x05, 0x0a,
    0x05, 0x05, 0x05, 0x05, 0x05, 0x0a, 0x05, 0x0a, 0x0a, 0x05, 0x05, 0x05,
    0x12, 0x05, 0x05, 0x05, 0x05, 0x0a, 0x05, 0x05, 0x05, 0x05, 0x0a, 0x05,
    0x05, 0x0a, 0x05, 0x05, 0x05, 0x0a, 0x11, 0x05, 0x0a, 0x05, 0x05, 0x05,
    0x0a, 0x05, 0x05, 0x0a, 0x05, 0x05, 0x05, 0x05, 0x0a, 0x05, 0x05, 0x05,
    0x11, 0x0a, 0x05, 0x05, 0x0a, 0x0a, 0x05, 0x05, 0x0a, 0x05, 0x05, 0x0a,
    0x05, 0x05, 0x0a, 0x05, 0x05, 0x0a, 0x11, 0x05, 0x05, 0x0a, 0x05, 0x05,
    0x05, 0x0a, 0x05, 0x05, 0x05, 0x05, 0x05, 0x0a, 0x05, 0x0a, 0x0a, 0x05,
    0x11, 0x05, 0x05, 0x05, 0x0a, 0x05, 0x0a, 0x05, 0x05, 0x0a, 0x05, 0x0a,
    0x05, 0x05, 0x0a, 0x11, 0x0a, 0x05, 0x0a, 0x05, 0x05, 0x05, 0x11, 0x0a,
    0x05, 0x05, 0x0a, 0x11, 0x0a, 0x05, 0x0a, 0x05, 0x05, 0x0a, 0x11, 0x05,
    0x0a, 0x05, 0x05, 0x0a, 0x11, 0x05, 0x05, 0x11, 0x0a, 0x05, 0x05, 0x0a,
    0x05, 0x05, 0x0a, 0x05, 0x05, 0x05, 0x18, 0x0a, 0x05, 0x0a, 0x11, 0x0a,
    0x05, 0x11, 0x05, 0x05, 0x05, 0x0a, 0x05, 0x11, 0x05, 0x05, 0x0a, 0x05,
    0x05, 0x05, 0x05, 0x11, 0x05, 0x05, 0x11, 0x0a, 0x05, 0x05, 0x05, 0x0a,
    0x05, 0x11, 0x0a, 0x0a, 0x05, 0x0a, 0x05, 0x05, 0x11, 0x05, 0x05, 0x11,
    0x05, 0x05, 0x05, 0x05, 0x05, 0x0a, 0x05, 0x05, 0x05, 0x05, 0x0a, 0x05,
    0x05, 0x11, 0x0a, 0x05, 0x05, 0x05, 0x05, 0x0a, 0x0a, 0x05, 0x0a, 0x05,
    0x05, 0x0a, 0x05, 0x11, 0x05, 0x05, 0x0a, 0x05, 0x05, 0x11, 0x05, 0x05,
    0x05, 0x11, 0x05, 0x0a, 0x05, 0x05, 0x05, 0x0a, 0x11, 0x05, 0x05, 0x0a,
    0x05, 0x11, 0x0a, 0x05, 0x05, 0x0a, 0x11, 0x05, 0x05, 0x12, 0x05, 0x05,
    0x0a, 0x05, 0x11, 0x05, 0x0a, 0x05, 0x05, 0x11, 0x05, 0x0a, 0x05, 0x05,
    0x12, 0x05, 0x05, 0x12, 0x05, 0x05, 0x05, 0x0a, 0x11, 0x05, 0x05, 0x05,
    0x0a, 0x11, 0x05, 0x05, 0x0a, 0x05, 0x11, 0x05, 0x05, 0x11, 0x05, 0x0a,
    0x05, 0x05, 0x11, 0x05, 0x0a, 0x05, 0x05, 0x11, 0x0a, 0x0a, 0x05, 0x05,
    0x11, 0x05, 0x05, 0x11, 0x0a, 0x05, 0x0a, 0x05, 0x11, 0x05, 0x05, 0x05,
    0x0a, 0x11, 0x05, 0x0a, 0x05, 0x05, 0x0a, 0x05, 0x05, 0x05, 0x05, 0x05,
    0x0a, 0x05, 0x05, 0x05, 0x0a, 0x05, 0x05, 0x0a, 0x05, 0x05, 0x05, 0x12,
    0x05, 0x05, 0x05, 0x05, 0x05, 0x0a, 0x11, 0x05, 0x05, 0x0a, 0x05, 0x05,
    0x0a, 0x05, 0x05, 0x05, 0x05, 0x11, 0x05, 0x0a, 0x05, 0x05, 0x05, 0x03,
    0x05, 0x05, 0x05, 0x0a, 0x05, 0x05, 0x0a, 0x0a, 0x05, 0x05, 0x05, 0x0a,
    0x05, 0x05, 0x0a, 0x05, 0x05, 0x0a, 0x05, 0x0a, 0x05, 0x0a, 0x05, 0x05,
    0x05, 0x12, 0x05, 0x05, 0x05, 0x0a, 0x05, 0x05, 0x05, 0x11, 0x05, 0x0a,
    0x0a, 0x05, 0x0a, 0x05, 0x0a, 0x0a, 0x11, 0x0a, 0x05, 0x05, 0x0a, 0x05,
    0x0a, 0x11, 0x05, 0x05, 0x12, 0x05, 0x05, 0x05, 0x0a, 0x05, 0x05, 0x0a,
    0x05, 0x05, 0x05, 0x11, 0x0a, 0x05, 0x05, 0x05, 0x0a, 0x05, 0x05, 0x12,
    0x05, 0x0a, 0x05, 0x05, 0x0a, 0x05, 0x05, 0x05, 0x05, 0x12, 0x05, 0x05,
    0x0a, 0x05, 0x05, 0x11, 0x05, 0x0a, 0x05, 0x05, 0x05, 0x11, 0x05, 0x0a,
    0x05, 0x05, 0x05, 0x05, 0x05, 0x05, 0x05, 0x05, 0x0a, 0x11, 0x05, 0x0a,
    0x05, 0x05, 0x0a, 0x11, 0x05, 0x05, 0x05, 0x05, 0x05, 0x0a, 0x05, 0x05,
    0x05, 0x05, 0x05, 0x11, 0x0a, 0x05, 0x05, 0x05, 0x05, 0x11, 0x0a, 0x05,
    0x0a, 0x05, 0x05, 0x0a, 0x05, 0x05, 0x0a, 0x05, 0x05, 0x11, 0x0a, 0x05,
    0x05, 0x05, 0x05, 0x12, 0x05, 0x05, 0x0a, 0x05, 0x05, 0x05, 0x05, 0x05,
    0x0a, 0x05, 0x05, 0x12, 0x05, 0x05, 0x05, 0x05, 0x05, 0x11, 0x05, 0x05,
    0x11, 0x05, 0x0a, 0x11, 0x05, 0x05, 0x12, 0x05, 0x05, 0x05, 0x05, 0x11,
    0x05, 0x05, 0x05, 0x05, 0x05, 0x0a, 0x05, 0x05, 0x0a, 0x05, 0x05, 0x05,
    0x05, 0x0a, 0x05, 0x05, 0x0a, 0x05, 0x11, 0x0a, 0x05, 0x0a, 0x05, 0x05,
    0x11, 0x0a, 0x05, 0x0a, 0x03, 0x05, 0x05, 0x05, 0x05, 0x05, 0x05, 0x05,
    0x11, 0x0a, 0x05, 0x11, 0x05, 0x0a, 0x05, 0x05, 0x11, 0x0a, 0x05, 0x11,
    0x05, 0x0a, 0x05, 0x11, 0x0a, 0x05, 0x05, 0x0a, 0x05, 0x11, 0x05, 0x05,
    0x05, 0x0a, 0x05, 0x05, 0x05, 0x05, 0x05, 0x05, 0x11, 0x05, 0x05, 0x05,
    0x05, 0x0a, 0x11, 0x05, 0x05, 0x05, 0x0a, 0x05, 0x05, 0x05, 0x0a, 0x05,
    0x05, 0x11, 0x0a, 0x05, 0x11, 0x05, 0x05, 0x05, 0x05, 0x05, 0x0a, 0x11,
    0x05, 0x05, 0x05, 0x05, 0x05, 0x05, 0x05, 0x0a, 0x05, 0x11, 0x0a, 0x05,
    0x05, 0x0a, 0x05, 0x05, 0x05, 0x11, 0x0a, 0x05, 0x05, 0x0a, 0x05, 0x05,
    0x0a, 0x05, 0x05, 0x0a, 0x05, 0x05, 0x0a, 0x05, 0x0a, 0x05, 0x12, 0x05,
    0x05, 0x05, 0x05, 0x05, 0x0a, 0x05, 0x05, 0x05, 0x0a, 0x05, 0x05, 0x0a,
    0x05, 0x05, 0x05, 0x0a, 0x11, 0x05, 0x0a, 0x0a, 0x05, 0x05, 0x05, 0x0a,
    0x0a, 0x05, 0x05, 0x05, 0x05, 0x0a, 0x05, 0x05, 0x05, 0x05, 0x11, 0x0a,
    0x05, 0x05, 0x05, 0x05, 0x0a, 0x05, 0x05, 0x05, 0x05, 0x0a, 0x05, 0x05,
    0x0a, 0x05, 0x05, 0x0a, 0x11, 0x05, 0x0a, 0x05, 0x05, 0x0a, 0x05, 0x0a,
    0x05, 0x0a, 0x05, 0x0a, 0x05, 0x05, 0x0a, 0x05, 0x05, 0x0a, 0x05, 0x05,
    0x0a, 0x05, 0x0a, 0x05, 0x0a, 0x05, 0x0a, 0x12, 0x05, 0x05, 0x05, 0x12,
    0x05, 0x05, 0x12, 0x05, 0x05, 0x0a, 0x05, 0x11, 0x05, 0x05, 0x05, 0x05,
    0x05, 0x0a, 0x11, 0x05, 0x0a, 0x05, 0x05, 0x05, 0x11, 0x18, 0x0a, 0x05,
    0x12, 0x05, 0x0a, 0x11, 0x05, 0x05, 0x05, 0x0a, 0x05, 0x05, 0x05, 0x0a,
    0x05, 0x05, 0x05, 0x05, 0x05, 0x05, 0x05, 0x05, 0x05, 0x0a, 0x05, 0x05,
    0x05, 0x0a, 0x05, 0x05, 0x0a, 0x11, 0x05, 0x0a, 0x05, 0x11, 0x05, 0x0a,
    0x05, 0x05, 0x0a, 0x05, 0x05, 0x05, 0x05, 0x0a, 0x05, 0x11, 0x05, 0x05,
    0x0a, 0x05, 0x05, 0x05, 0x0a, 0x05, 0x05, 0x05, 0x05, 0x0a, 0x05, 0x12,
    0x0a, 0x05, 0x05, 0x05, 0x0a, 0x05, 0x05, 0x12, 0x0a, 0x05, 0x05, 0x11,
    0x05, 0x05, 0x05, 0x0a, 0x05, 0x11, 0x05, 0x05, 0x0a, 0x05, 0x05, 0x05,
    0x0a, 0x05, 0x05, 0x11, 0x05, 0x0a, 0x11, 0x05, 0x05, 0x05, 0x11, 0x05,
    0x0a, 0x05, 0x05, 0x0a, 0x05, 0x05, 0x0a, 0x05, 0x05, 0x11, 0x05, 0x05,
    0x11, 0x05, 0x0a, 0x05, 0x11, 0x0a, 0x05, 0x05, 0x05, 0x0a, 0x05, 0x05,
    0x05, 0x05, 0x05, 0x11, 0x05, 0x05, 0x12, 0x05, 0x05, 0x05, 0x11, 0x0a,
    0x05, 0x05, 0x0a, 0x05, 0x05, 0x0a, 0x05, 0x0a, 0x05, 0x11, 0x0a, 0x05,
    0x11, 0x05, 0x05, 0x05, 0x11, 0x05, 0x05, 0x0a, 0x05, 0x05, 0x05, 0x05,
    0x05, 0x05, 0x05, 0x11, 0x05, 0x0a, 0x11, 0x05, 0x05, 0x0a, 0x05, 0x05,
    0x05, 0x05, 0x0a, 0x05, 0x05, 0x11, 0x05, 0x05, 0x12, 0x05, 0x05, 0x05,
    0x05, 0x0a, 0x05, 0x05, 0x05, 0x05, 0x05, 0x05, 0x0a, 0x05, 0x11, 0x05,
    0x0a, 0x05, 0x05, 0x12, 0x05, 0x05, 0x05, 0x05, 0x05, 0x05, 0x0a, 0x05,
    0x05, 0x05, 0x03, 0x05, 0x05, 0x05, 0x0a, 0x05, 0x05, 0x0a, 0x05, 0x05,
    0x05, 0x0a, 0x05, 0x11, 0x05, 0x0a, 0x05, 0x05, 0x0a, 0x0a, 0x11, 0x05,
    0x0a, 0x05, 0x05, 0x11, 0x05, 0x05, 0x11, 0x0a, 0x05, 0x05, 0x05, 0x05,
    0x05, 0x0a, 0x05, 0x05, 0x12, 0x05, 0x05, 0x0a, 0x11, 0x0a, 0x05, 0x11,
    0x05, 0x0a, 0x05, 0x05, 0x0a, 0x11, 0x05, 0x0a, 0x11, 0x05, 0x0a, 0x05,
    0x05, 0x12, 0x05, 0x05, 0x05, 0x05, 0x0a, 0x11, 0x05, 0x05, 0x0a, 0x05,
    0x05, 0x05, 0x0a, 0x05, 0x0a, 0x05, 0x05, 0x0a, 0x05, 0x05, 0x0a, 0x05,
    0x05, 0x12, 0x05, 0x05, 0x05, 0x05, 0x0a, 0x05, 0x05, 0x05, 0x05, 0x0a,
    0x05, 0x05, 0x0a, 0x05, 0x05, 0x11, 0x05, 0x05, 0x05, 0x05, 0x12, 0x05,
    0x05, 0x0a, 0x05, 0x0a, 0x0a, 0x05, 0x05, 0x05, 0x05, 0x05, 0x0a, 0x11,
    0x05, 0x05, 0x05, 0x0a, 0x11, 0x05, 0x0a, 0x0a, 0x05, 0x05, 0x05, 0x05,
    0x0a, 0x05, 0x05, 0x0a, 0x05, 0x11, 0x0a, 0x05, 0x05, 0x05, 0x11, 0x05,
    0x05, 0x05, 0x05, 0x05, 0x0a, 0x0a, 0x05, 0x0a, 0x05, 0x0a, 0x05, 0x11,
    0x05, 0x05, 0x0a, 0x05, 0x11, 0x0a, 0x05, 0x05, 0x0a, 0x05, 0x05, 0x05,
    0x05, 0x05, 0x11, 0x0a, 0x05, 0x11, 0x0a, 0x05, 0x11, 0x05, 0x0a, 0x05,
    0x05, 0x05, 0x05, 0x05, 0x05, 0x05, 0x05, 0x12, 0x05, 0x05, 0x0a, 0x05,
    0x05, 0x05, 0x0a, 0x05, 0x05, 0x0a, 0x05, 0x05, 0x0a, 0x05, 0x05, 0x0a,
    0x05, 0x05, 0x12, 0x05, 0x05, 0x0a, 0x05, 0x03, 0x05, 0x05, 0x05, 0x05,
    0x05, 0x05, 0x0a, 0x11, 0x05, 0x0a, 0x11, 0x05, 0x05, 0x05, 0x11, 0x0a,
    0x05, 0x11, 0x05, 0x05, 0x0a, 0x05, 0x05, 0x0a, 0x05, 0x0a, 0x05, 0x05,
    0x05, 0x0a, 0x05, 0x0a, 0x11, 0x05, 0x0a, 0x05, 0x05, 0x05, 0x05, 0x05,
    0x05, 0x05, 0x05, 0x0a, 0x05, 0x05, 0x05, 0x0a, 0x05, 0x05, 0x05, 0x05,
    0x05, 0x05, 0x05, 0x11, 0x0a, 0x05, 0x05, 0x05, 0x05, 0x05, 0x05, 0x05,
    0x0a, 0x05, 0x05, 0x11, 0x05, 0x05, 0x05, 0x11, 0x05, 0x0a, 0x05, 0x11,
    0x0a, 0x05, 0x11, 0x05, 0x0a, 0x05, 0x05, 0x0a, 0x05, 0x11, 0x0a, 0x05,
    0x11, 0x0a, 0x05, 0x05, 0x05, 0x0a, 0x11, 0x05, 0x0a, 0x05, 0x0a, 0x05,
    0x12, 0x05, 0x05, 0x05, 0x05, 0x0a, 0x11, 0x05, 0x05, 0x05, 0x0a, 0x05,
    0x12, 0x05, 0x05, 0x05, 0x0a, 0x05, 0x11, 0x0a, 0x05, 0x05, 0x05, 0x05,
    0x11, 0x0a, 0x05, 0x05, 0x0a, 0x05, 0x11, 0x0a, 0x05, 0x05, 0x05, 0x05,
    0x11, 0x0a, 0x05, 0x05, 0x0a, 0x05, 0x12, 0x05, 0x05, 0x05, 0x05, 0x05,
    0x11, 0x0a, 0x05, 0x05, 0x0a, 0x05, 0x11, 0x0a, 0x05, 0x05, 0x0a, 0x05,
    0x11, 0x0a, 0x05, 0x05, 0x0a, 0x0a, 0x05, 0x05, 0x05, 0x0a, 0x05, 0x05,
    0x05, 0x05, 0x0a, 0x05, 0x05, 0x0a, 0x05, 0x0a, 0x12, 0x05, 0x05, 0x05,
    0x0a, 0x05, 0x05, 0x12, 0x05, 0x05, 0x11, 0x05, 0x05, 0x05, 0x11, 0x05,
    0x05, 0x05, 0x0a, 0x11, 0x05, 0x0a, 0x05, 0x05, 0x05, 0x05, 0x12, 0x05,
    0x03, 0x0a, 0x05, 0x0a, 0x11, 0x05, 0x0a, 0x05, 0x05, 0x05, 0x05, 0x05,
    0x0a, 0x0a, 0x05, 0x05, 0x05, 0x0a, 0x05, 0x05, 0x05, 0x0a, 0x11, 0x05,
    0x05, 0x05, 0x0a, 0x05, 0x05, 0x0a, 0x11, 0x05, 0x05, 0x0a, 0x05, 0x05,
    0x11, 0x0a, 0x05, 0x0a, 0x11, 0x05, 0x0a, 0x05, 0x05, 0x0a, 0x05, 0x11,
    0x05, 0x0a, 0x11, 0x05, 0x0a, 0x05, 0x0a, 0x05, 0x05, 0x05, 0x05, 0x0a,
    0x05, 0x0a, 0x12, 0x05, 0x05, 0x05, 0x0a, 0x05, 0x05, 0x0a, 0x0a, 0x05,
    0x05, 0x05, 0x05, 0x05, 0x05, 0x05, 0x05, 0x05, 0x05, 0x05, 0x05, 0x05,
    0x05, 0x0a, 0x05, 0x05, 0x05, 0x05, 0x0a, 0x05, 0x11, 0x0a, 0x05, 0x05,
    0x05, 0x05, 0x05, 0x05, 0x05, 0x05, 0x0a, 0x05, 0x05, 0x0a, 0x05, 0x05,
    0x05, 0x05, 0x11, 0x05, 0x05, 0x0a, 0x05, 0x05, 0x0a, 0x05, 0x05, 0x0a,
    0x05, 0x05, 0x0a, 0x05, 0x05, 0x05, 0x05, 0x0a, 0x11, 0x05, 0x05, 0x05,
    0x05, 0x05, 0x0a, 0x05, 0x05, 0x0a, 0x05, 0x05, 0x0a, 0x05, 0x05, 0x0a,
    0x05, 0x05, 0x12, 0x05, 0x05, 0x05, 0x05, 0x05, 0x05, 0x0a, 0x05, 0x05,
    0x05, 0x05, 0x05, 0x0a, 0x05, 0x05, 0x05, 0x05, 0x11, 0x05, 0x05, 0x12,
    0x05, 0x05, 0x05, 0x05, 0x0a, 0x05, 0x05, 0x0a, 0x11, 0x05, 0x05, 0x11,
    0x05, 0x05, 0x0a, 0x05, 0x11, 0x05, 0x05, 0x05, 0x05, 0x0a, 0x05, 0x0a,
    0x05, 0x0a, 0x05, 0x0a, 0x05, 0x05, 0x12, 0x05, 0x05, 0x05, 0x05, 0x12,
    0x05, 0x05, 0x0a, 0x05, 0x05, 0x18, 0x05, 0x05, 0x05, 0x0a, 0x05, 0x05,
    0x11, 0x0a, 0x05, 0x05, 0x0a, 0x05, 0x05, 0x05, 0x0a, 0x05, 0x05, 0x0a,
    0x05, 0x05, 0x05, 0x05, 0x0a, 0x11, 0x05, 0x05, 0x11, 0x05, 0x05, 0x05,
    0x05, 0x05, 0x05, 0x0a, 0x05, 0x05, 0x05, 0x0a, 0x05, 0x05, 0x0a, 0x05,
    0x11, 0x05, 0x05, 0x0a, 0x05, 0x05, 0x05, 0x0a, 0x05, 0x05, 0x12, 0x05,
    0x05, 0x0a, 0x05, 0x11, 0x05, 0x05, 0x05, 0x05, 0x05, 0x0a, 0x11, 0x05,
    0x05, 0x05, 0x05, 0x11, 0x0a, 0x05, 0x0a, 0x11, 0x0a, 0x05, 0x0a, 0x05,
    0x0a, 0x0a, 0x11, 0x0a, 0x05, 0x11, 0x05, 0x0a, 0x05, 0x05, 0x0a, 0x05,
    0x05, 0x05, 0x05, 0x05, 0x0a, 0x05, 0x12, 0x05, 0x05, 0x0a, 0x05, 0x05,
    0x12, 0x05, 0x05, 0x11, 0x0a, 0x0a, 0x05, 0x0a, 0x05, 0x05, 0x05, 0x05,
    0x11, 0x0a, 0x05, 0x05, 0x05, 0x05, 0x11, 0x0a, 0x05, 0x12, 0x05, 0x05,
    0x05, 0x0a, 0x05, 0x05, 0x0a, 0x05, 0x11, 0x0a, 0x05, 0x05, 0x0a, 0x05,
    0x11, 0x05, 0x05, 0x11, 0x05, 0x05, 0x0a, 0x05, 0x05, 0x0a, 0x05, 0x0a,
    0x11, 0x05, 0x05, 0x0a, 0x05, 0x05, 0x12, 0x05, 0x05, 0x11, 0x0a, 0x05,
    0x0a, 0x05, 0x05, 0x05, 0x05, 0x0a, 0x05, 0x11, 0x0a, 0x05, 0x11, 0x05,
    0x05, 0x05, 0x0a, 0x05, 0x05, 0x05, 0x05, 0x05, 0x0a, 0x05, 0x0a, 0x05,
    0x11, 0x0a, 0x05, 0x05, 0x05, 0x12, 0x05, 0x05, 0x0a, 0x05, 0x05, 0x05,
    0x05, 0x0a, 0x05, 0x05, 0x05, 0x0a, 0x05, 0x05, 0x05, 0x05, 0x03, 0x05,
    0x05, 0x05, 0x05, 0x0a, 0x05, 0x05, 0x0a, 0x05, 0x11, 0x05, 0x05, 0x11,
    0x05, 0x0a, 0x11, 0x05, 0x05, 0x12, 0x05, 0x05, 0x0a, 0x05, 0x05, 0x0a,
    0x05, 0x0a, 0x05, 0x0a, 0x05, 0x0a, 0x11, 0x05, 0x05, 0x12, 0x05, 0x05,
    0x05, 0x05, 0x05, 0x05, 0x05, 0x0a, 0x05, 0x05, 0x11, 0x0a, 0x05, 0x05,
    0x05, 0x05, 0x05, 0x05, 0x05, 0x05, 0x12, 0x05, 0x05, 0x0a, 0x05, 0x11,
    0x05, 0x0a, 0x05, 0x05, 0x0a, 0x11, 0x0a, 0x05, 0x05, 0x05, 0x05, 0x05,
    0x0a, 0x05, 0x05, 0x11, 0x05, 0x05, 0x05, 0x05, 0x05, 0x0a, 0x05, 0x05,
    0x05, 0x12, 0x05, 0x05, 0x11, 0x0a, 0x05, 0x05, 0x12, 0x05, 0x05, 0x0a,
    0x05, 0x05, 0x12, 0x05, 0x05, 0x05, 0x0a, 0x05, 0x05, 0x05, 0x05, 0x05,
    0x05, 0x0a, 0x11, 0x05, 0x0a, 0x05, 0x05, 0x05, 0x12, 0x05, 0x05, 0x0a,
    0x05, 0x05, 0x05, 0x0a, 0x05, 0x05, 0x05, 0x0a, 0x11, 0x05, 0x0a, 0x05,
    0x05, 0x05, 0x11, 0x05, 0x05, 0x0a, 0x05, 0x0a, 0x05, 0x05, 0x0a, 0x05,
    0x05, 0x05, 0x11, 0x0a, 0x05, 0x05, 0x0a, 0x05, 0x11, 0x0a, 0x05, 0x05,
    0x0a, 0x05, 0x05, 0x05, 0x05, 0x0a, 0x05, 0x0a, 0x05, 0x05, 0x05, 0x0a,
    0x05, 0x05, 0x05, 0x0a, 0x05, 0x05, 0x0a, 0x05, 0x05, 0x0a, 0x0a, 0x11,
    0x05, 0x05, 0x05, 0x0a, 0x05, 0x05, 0x0a, 0x05, 0x11, 0x05, 0x05, 0x05,
    0x05, 0x11, 0x0a, 0x05, 0x05, 0x0a, 0x11, 0x05, 0x0a, 0x05, 0x05, 0x11,
    0x0a, 0x05, 0x05, 0x18, 0x0a, 0x05, 0x0a, 0x11, 0x05, 0x05, 0x05, 0x05,
    0x0a, 0x05, 0x05, 0x0a, 0x05, 0x05, 0x05, 0x05, 0x05, 0x05, 0x05, 0x0a,
    0x11, 0x05, 0x05, 0x05, 0x05, 0x0a, 0x05, 0x11, 0x05, 0x0a, 0x05, 0x05,
    0x0a, 0x05, 0x05, 0x0a, 0x05, 0x11, 0x0a, 0x0a, 0x11, 0x05, 0x0a, 0x05,
    0x05, 0x05, 0x05, 0x0a, 0x11, 0x05, 0x0a, 0x11, 0x0a, 0x05, 0x05, 0x05,
    0x0a, 0x05, 0x05, 0x0a, 0x05, 0x0a, 0x05, 0x11, 0x05, 0x05, 0x0a, 0x05,
    0x05, 0x0a, 0x05, 0x11, 0x05, 0x05, 0x05, 0x0a, 0x05, 0x05, 0x12, 0x05,
    0x05, 0x05, 0x05, 0x0a, 0x05, 0x05, 0x05, 0x05, 0x05, 0x0a, 0x05, 0x05,
    0x0a, 0x05, 0x05, 0x05, 0x05, 0x05, 0x05, 0x05, 0x05, 0x05, 0x05, 0x05,
    0x0a, 0x05, 0x11, 0x05, 0x05, 0x11, 0x0a, 0x05, 0x05, 0x0a, 0x05, 0x05,
    0x05, 0x0a, 0x05, 0x05, 0x05, 0x05, 0x05, 0x05, 0x11, 0x0a, 0x05, 0x11,
    0x05, 0x05, 0x05, 0x05, 0x0a, 0x05, 0x05, 0x0a, 0x05, 0x05, 0x05, 0x0a,
    0x05, 0x05, 0x12, 0x05, 0x05, 0x12, 0x05, 0x05, 0x05, 0x05, 0x05, 0x0a,
    0x05, 0x05, 0x05, 0x05, 0x05, 0x05, 0x0a, 0x05, 0x11, 0x05, 0x05, 0x11,
    0x05, 0x0a, 0x11, 0x05, 0x05, 0x0a, 0x11, 0x05, 0x0a, 0x05, 0x11, 0x0a,
    0x05, 0x11, 0x05, 0x05, 0x0a, 0x05, 0x05, 0x11, 0x05, 0x05, 0x05, 0x05,
    0x0a, 0x05, 0x0a, 0x05, 0x05, 0x0a, 0x05, 0x05, 0x12, 0x05, 0x05, 0x05,
    0x05, 0x0a, 0x11, 0x05, 0x05, 0x0a, 0x05, 0x05, 0x03, 0x05, 0x05, 0x05,
    0x0a, 0x05, 0x12, 0x05, 0x05, 0x12, 0x05, 0x05, 0x0a, 0x05, 0x0a, 0x11,
    0x0a, 0x0a, 0x05, 0x05, 0x05, 0x0a, 0x05, 0x0a, 0x11, 0x05, 0x05, 0x05,
    0x05, 0x05, 0x05, 0x11, 0x05, 0x0a, 0x05, 0x05, 0x05, 0x05, 0x05, 0x05,
    0x05, 0x05, 0x05, 0x11, 0x0a, 0x05, 0x05, 0x0a, 0x05, 0x05, 0x0a, 0x05,
    0x05, 0x0a, 0x05, 0x05, 0x0a, 0x05, 0x11, 0x05, 0x05, 0x05, 0x05, 0x05,
    0x0a, 0x05, 0x05, 0x05, 0x05, 0x11, 0x0a, 0x05, 0x0a, 0x0a, 0x05, 0x11,
    0x0a, 0x05, 0x05, 0x0a, 0x05, 0x12, 0x05, 0x05, 0x11, 0x0a, 0x05, 0x05,
    0x12, 0x05, 0x05, 0x05, 0x11, 0x05, 0x05, 0x0a, 0x11, 0x05, 0x0a, 0x12,
    0x05, 0x0a, 0x12, 0x05, 0x05, 0x11, 0x0a, 0x05, 0x0a, 0x0a, 0x05, 0x05,
    0x05, 0x05, 0x11, 0x0a, 0x05, 0x11, 0x05, 0x0a, 0x11, 0x05, 0x0a, 0x12,
    0x05, 0x05, 0x05, 0x0a, 0x05, 0x0a, 0x05, 0x05, 0x12, 0x05, 0x05, 0x12,
    0x05, 0x05, 0x12, 0x05, 0x05, 0x11, 0x05, 0x05, 0x05, 0x05, 0x05, 0x0a,
    0x05, 0x05, 0x12, 0x05, 0x05, 0x11, 0x0a, 0x05, 0x12, 0x05, 0x05, 0x11,
    0x0a, 0x05, 0x0a, 0x05, 0x05, 0x05, 0x0a, 0x05, 0x05, 0x05, 0x05, 0x05,
    0x05, 0x05, 0x05, 0x05, 0x05, 0x05, 0x0a, 0x05, 0x05, 0x05, 0x0a, 0x0a,
    0x05, 0x0a, 0x11, 0x05, 0x0a, 0x05, 0x05, 0x05, 0x12, 0x05, 0x05, 0x05,
    0x05, 0x05, 0x0a, 0x05, 0x05, 0x0a, 0x05, 0x05, 0x05, 0x0a, 0x05, 0x11,
    0x0a, 0x03, 0x05, 0x05, 0x05, 0x05, 0x05, 0x05, 0x0a, 0x05, 0x05, 0x05,
    0x05, 0x11, 0x05, 0x05, 0x05, 0x05, 0x05, 0x12, 0x05, 0x05, 0x05, 0x05,
    0x05, 0x0a, 0x05, 0x11, 0x0a, 0x0a, 0x05, 0x0a, 0x05, 0x05, 0x05, 0x11,
    0x0a, 0x05, 0x12, 0x05, 0x05, 0x0a, 0x05, 0x05, 0x0a, 0x05, 0x05, 0x12,
    0x05, 0x05, 0x05, 0x05, 0x05, 0x05, 0x05, 0x11, 0x05, 0x05, 0x05, 0x0a,
    0x05, 0x0a, 0x11, 0x05, 0x0a, 0x05, 0x05, 0x12, 0x05, 0x05, 0x0a, 0x05,
    0x05, 0x05, 0x05, 0x05, 0x05, 0x05, 0x05, 0x05, 0x05, 0x05, 0x05, 0x0a,
    0x05, 0x05, 0x05, 0x0a, 0x05, 0x05, 0x0a, 0x05, 0x0a, 0x05, 0x05, 0x0a,
    0x05, 0x05, 0x05, 0x05, 0x05, 0x05, 0x05, 0x05, 0x0a, 0x05, 0x05, 0x05,
    0x05, 0x05, 0x05, 0x05, 0x0a, 0x05, 0x05, 0x0a, 0x05, 0x05, 0x05, 0x05,
    0x05, 0x0a, 0x05, 0x05, 0x05, 0x0a, 0x05, 0x05, 0x05, 0x05, 0x0a, 0x05,
    0x05, 0x05, 0x05, 0x05, 0x05, 0x05, 0x05, 0x0a, 0x05, 0x05, 0x0a, 0x05,
    0x05, 0x0a, 0x05, 0x05, 0x05, 0x0a, 0x05, 0x05, 0x0a, 0x05, 0x05, 0x05,
    0x05, 0x05, 0x0a, 0x05, 0x05, 0x05, 0x0a, 0x05, 0x05, 0x0a, 0x11, 0x05,
    0x0a, 0x11, 0x0a, 0x05, 0x0a, 0x11, 0x0a, 0x05, 0x0a, 0x05, 0x05, 0x0a,
    0x11, 0x05, 0x05, 0x11, 0x05, 0x05, 0x0a, 0x05, 0x05, 0x11, 0x05, 0x05,
    0x05, 0x05, 0x0a, 0x05, 0x11, 0x0a, 0x05, 0x05, 0x11, 0x0a, 0x05, 0x11,
    0x05, 0x0a, 0x05, 0x05, 0x05, 0x05, 0x18, 0x0a, 0x05, 0x12, 0x05, 0x05,
    0x05, 0x05, 0x05, 0x0a, 0x05, 0x0a, 0x05, 0x05, 0x0a, 0x05, 0x05, 0x05,
    0x05, 0x0a, 0x11, 0x05, 0x0a, 0x11, 0x05, 0x0a, 0x05, 0x05, 0x05, 0x11,
    0x05, 0x0a, 0x05, 0x05, 0x0a, 0x05, 0x05, 0x05, 0x0a, 0x05, 0x11, 0x0a,
    0x05, 0x05, 0x05, 0x05, 0x05, 0x05, 0x12, 0x05, 0x0a, 0x11, 0x0a, 0x05,
    0x0a, 0x05, 0x05, 0x12, 0x05, 0x05, 0x05, 0x0a, 0x05, 0x05, 0x11, 0x05,
    0x0a, 0x05, 0x05, 0x05, 0x05, 0x11, 0x05, 0x0a, 0x11, 0x0a, 0x05, 0x12,
    0x05, 0x05, 0x0a, 0x05, 0x05, 0x12, 0x05, 0x05, 0x11, 0x05, 0x05, 0x05,
    0x11, 0x0a, 0x05, 0x05, 0x12, 0x05, 0x05, 0x0a, 0x05, 0x05, 0x0a, 0x05,
    0x05, 0x05, 0x0a, 0x05, 0x05, 0x12, 0x05, 0x05, 0x11, 0x0a, 0x05, 0x05,
    0x05, 0x05, 0x0a, 0x0a, 0x05, 0x05, 0x05, 0x05, 0x05, 0x05, 0x05, 0x12,
    0x05, 0x05, 0x11, 0x05, 0x0a, 0x05, 0x0a, 0x05, 0x0a, 0x05, 0x05, 0x0a,
    0x05, 0x05, 0x05, 0x0a, 0x05, 0x11, 0x0a, 0x05, 0x11, 0x0a, 0x05, 0x05,
    0x05, 0x05, 0x0a, 0x05, 0x05, 0x0a, 0x05, 0x05, 0x0a, 0x05, 0x05, 0x11,
    0x05, 0x05, 0x0a, 0x05, 0x05, 0x05, 0x05, 0x05, 0x0a, 0x05, 0x05, 0x05,
    0x12, 0x05, 0x05, 0x11, 0x05, 0x0a, 0x05, 0x05, 0x0a, 0x05, 0x05, 0x05,
    0x0a, 0x05, 0x05, 0x0a, 0x0a, 0x11, 0x05, 0x05, 0x0a, 0x05, 0x05, 0x0a,
    0x05, 0x05, 0x05, 0x05, 0x05, 0x0a, 0x05, 0x11, 0x0a, 0x05, 0x05, 0x03,
    0x05, 0x05, 0x05, 0x0a, 0x0a, 0x11, 0x05, 0x0a, 0x11, 0x05, 0x05, 0x0a,
    0x05, 0x11, 0x0a, 0x05, 0x11, 0x05, 0x05, 0x0a, 0x05, 0x05, 0x05, 0x05,
    0x05, 0x05, 0x05, 0x0a, 0x05, 0x05, 0x05, 0x12, 0x05, 0x05, 0x05, 0x05,
    0x05, 0x0a, 0x05, 0x05, 0x05, 0x12, 0x05, 0x0a, 0x11, 0x05, 0x0a, 0x05,
    0x05, 0x05, 0x0a, 0x05, 0x05, 0x05, 0x0a, 0x05, 0x05, 0x05, 0x05, 0x05,
    0x05, 0x0a, 0x05, 0x05, 0x0a, 0x05, 0x05, 0x0a, 0x05, 0x0a, 0x05, 0x05,
    0x0a, 0x05, 0x05, 0x05, 0x0a, 0x05, 0x11, 0x0a, 0x05, 0x05, 0x05, 0x0a,
    0x05, 0x0a, 0x05, 0x0a, 0x05, 0x05, 0x05, 0x05, 0x05, 0x05, 0x05, 0x0a,
    0x11, 0x05, 0x0a, 0x11, 0x05, 0x05, 0x11, 0x05, 0x0a, 0x05, 0x05, 0x0a,
    0x05, 0x05, 0x05, 0x12, 0x05, 0x05, 0x11, 0x05, 0x05, 0x12, 0x05, 0x05,
    0x12, 0x0a, 0x05, 0x05, 0x05, 0x0a, 0x05, 0x05, 0x0a, 0x11, 0x05, 0x05,
    0x11, 0x0a, 0x05, 0x11, 0x05, 0x05, 0x11, 0x0a, 0x05, 0x05, 0x05, 0x05,
    0x0a, 0x05, 0x05, 0x11, 0x0a, 0x05, 0x11, 0x05, 0x05, 0x12, 0x05, 0x05,
    0x11, 0x05, 0x0a, 0x05, 0x05, 0x0a, 0x05, 0x11, 0x05, 0x0a, 0x05, 0x05,
    0x05, 0x11, 0x05, 0x05, 0x05, 0x05, 0x05, 0x0a, 0x05, 0x05, 0x05, 0x0a,
    0x05, 0x05, 0x0a, 0x11, 0x05, 0x05, 0x0a, 0x05, 0x05, 0x05, 0x0a, 0x05,
    0x05, 0x05, 0x05, 0x05, 0x11, 0x0a, 0x05, 0x05, 0x0a, 0x05, 0x05, 0x05,
    0x05, 0x05, 0x0a, 0x05, 0x03, 0x05, 0x05, 0x05, 0x05, 0x05, 0x05, 0x0a,
    0x05, 0x05, 0x05, 0x11, 0x05, 0x05, 0x05, 0x0a, 0x05, 0x0a, 0x05, 0x05,
    0x05, 0x0a, 0x05, 0x05, 0x0a, 0x11, 0x05, 0x0a, 0x11, 0x05, 0x0a, 0x05,
    0x05, 0x05, 0x0a, 0x11, 0x05, 0x0a, 0x11, 0x05, 0x05, 0x05, 0x05, 0x05,
    0x05, 0x0a, 0x05, 0x05, 0x05, 0x05, 0x05, 0x05, 0x11, 0x05, 0x05, 0x12,
    0x05, 0x05, 0x0a, 0x12, 0x05, 0x05, 0x11, 0x0a, 0x05, 0x05, 0x05, 0x11,
    0x05, 0x0a, 0x11, 0x05, 0x05, 0x05, 0x05, 0x05, 0x05, 0x05, 0x05, 0x05,
    0x05, 0x05, 0x11, 0x05, 0x05, 0x05, 0x05, 0x0a, 0x11, 0x05, 0x0a, 0x05,
    0x12, 0x05, 0x05, 0x0a, 0x05, 0x05, 0x05, 0x05, 0x05, 0x0a, 0x0a, 0x05,
    0x05, 0x11, 0x05, 0x05, 0x0a, 0x05, 0x05, 0x0a, 0x05, 0x05, 0x0a, 0x0a,
    0x05, 0x05, 0x05, 0x0a, 0x05, 0x05, 0x05, 0x11, 0x0a, 0x05, 0x05, 0x0a,
    0x05, 0x05, 0x05, 0x05, 0x05, 0x05, 0x05, 0x0a, 0x05, 0x0a, 0x05, 0x05,
    0x05, 0x11, 0x0a, 0x05, 0x05, 0x05, 0x0a, 0x05, 0x05, 0x05, 0x0a, 0x05,
    0x05, 0x0a, 0x05, 0x05, 0x0a, 0x05, 0x05, 0x11, 0x0a, 0x05, 0x05, 0x0a,
    0x05, 0x05, 0x05, 0x12, 0x05, 0x0a, 0x05, 0x0a, 0x0a, 0x05, 0x05, 0x0a,
    0x05, 0x05, 0x0a, 0x11, 0x05, 0x05, 0x11, 0x05, 0x0a, 0x05, 0x11, 0x05,
    0x05, 0x11, 0x05, 0x05, 0x0a, 0x11, 0x05, 0x0a, 0x05, 0x05, 0x05, 0x0a,
    0x11, 0x05, 0x0a, 0x11, 0x05, 0x0a, 0x05, 0x11, 0x0a, 0x03, 0x0a, 0x05,
    0x0a, 0x11, 0x05, 0x05, 0x05, 0x05, 0x0a, 0x0a, 0x05, 0x0a, 0x05, 0x05,
    0x05, 0x05, 0x0a, 0x05, 0x11, 0x0a, 0x05, 0x11, 0x0a, 0x05, 0x05, 0x0a,
    0x05, 0x05, 0x05, 0x05, 0x0a, 0x05, 0x05, 0x0a, 0x05, 0x05, 0x05, 0x05,
    0x0a, 0x0a, 0x05, 0x05, 0x0a, 0x05, 0x05, 0x0a, 0x11, 0x0a, 0x05, 0x12,
    0x05, 0x0a, 0x05, 0x05, 0x05, 0x05, 0x05, 0x05, 0x05, 0x0a, 0x05, 0x05,
    0x05, 0x05, 0x0a, 0x05, 0x05, 0x05, 0x05, 0x05, 0x0a, 0x05, 0x12, 0x05,
    0x0a, 0x12, 0x05, 0x0a, 0x05, 0x0a, 0x05, 0x0a, 0x0a, 0x05, 0x11, 0x05,
    0x05, 0x05, 0x05, 0x05, 0x0a, 0x05, 0x05, 0x0a, 0x11, 0x05, 0x0a, 0x05,
    0x05, 0x05, 0x11, 0x05, 0x0a, 0x05, 0x05, 0x0a, 0x05, 0x11, 0x05, 0x05,
    0x0a, 0x05, 0x05, 0x11, 0x05, 0x05, 0x0a, 0x05, 0x11, 0x05, 0x05, 0x05,
    0x0a, 0x05, 0x05, 0x11, 0x05, 0x0a, 0x05, 0x0a, 0x0a, 0x11, 0x0a, 0x05,
    0x05, 0x05, 0x12, 0x05, 0x05, 0x0a, 0x05, 0x05, 0x0a, 0x11, 0x05, 0x05,
    0x0a, 0x05, 0x05, 0x11, 0x0a, 0x05, 0x05, 0x05, 0x11, 0x0a, 0x05, 0x05,
    0x05, 0x05, 0x05, 0x11, 0x05, 0x0a, 0x05, 0x05, 0x05, 0x05, 0x05, 0x05,
    0x05, 0x11, 0x05, 0x0a, 0x11, 0x05, 0x05, 0x05, 0x0a, 0x05, 0x05, 0x0a,
    0x05, 0x05, 0x0a, 0x05, 0x05, 0x0a, 0x0a, 0x05, 0x05, 0x05, 0x0a, 0x05,
    0x05, 0x12, 0x05, 0x05, 0x05, 0x05, 0x05, 0x0a, 0x05, 0x05, 0x0a, 0x05,
    0x05, 0x05, 0x03, 0x05, 0x05, 0x05, 0x0a, 0x0a, 0x05, 0x11, 0x05, 0x05,
    0x05, 0x05, 0x0a, 0x11, 0x05, 0x0a, 0x11, 0x05, 0x05, 0x05, 0x05, 0x05,
    0x05, 0x05, 0x05, 0x05, 0x0a, 0x05, 0x05, 0x0a, 0x11, 0x05, 0x05, 0x11,
    0x05, 0x0a, 0x05, 0x05, 0x05, 0x11, 0x05, 0x05, 0x12, 0x05, 0x05, 0x11,
    0x05, 0x05, 0x05, 0x0a, 0x05, 0x05, 0x05, 0x0a, 0x05, 0x0a, 0x11, 0x0a,
    0x05, 0x05, 0x05, 0x12, 0x05, 0x05, 0x12, 0x05, 0x05, 0x0a, 0x0a, 0x05,
    0x05, 0x05, 0x0a, 0x05, 0x05, 0x05, 0x05, 0x05, 0x05, 0x12, 0x05, 0x05,
    0x05, 0x05, 0x0a, 0x05, 0x0a, 0x05, 0x0a, 0x05, 0x11, 0x05, 0x05, 0x05,
    0x05, 0x05, 0x05, 0x12, 0x05, 0x0a, 0x0a, 0x05, 0x05, 0x05, 0x0a, 0x05,
    0x05, 0x0a, 0x05, 0x05, 0x12, 0x05, 0x05, 0x05, 0x0a, 0x05, 0x05, 0x11,
    0x0a, 0x05, 0x0a, 0x05, 0x05, 0x0a, 0x05, 0x05, 0x0a, 0x05, 0x11, 0x05,
    0x05, 0x05, 0x05, 0x05, 0x0a, 0x11, 0x05, 0x05, 0x05, 0x0a, 0x05, 0x05,
    0x05, 0x05, 0x0a, 0x05, 0x11, 0x05, 0x0a, 0x05, 0x05, 0x05, 0x0a, 0x11,
    0x05, 0x05, 0x05, 0x0a, 0x05, 0x0a, 0x05, 0x0a, 0x05, 0x05, 0x05, 0x12,
    0x05, 0x05, 0x0a, 0x11, 0x05, 0x0a, 0x05, 0x05, 0x05, 0x05, 0x0a, 0x11,
    0x05, 0x05, 0x0a, 0x05, 0x05, 0x05, 0x05, 0x05, 0x0a, 0x05, 0x05, 0x05,
    0x12, 0x05, 0x05, 0x05, 0x05, 0x05, 0x0a, 0x05, 0x05, 0x0a, 0x05, 0x05,
    0x05, 0x05, 0x11, 0x05, 0x05, 0x0a, 0x05, 0x03, 0x05, 0x05, 0x05, 0x05,
    0x05, 0x0a, 0x05, 0x0a, 0x11, 0x05, 0x05, 0x05, 0x05, 0x0a, 0x05, 0x05,
    0x0a, 0x05, 0x0a, 0x05, 0x0a, 0x05, 0x0a, 0x11, 0x05, 0x05, 0x11, 0x0a,
    0x05, 0x05, 0x0a, 0x05, 0x05, 0x0a, 0x11, 0x05, 0x0a, 0x0a, 0x05, 0x05,
    0x05, 0x05, 0x0a, 0x05, 0x05, 0x0a, 0x05, 0x05, 0x05, 0x05, 0x05, 0x11,
    0x05, 0x0a, 0x05, 0x05, 0x05, 0x12, 0x05, 0x05, 0x05, 0x0a, 0x05, 0x05,
    0x05, 0x11, 0x05, 0x05, 0x12, 0x05, 0x05, 0x11, 0x05, 0x05, 0x05, 0x0a,
    0x05, 0x05, 0x05, 0x05, 0x11, 0x05, 0x05, 0x11, 0x05, 0x05, 0x12, 0x05,
    0x05, 0x0a, 0x05, 0x0a, 0x11, 0x0a, 0x05, 0x05, 0x05, 0x05, 0x05, 0x11,
    0x05, 0x05, 0x11, 0x05, 0x05, 0x11, 0x05, 0x0a, 0x05, 0x05, 0x05, 0x05,
    0x12, 0x05, 0x05, 0x0a, 0x05, 0x05, 0x05, 0x05, 0x12, 0x05, 0x05, 0x11,
    0x05, 0x0a, 0x05, 0x05, 0x05, 0x05, 0x12, 0x05, 0x05, 0x05, 0x0a, 0x05,
    0x05, 0x0a, 0x11, 0x05, 0x0a, 0x11, 0x05, 0x05, 0x0a, 0x05, 0x05, 0x05,
    0x12, 0x05, 0x05, 0x05, 0x0a, 0x05, 0x05, 0x0a, 0x11, 0x05, 0x05, 0x12,
    0x05, 0x05, 0x0a, 0x05, 0x05, 0x0a, 0x05, 0x05, 0x0a, 0x05, 0x05, 0x0a,
    0x05, 0x11, 0x0a, 0x05, 0x05, 0x0a, 0x05, 0x11, 0x0a, 0x05, 0x11, 0x0a,
    0x05, 0x11, 0x05, 0x05, 0x05, 0x05, 0x0a, 0x11, 0x0a, 0x05, 0x11, 0x05,
    0x05, 0x12, 0x05, 0x0a, 0x11, 0x05, 0x0a, 0x0a, 0x05, 0x05, 0x12, 0x05,
    0x03, 0x0a, 0x05, 0x0a, 0x11, 0x05, 0x05, 0x05, 0x0a, 0x05, 0x0a, 0x11,
    0x05, 0x0a, 0x05, 0x05, 0x05, 0x11, 0x0a, 0x05, 0x11, 0x05, 0x0a, 0x05,
    0x05, 0x0a, 0x05, 0x05, 0x05, 0x05, 0x05, 0x0a, 0x05, 0x05, 0x05, 0x05,
    0x05, 0x11, 0x05, 0x0a, 0x05, 0x0a, 0x05, 0x05, 0x05, 0x0a, 0x05, 0x05,
    0x12, 0x05, 0x0a, 0x0a, 0x05, 0x05, 0x05, 0x11, 0x05, 0x05, 0x05, 0x0a,
    0x05, 0x05, 0x05, 0x0a, 0x05, 0x0a, 0x05, 0x05, 0x05, 0x05, 0x0a, 0x05,
    0x05, 0x0a, 0x05, 0x11, 0x0a, 0x05, 0x11, 0x0a, 0x05, 0x0a, 0x0a, 0x05,
    0x05, 0x0a, 0x05, 0x05, 0x05, 0x05, 0x05, 0x0a, 0x05, 0x05, 0x05, 0x0a,
    0x05, 0x05, 0x0a, 0x05, 0x05, 0x0a, 0x0a, 0x05, 0x0a, 0x05, 0x05, 0x0a,
    0x05, 0x05, 0x05, 0x0a, 0x05, 0x05, 0x05, 0x05, 0x05, 0x0a, 0x05, 0x05,
    0x05, 0x05, 0x0a, 0x05, 0x05, 0x05, 0x05, 0x0a, 0x05, 0x0a, 0x05, 0x05,
    0x0a, 0x05, 0x05, 0x05, 0x05, 0x0a, 0x05, 0x05, 0x05, 0x0a, 0x05, 0x05,
    0x05, 0x05, 0x0a, 0x05, 0x05, 0x05, 0x0a, 0x05, 0x05, 0x05, 0x0a, 0x05,
    0x05, 0x05, 0x05, 0x05, 0x05, 0x05, 0x05, 0x12, 0x05, 0x05, 0x05, 0x11,
    0x05, 0x0a, 0x05, 0x11, 0x05, 0x0a, 0x05, 0x05, 0x05, 0x05, 0x0a, 0x05,
    0x05, 0x05, 0x05, 0x0a, 0x05, 0x05, 0x0a, 0x05, 0x12, 0x05, 0x05, 0x05,
    0x05, 0x05, 0x0a, 0x05, 0x05, 0x0a, 0x05, 0x05, 0x05, 0x0a, 0x05, 0x05,
    0x05, 0x05, 0x05, 0x05, 0x0a, 0x03, 0x05, 0x05, 0x05, 0x0a, 0x05, 0x05,
    0x11, 0x05, 0x05, 0x05, 0x0a, 0x05, 0x05, 0x11, 0x0a, 0x05, 0x05, 0x05,
    0x05, 0x05, 0x05, 0x11, 0x05, 0x05, 0x0a, 0x05, 0x05, 0x12, 0x05, 0x05,
    0x11, 0x0a, 0x05, 0x11, 0x0a, 0x05, 0x05, 0x05, 0x05, 0x11, 0x05, 0x0a,
    0x11, 0x05, 0x05, 0x11, 0x05, 0x05, 0x05, 0x05, 0x11, 0x05, 0x0a, 0x05,
    0x0a, 0x0a, 0x05, 0x05, 0x05, 0x12, 0x05, 0x05, 0x11, 0x05, 0x05, 0x0a,
    0x05, 0x11, 0x0a, 0x05, 0x05, 0x0a, 0x05, 0x05, 0x0a, 0x05, 0x05, 0x05,
    0x05, 0x05, 0x05, 0x05, 0x05, 0x0a, 0x05, 0x05, 0x0a, 0x05, 0x11, 0x05,
    0x05, 0x11, 0x05, 0x05, 0x12, 0x05, 0x05, 0x12, 0x05, 0x05, 0x05, 0x05,
    0x05, 0x0a, 0x05, 0x05, 0x11, 0x05, 0x0a, 0x11, 0x05, 0x0a, 0x05, 0x12,
    0x05, 0x05, 0x11, 0x0a, 0x05, 0x11, 0x0a, 0x05, 0x05, 0x0a, 0x11, 0x05,
    0x05, 0x11, 0x05, 0x05, 0x05, 0x11, 0x0a, 0x05, 0x11, 0x0a, 0x05, 0x11,
    0x05, 0x05, 0x05, 0x0a, 0x11, 0x0a, 0x05, 0x11, 0x0a, 0x05, 0x05, 0x11,
    0x0a, 0x05, 0x11, 0x05, 0x0a, 0x11, 0x0a, 0x05, 0x0a, 0x05, 0x05, 0x0a,
    0x05, 0x05, 0x05, 0x0a, 0x05, 0x05, 0x05, 0x0a, 0x05, 0x05, 0x05, 0x0a,
    0x05, 0x05, 0x12, 0x05, 0x05, 0x05, 0x0a, 0x05, 0x05, 0x05, 0x11, 0x05,
    0x0a, 0x05, 0x05, 0x0a, 0x05, 0x05, 0x05, 0x0a, 0x05, 0x05, 0x05, 0x05,
    0x05, 0x05, 0x05, 0x11, 0x05, 0x0a, 0x11, 0x05, 0x05, 0x05, 0x03, 0x05,
    0x05, 0x05, 0x05, 0x0a, 0x05, 0x0a, 0x05, 0x05, 0x05, 0x05, 0x0a, 0x05,
    0x05, 0x05, 0x0a, 0x05, 0x05, 0x0a, 0x0a, 0x05, 0x05, 0x0a, 0x05, 0x11,
    0x05, 0x0a, 0x05, 0x05, 0x0a, 0x05, 0x05, 0x0a, 0x05, 0x05, 0x0a, 0x0a,
    0x05, 0x05, 0x0a, 0x05, 0x05, 0x0a, 0x05, 0x0a, 0x05, 0x0a, 0x05, 0x05,
    0x0a, 0x05, 0x05, 0x05, 0x05, 0x05, 0x05, 0x12, 0x05, 0x05, 0x05, 0x0a,
    0x05, 0x05, 0x0a, 0x05, 0x11, 0x0a, 0x05, 0x05, 0x05, 0x11, 0x05, 0x05,
    0x11, 0x05, 0x05, 0x0a, 0x05, 0x0a, 0x11, 0x05, 0x05, 0x12, 0x05, 0x05,
    0x11, 0x0a, 0x05, 0x0a, 0x0a, 0x05, 0x0a, 0x05, 0x05, 0x05, 0x05, 0x05,
    0x05, 0x05, 0x0a, 0x11, 0x05, 0x05, 0x11, 0x0a, 0x05, 0x05, 0x0a, 0x05,
    0x05, 0x05, 0x05, 0x05, 0x05, 0x0a, 0x05, 0x05, 0x05, 0x0a, 0x05, 0x05,
    0x05, 0x05, 0x0a, 0x05, 0x05, 0x0a, 0x05, 0x0a, 0x0a, 0x05, 0x05, 0x05,
    0x0a, 0x05, 0x05, 0x05, 0x0a, 0x05, 0x05, 0x0a, 0x05, 0x05, 0x05, 0x05,
    0x05, 0x05, 0x0a, 0x05, 0x05, 0x05, 0x0a, 0x05, 0x05, 0x05, 0x05, 0x05,
    0x0a, 0x11, 0x05, 0x0a, 0x11, 0x05, 0x05, 0x0a, 0x11, 0x05, 0x0a, 0x05,
    0x11, 0x0a, 0x05, 0x11, 0x05, 0x05, 0x0a, 0x05, 0x05, 0x11, 0x0a, 0x05,
    0x11, 0x0a, 0x05, 0x05, 0x05, 0x05, 0x05, 0x05, 0x12, 0x05, 0x05, 0x12,
    0x05, 0x05, 0x12, 0x05, 0x0a, 0x12, 0x05, 0x05, 0x0a, 0x05, 0x05, 0x0a,
    0x0a, 0x05, 0x05, 0x18, 0x0a, 0x05, 0x11, 0x0a, 0x05, 0x11, 0x05, 0x0a,
    0x12, 0x05, 0x05, 0x11, 0x0a, 0x05, 0x05, 0x11, 0x0a, 0x05, 0x11, 0x05,
    0x05, 0x0a, 0x05, 0x05, 0x05, 0x0a, 0x05, 0x05, 0x05, 0x0a, 0x05, 0x05,
    0x05, 0x05, 0x05, 0x05, 0x11, 0x05, 0x0a, 0x05, 0x11, 0x05, 0x05, 0x05,
    0x05, 0x0a, 0x05, 0x11, 0x0a, 0x05, 0x05, 0x0a, 0x11, 0x05, 0x05, 0x05,
    0x05, 0x0a, 0x05, 0x05, 0x05, 0x0a, 0x05, 0x05, 0x05, 0x05, 0x05, 0x0a,
    0x05, 0x05, 0x0a, 0x05, 0x0a, 0x0a, 0x05, 0x05, 0x11, 0x0a, 0x05, 0x05,
    0x0a, 0x05, 0x05, 0x05, 0x05, 0x0a, 0x05, 0x05, 0x05, 0x05, 0x05, 0x05,
    0x0a, 0x05, 0x0a, 0x05, 0x0a, 0x05, 0x05, 0x0a, 0x05, 0x05, 0x0a, 0x05,
    0x05, 0x0a, 0x05, 0x05, 0x05, 0x0a, 0x11, 0x05, 0x0a, 0x05, 0x05, 0x0a,
    0x05, 0x05, 0x05, 0x0a, 0x11, 0x05, 0x0a, 0x11, 0x05, 0x0a, 0x05, 0x05,
    0x11, 0x05, 0x0a, 0x05, 0x05, 0x05, 0x05, 0x05, 0x0a, 0x05, 0x11, 0x0a,
    0x05, 0x11, 0x05, 0x0a, 0x05, 0x05, 0x12, 0x05, 0x05, 0x05, 0x05, 0x0a,
    0x05, 0x05, 0x0a, 0x05, 0x05, 0x05, 0x05, 0x05, 0x05, 0x05, 0x05, 0x0a,
    0x05, 0x05, 0x05, 0x0a, 0x05, 0x05, 0x05, 0x05, 0x0a, 0x05, 0x05, 0x11,
    0x05, 0x05, 0x0a, 0x05, 0x05, 0x05, 0x0a, 0x05, 0x0a, 0x0a, 0x11, 0x05,
    0x0a, 0x05, 0x05, 0x05, 0x0a, 0x05, 0x05, 0x05, 0x05, 0x05, 0x05, 0x05,
    0x0a, 0x05, 0x05, 0x05, 0x05, 0x05, 0x11, 0x0a, 0x03, 0x05, 0x05, 0x0a,
    0x05, 0x05, 0x05, 0x05, 0x05, 0x05, 0x0a, 0x05, 0x05, 0x05, 0x0a, 0x05,
    0x05, 0x05, 0x05, 0x05, 0x05, 0x12, 0x05, 0x05, 0x12, 0x05, 0x05, 0x11,
    0x05, 0x0a, 0x11, 0x05, 0x05, 0x12, 0x05, 0x0a, 0x05, 0x05, 0x0a, 0x05,
    0x05, 0x0a, 0x05, 0x11, 0x0a, 0x05, 0x11, 0x05, 0x05, 0x05, 0x05, 0x05,
    0x0a, 0x05, 0x0a, 0x0a, 0x11, 0x05, 0x05, 0x0a, 0x11, 0x05, 0x05, 0x12,
    0x05, 0x0a, 0x05, 0x05, 0x11, 0x0a, 0x05, 0x05, 0x05, 0x05, 0x05, 0x0a,
    0x05, 0x05, 0x05, 0x05, 0x05, 0x0a, 0x05, 0x05, 0x0a, 0x05, 0x05, 0x11,
    0x05, 0x05, 0x11, 0x05, 0x05, 0x11, 0x0a, 0x05, 0x11, 0x05, 0x0a, 0x11,
    0x05, 0x05, 0x0a, 0x05, 0x05, 0x11, 0x05, 0x05, 0x11, 0x0a, 0x05, 0x05,
    0x0a, 0x11, 0x05, 0x05, 0x11, 0x0a, 0x05, 0x11, 0x05, 0x05, 0x0a, 0x05,
    0x05, 0x05, 0x05, 0x11, 0x05, 0x05, 0x05, 0x11, 0x0a, 0x05, 0x11, 0x0a,
    0x05, 0x11, 0x05, 0x05, 0x05, 0x05, 0x05, 0x0a, 0x05, 0x11, 0x0a, 0x05,
    0x05, 0x12, 0x05, 0x05, 0x11, 0x05, 0x0a, 0x11, 0x05, 0x0a, 0x11, 0x0a,
    0x05, 0x05, 0x0a, 0x05, 0x11, 0x05, 0x05, 0x0a, 0x11, 0x05, 0x05, 0x0a,
    0x05, 0x05, 0x0a, 0x05, 0x0a, 0x05, 0x05, 0x05, 0x05, 0x05, 0x0a, 0x11,
    0x05, 0x05, 0x05, 0x05, 0x0a, 0x05, 0x05, 0x05, 0x0a, 0x05, 0x11, 0x0a,
    0x05, 0x05, 0x0a, 0x05, 0x11, 0x05, 0x0a, 0x11, 0x05, 0x0a, 0x05, 0x05,
    0x05, 0x03, 0x05, 0x05, 0x05, 0x05, 0x0a, 0x0a, 0x05, 0x05, 0x05, 0x05,
    0x0a, 0x05, 0x11, 0x05, 0x0a, 0x05, 0x0a, 0x11, 0x0a, 0x05, 0x05, 0x05,
    0x05, 0x0a, 0x05, 0x05, 0x0a, 0x05, 0x05, 0x05, 0x05, 0x0a, 0x05, 0x05,
    0x11, 0x0a, 0x05, 0x05, 0x11, 0x05, 0x0a, 0x05, 0x05, 0x0a, 0x05, 0x05,
    0x0a, 0x05, 0x0a, 0x11, 0x05, 0x05, 0x05, 0x05, 0x05, 0x0a, 0x05, 0x05,
    0x05, 0x0a, 0x05, 0x05, 0x05, 0x05, 0x11, 0x0a, 0x05, 0x05, 0x05, 0x0a,
    0x11, 0x05, 0x05, 0x11, 0x05, 0x0a, 0x05, 0x11, 0x0a, 0x05, 0x11, 0x05,
    0x0a, 0x11, 0x05, 0x0a, 0x05, 0x0a, 0x0a, 0x05, 0x0a, 0x05, 0x05, 0x05,
    0x05, 0x05, 0x05, 0x05, 0x0a, 0x05, 0x11, 0x05, 0x05, 0x0a, 0x05, 0x05,
    0x0a, 0x05, 0x05, 0x05, 0x05, 0x05, 0x05, 0x0a, 0x05, 0x05, 0x05, 0x0a,
    0x05, 0x05, 0x0a, 0x05, 0x05, 0x05, 0x0a, 0x05, 0x0a, 0x0a, 0x05, 0x05,
    0x05, 0x0a, 0x05, 0x05, 0x0a, 0x05, 0x05, 0x0a, 0x05, 0x0a, 0x05, 0x05,
    0x0a, 0x05, 0x05, 0x05, 0x05, 0x05, 0x0a, 0x05, 0x0a, 0x05, 0x05, 0x05,
    0x05, 0x05, 0x05, 0x0a, 0x05, 0x05, 0x12, 0x05, 0x05, 0x0a, 0x05, 0x05,
    0x05, 0x05, 0x05, 0x0a, 0x11, 0x05, 0x05, 0x11, 0x05, 0x0a, 0x05, 0x05,
    0x12, 0x05, 0x05, 0x05, 0x05, 0x05, 0x05, 0x11, 0x05, 0x05, 0x05, 0x11,
    0x0a, 0x05, 0x05, 0x05, 0x05, 0x0a, 0x11, 0x05, 0x0a, 0x05, 0x05, 0x05,
    0x0a, 0x05, 0x11, 0x0a, 0x05, 0x05, 0x18, 0x0a, 0x05, 0x05, 0x11, 0x05,
    0x05, 0x12, 0x05, 0x05, 0x11, 0x05, 0x0a, 0x05, 0x05, 0x11, 0x05, 0x05,
    0x0a, 0x05, 0x05, 0x0a, 0x05, 0x05, 0x05, 0x05, 0x0a, 0x05, 0x05, 0x0a,
    0x05, 0x11, 0x0a, 0x05, 0x05, 0x05, 0x05, 0x0a, 0x05, 0x05, 0x05, 0x05,
    0x05, 0x05, 0x05, 0x05, 0x05, 0x05, 0x0a, 0x05, 0x05, 0x0a, 0x11, 0x05,
    0x05, 0x11, 0x05, 0x0a, 0x05, 0x11, 0x05, 0x0a, 0x05, 0x05, 0x0a, 0x05,
    0x05, 0x0a, 0x05, 0x05, 0x05, 0x0a, 0x0a, 0x05, 0x05, 0x0a, 0x05, 0x05,
    0x0a, 0x05, 0x05, 0x05, 0x0a, 0x05, 0x05, 0x05, 0x05, 0x05, 0x05, 0x05,
    0x05, 0x0a, 0x11, 0x05, 0x0a, 0x0a, 0x05, 0x11, 0x05, 0x05, 0x0a, 0x05,
    0x05, 0x0a, 0x11, 0x05, 0x0a, 0x05, 0x05, 0x12, 0x05, 0x0a, 0x05, 0x05,
    0x0a, 0x11, 0x05, 0x05, 0x05, 0x0a, 0x05, 0x11, 0x05, 0x05, 0x12, 0x05,
    0x05, 0x05, 0x05, 0x0a, 0x05, 0x05, 0x05, 0x05, 0x05, 0x11, 0x05, 0x0a,
    0x05, 0x05, 0x12, 0x05, 0x05, 0x11, 0x05, 0x0a, 0x05, 0x05, 0x0a, 0x05,
    0x05, 0x05, 0x0a, 0x11, 0x0a, 0x05, 0x05, 0x05, 0x05, 0x05, 0x05, 0x05,
    0x05, 0x05, 0x0a, 0x05, 0x12, 0x05, 0x05, 0x0a, 0x05, 0x05, 0x0a, 0x05,
    0x05, 0x05, 0x05, 0x05, 0x0a, 0x05, 0x0a, 0x05, 0x11, 0x0a, 0x0a, 0x05,
    0x0a, 0x0a, 0x05, 0x05, 0x0a, 0x05, 0x11, 0x05, 0x0a, 0x05, 0x05, 0x05,
    0x05, 0x05, 0x0a, 0x05, 0x05, 0x05, 0x05, 0x05, 0x0a, 0x05, 0x05, 0x03,
    0x05, 0x0a, 0x05, 0x0a, 0x05, 0x05, 0x05, 0x0a, 0x05, 0x0a, 0x05, 0x05,
    0x0a, 0x05, 0x05, 0x0a, 0x05, 0x05, 0x05, 0x05, 0x12, 0x05, 0x05, 0x12,
    0x05, 0x05, 0x11, 0x05, 0x0a, 0x05, 0x05, 0x05, 0x0a, 0x05, 0x05, 0x11,
    0x05, 0x0a, 0x05, 0x0a, 0x11, 0x0a, 0x05, 0x12, 0x05, 0x05, 0x12, 0x05,
    0x05, 0x05, 0x0a, 0x05, 0x0a, 0x0a, 0x05, 0x05, 0x05, 0x0a, 0x05, 0x05,
    0x05, 0x12, 0x05, 0x05, 0x05, 0x05, 0x11, 0x0a, 0x05, 0x11, 0x05, 0x05,
    0x05, 0x0a, 0x11, 0x05, 0x05, 0x05, 0x05, 0x0a, 0x05, 0x11, 0x05, 0x0a,
    0x05, 0x11, 0x0a, 0x05, 0x11, 0x05, 0x05, 0x0a, 0x05, 0x05, 0x11, 0x0a,
    0x0a, 0x05, 0x05, 0x05, 0x0a, 0x05, 0x05, 0x05, 0x05, 0x05, 0x11, 0x0a,
    0x05, 0x05, 0x0a, 0x11, 0x05, 0x05, 0x0a, 0x05, 0x05, 0x12, 0x05, 0x05,
    0x0a, 0x05, 0x05, 0x05, 0x05, 0x05, 0x11, 0x05, 0x05, 0x12, 0x05, 0x0a,
    0x11, 0x0a, 0x05, 0x05, 0x05, 0x05, 0x05, 0x05, 0x0a, 0x05, 0x05, 0x0a,
    0x05, 0x11, 0x0a, 0x05, 0x11, 0x05, 0x05, 0x05, 0x05, 0x0a, 0x11, 0x0a,
    0x0a, 0x11, 0x0a, 0x05, 0x0a, 0x11, 0x05, 0x05, 0x05, 0x05, 0x0a, 0x05,
    0x11, 0x05, 0x05, 0x0a, 0x05, 0x0a, 0x12, 0x05, 0x05, 0x11, 0x05, 0x05,
    0x0a, 0x05, 0x05, 0x05, 0x05, 0x05, 0x05, 0x11, 0x0a, 0x05, 0x05, 0x05,
    0x0a, 0x05, 0x11, 0x0a, 0x05, 0x05, 0x12, 0x05, 0x05, 0x12, 0x05, 0x05,
    0x0a, 0x05, 0x11, 0x0a, 0x03, 0x05, 0x05, 0x05, 0x05, 0x0a, 0x05, 0x05,
    0x05, 0x05, 0x05, 0x11, 0x05, 0x05, 0x0a, 0x05, 0x05, 0x12, 0x05, 0x05,
    0x05, 0x05, 0x05, 0x0a, 0x05, 0x05, 0x0a, 0x05, 0x05, 0x11, 0x0a, 0x05,
    0x05, 0x11, 0x0a, 0x05, 0x0a, 0x05, 0x11, 0x05, 0x05, 0x0a, 0x05, 0x05,
    0x05, 0x0a, 0x05, 0x05, 0x05, 0x11, 0x0a, 0x05, 0x05, 0x05, 0x05, 0x0a,
    0x05, 0x11, 0x05, 0x0a, 0x05, 0x05, 0x05, 0x0a, 0x11, 0x0a, 0x05, 0x05,
    0x05, 0x0a, 0x05, 0x05, 0x05, 0x12, 0x05, 0x05, 0x05, 0x12, 0x05, 0x05,
    0x12, 0x05, 0x05, 0x0a, 0x05, 0x05, 0x0a, 0x05, 0x05, 0x0a, 0x05, 0x05,
    0x05, 0x05, 0x05, 0x05, 0x05, 0x05, 0x0a, 0x11, 0x05, 0x05, 0x12, 0x05,
    0x0a, 0x05, 0x05, 0x0a, 0x05, 0x05, 0x05, 0x05, 0x05, 0x05, 0x0a, 0x05,
    0x05, 0x0a, 0x05, 0x05, 0x05, 0x05, 0x0a, 0x05, 0x0a, 0x0a, 0x05, 0x0a,
    0x05, 0x05, 0x05, 0x0a, 0x05, 0x05, 0x05, 0x0a, 0x05, 0x12, 0x05, 0x05,
    0x05, 0x05, 0x0a, 0x05, 0x05, 0x05, 0x05, 0x05, 0x05, 0x0a, 0x05, 0x12,
    0x05, 0x05, 0x05, 0x05, 0x05, 0x05, 0x05, 0x05, 0x0a, 0x05, 0x05, 0x0a,
    0x05, 0x11, 0x05, 0x0a, 0x05, 0x05, 0x0a, 0x05, 0x11, 0x05, 0x05, 0x05,
    0x05, 0x0a, 0x05, 0x05, 0x05, 0x11, 0x0a, 0x05, 0x11, 0x0a, 0x05, 0x05,
    0x05, 0x05, 0x05, 0x0a, 0x05, 0x05, 0x05, 0x05, 0x0a, 0x05, 0x05, 0x05,
    0x05, 0x05, 0x0a, 0x05, 0x11, 0x05, 0x05, 0x05, 0x05, 0x18, 0x05, 0x0a,
    0x05, 0x11, 0x05, 0x0a, 0x11, 0x05, 0x0a, 0x05, 0x0a, 0x05, 0x05, 0x11,
    0x05, 0x05, 0x05, 0x0a, 0x05, 0x12, 0x05, 0x05, 0x05, 0x05, 0x05, 0x12,
    0x05, 0x05, 0x05, 0x05, 0x0a, 0x05, 0x05, 0x05, 0x05, 0x05, 0x0a, 0x05,
    0x05, 0x05, 0x05, 0x05, 0x05, 0x05, 0x11, 0x0a, 0x05, 0x05, 0x0a, 0x05,
    0x05, 0x11, 0x05, 0x05, 0x11, 0x0a, 0x05, 0x05, 0x05, 0x12, 0x05, 0x05,
    0x05, 0x05, 0x05, 0x0a, 0x05, 0x05, 0x05, 0x0a, 0x05, 0x05, 0x05, 0x05,
    0x0a, 0x05, 0x05, 0x0a, 0x05, 0x05, 0x05, 0x05, 0x05, 0x11, 0x05, 0x05,
    0x05, 0x05, 0x0a, 0x11, 0x05, 0x0a, 0x12, 0x05, 0x05, 0x05, 0x05, 0x05,
    0x0a, 0x05, 0x05, 0x05, 0x05, 0x05, 0x12, 0x05, 0x05, 0x05, 0x0a, 0x11,
    0x05, 0x0a, 0x05, 0x11, 0x05, 0x05, 0x11, 0x05, 0x0a, 0x11, 0x05, 0x05,
    0x11, 0x05, 0x05, 0x11, 0x0a, 0x05, 0x05, 0x05, 0x05, 0x05, 0x05, 0x05,
    0x05, 0x0a, 0x05, 0x0a, 0x11, 0x05, 0x0a, 0x11, 0x05, 0x0a, 0x11, 0x0a,
    0x05, 0x05, 0x05, 0x05, 0x0a, 0x05, 0x05, 0x0a, 0x05, 0x05, 0x05, 0x05,
    0x11, 0x05, 0x05, 0x05, 0x0a, 0x05, 0x05, 0x0a, 0x05, 0x05, 0x05, 0x0a,
    0x05, 0x05, 0x0a, 0x05, 0x05, 0x05, 0x0a, 0x05, 0x0a, 0x05, 0x05, 0x05,
    0x05, 0x0a, 0x05, 0x05, 0x12, 0x0a, 0x05, 0x11, 0x05, 0x0a, 0x11, 0x05,
    0x0a, 0x05, 0x11, 0x0a, 0x05, 0x05, 0x12, 0x05, 0x05, 0x0a, 0x05, 0x0a,
    0x05, 0x05, 0x03, 0x05, 0x05, 0x0a, 0x05, 0x05, 0x05, 0x0a, 0x05, 0x11,
    0x0a, 0x05, 0x05, 0x0a, 0x05, 0x0a, 0x05, 0x05, 0x05, 0x05, 0x0a, 0x05,
    0x05, 0x12, 0x05, 0x05, 0x05, 0x0a, 0x05, 0x05, 0x0a, 0x11, 0x05, 0x0a,
    0x05, 0x11, 0x05, 0x0a, 0x05, 0x0a, 0x11, 0x05, 0x0a, 0x12, 0x05, 0x05,
    0x05, 0x0a, 0x05, 0x05, 0x05, 0x0a, 0x05, 0x0a, 0x05, 0x05, 0x05, 0x0a,
    0x05, 0x05, 0x05, 0x0a, 0x05, 0x05, 0x0a, 0x05, 0x11, 0x0a, 0x05, 0x11,
    0x05, 0x0a, 0x11, 0x05, 0x0a, 0x05, 0x05, 0x05, 0x05, 0x05, 0x0a, 0x05,
    0x0a, 0x05, 0x0a, 0x05, 0x0a, 0x11, 0x05, 0x05, 0x0a, 0x05, 0x05, 0x05,
    0x0a, 0x05, 0x12, 0x05, 0x05, 0x05, 0x0a, 0x05, 0x05, 0x0a, 0x05, 0x05,
    0x0a, 0x05, 0x05, 0x05, 0x0a, 0x05, 0x05, 0x0a, 0x05, 0x0a, 0x05, 0x05,
    0x0a, 0x05, 0x05, 0x0a, 0x05, 0x05, 0x0a, 0x05, 0x05, 0x05, 0x0a, 0x11,
    0x0a, 0x05, 0x12, 0x0a, 0x05, 0x11, 0x05, 0x05, 0x05, 0x0a, 0x05, 0x05,
    0x05, 0x05, 0x05, 0x05, 0x0a, 0x05, 0x11, 0x0a, 0x05, 0x05, 0x05, 0x11,
    0x0a, 0x05, 0x12, 0x0a, 0x05, 0x0a, 0x05, 0x11, 0x0a, 0x05, 0x11, 0x0a,
    0x05, 0x11, 0x05, 0x05, 0x11, 0x05, 0x05, 0x0a, 0x11, 0x05, 0x0a, 0x11,
    0x05, 0x05, 0x12, 0x05, 0x05, 0x0a, 0x05, 0x05, 0x05, 0x05, 0x05, 0x0a,
    0x05, 0x05, 0x05, 0x0a, 0x05, 0x05, 0x05, 0x05, 0x0a, 0x05, 0x05, 0x05,
    0x05, 0x05, 0x05, 0x0a, 0x11, 0x05, 0x0a, 0x03, 0x05, 0x05, 0x05, 0x0a,
    0x05, 0x11, 0x05, 0x05, 0x05, 0x05, 0x05, 0x11, 0x05, 0x0a, 0x05, 0x11,
    0x0a, 0x05, 0x11, 0x05, 0x05, 0x0a, 0x05, 0x0a, 0x05, 0x05, 0x05, 0x12,
    0x05, 0x05, 0x05, 0x05, 0x0a, 0x05, 0x05, 0x0a, 0x05, 0x05, 0x05, 0x0a,
    0x05, 0x05, 0x05, 0x0a, 0x05, 0x05, 0x11, 0x05, 0x05, 0x12, 0x05, 0x05,
    0x05, 0x0a, 0x05, 0x05, 0x11, 0x0a, 0x05, 0x05, 0x05, 0x12, 0x05, 0x05,
    0x05, 0x05, 0x05, 0x0a, 0x05, 0x05, 0x0a, 0x05, 0x05, 0x05, 0x11, 0x0a,
    0x05, 0x11, 0x0a, 0x05, 0x11, 0x05, 0x0a, 0x05, 0x05, 0x05, 0x0a, 0x05,
    0x05, 0x05, 0x05, 0x05, 0x05, 0x05, 0x05, 0x0a, 0x05, 0x05, 0x11, 0x05,
    0x0a, 0x11, 0x05, 0x05, 0x05, 0x11, 0x0a, 0x05, 0x11, 0x05, 0x05, 0x11,
    0x05, 0x05, 0x05, 0x0a, 0x05, 0x05, 0x05, 0x05, 0x0a, 0x05, 0x05, 0x12,
    0x05, 0x05, 0x05, 0x05, 0x05, 0x05, 0x05, 0x05, 0x05, 0x0a, 0x05, 0x05,
    0x05, 0x05, 0x05, 0x0a, 0x11, 0x05, 0x0a, 0x05, 0x05, 0x05, 0x05, 0x0a,
    0x05, 0x11, 0x0a, 0x05, 0x05, 0x05, 0x05, 0x05, 0x05, 0x05, 0x0a, 0x05,
    0x05, 0x05, 0x05, 0x05, 0x05, 0x05, 0x0a, 0x0a, 0x05, 0x0a, 0x05, 0x05,
    0x05, 0x05, 0x05, 0x05, 0x05, 0x05, 0x05, 0x0a, 0x05, 0x05, 0x11, 0x05,
    0x0a, 0x11, 0x05, 0x05, 0x05, 0x0a, 0x05, 0x05, 0x05, 0x11, 0x0a, 0x05,
    0x05, 0x11, 0x0a, 0x05, 0x05, 0x0a, 0x11, 0x05, 0x05, 0x05, 0x05, 0x05,
    0x18, 0x0a, 0x05, 0x11, 0x05, 0x0a, 0x05, 0x0a, 0x05, 0x0a, 0x05, 0x0a,
    0x05, 0x05, 0x05, 0x05, 0x05, 0x0a, 0x05, 0x05, 0x0a, 0x05, 0x05, 0x05,
    0x11, 0x0a, 0x05, 0x05, 0x05, 0x0a, 0x05, 0x05, 0x0a, 0x11, 0x05, 0x05,
    0x05, 0x11, 0x05, 0x05, 0x05, 0x0a, 0x05, 0x05, 0x05, 0x0a, 0x05, 0x05,
    0x0a, 0x05, 0x05, 0x05, 0x11, 0x05, 0x0a, 0x11, 0x05, 0x05, 0x05, 0x0a,
    0x11, 0x05, 0x05, 0x0a, 0x05, 0x12, 0x05, 0x05, 0x05, 0x05, 0x05, 0x05,
    0x0a, 0x05, 0x05, 0x0a, 0x05, 0x05, 0x0a, 0x05, 0x05, 0x05, 0x05, 0x11,
    0x05, 0x05, 0x11, 0x0a, 0x05, 0x11, 0x0a, 0x0a, 0x11, 0x0a, 0x05, 0x11,
    0x05, 0x0a, 0x05, 0x0a, 0x05, 0x05, 0x05, 0x0a, 0x05, 0x05, 0x05, 0x05,
    0x0a, 0x05, 0x0a, 0x05, 0x0a, 0x05, 0x05, 0x11, 0x05, 0x0a, 0x11, 0x05,
    0x0a, 0x11, 0x05, 0x05, 0x05, 0x0a, 0x05, 0x12, 0x05, 0x0a, 0x05, 0x11,
    0x05, 0x05, 0x05, 0x0a, 0x11, 0x0a, 0x05, 0x11, 0x05, 0x0a, 0x05, 0x05,
    0x12, 0x05, 0x05, 0x12, 0x05, 0x05, 0x05, 0x05, 0x0a, 0x05, 0x05, 0x0a,
    0x05, 0x11, 0x05, 0x05, 0x0a, 0x05, 0x0a, 0x05, 0x0a, 0x05, 0x05, 0x05,
    0x05, 0x05, 0x05, 0x12, 0x05, 0x0a, 0x05, 0x0a, 0x11, 0x0a, 0x05, 0x05,
    0x05, 0x0a, 0x05, 0x05, 0x0a, 0x05, 0x05, 0x0a, 0x05, 0x11, 0x05, 0x0a,
    0x11, 0x05, 0x0a, 0x05, 0x05, 0x05, 0x05, 0x0a, 0x05, 0x11, 0x0a, 0x05,
    0x05, 0x0a, 0x05, 0x05, 0x05, 0x03, 0x05, 0x0a, 0x05, 0x05, 0x05, 0x05,
    0x05, 0x12, 0x05, 0x05, 0x11, 0x0a, 0x05, 0x12, 0x05, 0x05, 0x05, 0x05,
    0x0a, 0x05, 0x11, 0x05, 0x0a, 0x05, 0x05, 0x0a, 0x05, 0x05, 0x05, 0x11,
    0x0a, 0x05, 0x05, 0x0a, 0x05, 0x0a, 0x05, 0x0a, 0x11, 0x05, 0x05, 0x12,
    0x05, 0x05, 0x11, 0x0a, 0x05, 0x05, 0x0a, 0x05, 0x0a, 0x05, 0x05, 0x05,
    0x0a, 0x05, 0x05, 0x0a, 0x05, 0x05, 0x05, 0x05, 0x05, 0x05, 0x05, 0x0a,
    0x05, 0x12, 0x05, 0x05, 0x12, 0x05, 0x05, 0x12, 0x05, 0x05, 0x05, 0x05,
    0x05, 0x12, 0x05, 0x0a, 0x05, 0x0a, 0x05, 0x05, 0x05, 0x0a, 0x05, 0x05,
    0x05, 0x05, 0x05, 0x0a, 0x05, 0x05, 0x05, 0x11, 0x05, 0x0a, 0x05, 0x05,
    0x12, 0x05, 0x0a, 0x05, 0x05, 0x05, 0x05, 0x05, 0x0a, 0x05, 0x0a, 0x05,
    0x0a, 0x05, 0x05, 0x0a, 0x05, 0x05, 0x05, 0x0a, 0x05, 0x05, 0x05, 0x05,
    0x05, 0x0a, 0x05, 0x0a, 0x0a, 0x05, 0x11, 0x0a, 0x05, 0x05, 0x0a, 0x05,
    0x05, 0x0a, 0x05, 0x05, 0x05, 0x05, 0x0a, 0x05, 0x05, 0x05, 0x0a, 0x05,
    0x05, 0x12, 0x05, 0x05, 0x12, 0x05, 0x05, 0x0a, 0x05, 0x11, 0x05, 0x05,
    0x12, 0x05, 0x05, 0x12, 0x05, 0x05, 0x11, 0x05, 0x05, 0x05, 0x05, 0x12,
    0x05, 0x05, 0x05, 0x0a, 0x11, 0x05, 0x05, 0x12, 0x05, 0x05, 0x05, 0x05,
    0x0a, 0x05, 0x05, 0x0a, 0x05, 0x05, 0x0a, 0x05, 0x05, 0x12, 0x05, 0x05,
    0x05, 0x05, 0x05, 0x05, 0x0a, 0x05, 0x05, 0x12, 0x0a, 0x05, 0x03, 0x05,
    0x05, 0x0a, 0x05, 0x11, 0x0a, 0x05, 0x05, 0x05, 0x05, 0x05, 0x05, 0x05,
    0x0a, 0x05, 0x05, 0x12, 0x05, 0x05, 0x05, 0x0a, 0x05, 0x05, 0x05, 0x05,
    0x11, 0x0a, 0x05, 0x05, 0x0a, 0x05, 0x05, 0x05, 0x05, 0x12, 0x05, 0x05,
    0x05, 0x0a, 0x05, 0x05, 0x05, 0x0a, 0x05, 0x05, 0x05, 0x05, 0x11, 0x05,
    0x05, 0x0a, 0x05, 0x05, 0x0a, 0x05, 0x05, 0x12, 0x05, 0x05, 0x0a, 0x0a,
    0x11, 0x05, 0x0a, 0x05, 0x05, 0x05, 0x0a, 0x05, 0x05, 0x0a, 0x05, 0x05,
    0x05, 0x05, 0x0a, 0x11, 0x05, 0x0a, 0x05, 0x05, 0x05, 0x05, 0x0a, 0x05,
    0x05, 0x0a, 0x05, 0x05, 0x05, 0x05, 0x0a, 0x05, 0x05, 0x0a, 0x05, 0x05,
    0x0a, 0x05, 0x05, 0x11, 0x05, 0x05, 0x05, 0x11, 0x0a, 0x05, 0x12, 0x05,
    0x05, 0x11, 0x05, 0x05, 0x11, 0x05, 0x05, 0x05, 0x05, 0x11, 0x05, 0x0a,
    0x05, 0x11, 0x0a, 0x05, 0x11, 0x05, 0x05, 0x11, 0x05, 0x05, 0x05, 0x0a,
    0x05, 0x05, 0x05, 0x05, 0x05, 0x05, 0x05, 0x11, 0x0a, 0x05, 0x05, 0x05,
    0x0a, 0x05, 0x05, 0x11, 0x0a, 0x05, 0x05, 0x05, 0x05, 0x05, 0x05, 0x0a,
    0x05, 0x05, 0x05, 0x0a, 0x05, 0x05, 0x05, 0x05, 0x0a, 0x05, 0x0a, 0x0a,
    0x05, 0x0a, 0x05, 0x05, 0x05, 0x05, 0x05, 0x05, 0x0a, 0x05, 0x05, 0x05,
    0x05, 0x0a, 0x05, 0x11, 0x0a, 0x05, 0x11, 0x05, 0x05, 0x05, 0x05, 0x05,
    0x05, 0x05, 0x0a, 0x05, 0x0a, 0x11, 0x0a, 0x05, 0x05, 0x05, 0x05, 0x05,
    0x05, 0x05, 0x0a, 0x03, 0x05, 0x05, 0x05, 0x0a, 0x05, 0x05, 0x0a, 0x05,
    0x05, 0x0a, 0x0a, 0x05, 0x05, 0x05, 0x05, 0x0a, 0x05, 0x05, 0x11, 0x0a,
    0x05, 0x05, 0x12, 0x05, 0x05, 0x05, 0x05, 0x12, 0x05, 0x05, 0x05, 0x12,
    0x05, 0x05, 0x05, 0x05, 0x05, 0x05, 0x0a, 0x05, 0x11, 0x05, 0x05, 0x0a,
    0x05, 0x05, 0x0a, 0x0a, 0x05, 0x11, 0x05, 0x05, 0x11, 0x05, 0x05, 0x05,
    0x05, 0x05, 0x05, 0x05, 0x05, 0x05, 0x0a, 0x05, 0x11, 0x05, 0x05, 0x05,
    0x11, 0x05, 0x05, 0x05, 0x0a, 0x05, 0x05, 0x0a, 0x05, 0x05, 0x05, 0x05,
    0x0a, 0x11, 0x05, 0x05, 0x11, 0x0a, 0x05, 0x11, 0x0a, 0x05, 0x11, 0x0a,
    0x11, 0x05, 0x05, 0x12, 0x05, 0x05, 0x0a, 0x05, 0x05, 0x0a, 0x05, 0x05,
    0x0a, 0x05, 0x05, 0x05, 0x0a, 0x05, 0x05, 0x0a, 0x05, 0x05, 0x0a, 0x05,
    0x12, 0x05, 0x05, 0x0a, 0x05, 0x05, 0x05, 0x0a, 0x05, 0x0a, 0x05, 0x05,
    0x0a, 0x05, 0x05, 0x05, 0x05, 0x05, 0x12, 0x05, 0x05, 0x12, 0x0a, 0x05,
    0x05, 0x0a, 0x05, 0x11, 0x05, 0x05, 0x12, 0x05, 0x05, 0x05, 0x05, 0x0a,
    0x05, 0x0a, 0x05, 0x05, 0x11, 0x0a, 0x05, 0x05, 0x12, 0x05, 0x05, 0x0a,
    0x05, 0x05, 0x11, 0x05, 0x05, 0x05, 0x11, 0x0a, 0x05, 0x05, 0x0a, 0x11,
    0x05, 0x05, 0x0a, 0x05, 0x0a, 0x05, 0x05, 0x05, 0x0a, 0x05, 0x05, 0x0a,
    0x05, 0x0a, 0x11, 0x0a, 0x05, 0x11, 0x0a, 0x05, 0x05, 0x05, 0x05, 0x0a,
    0x05, 0x11, 0x0a, 0x0a, 0x11, 0x05, 0x05, 0x05, 0x03, 0x05, 0x0a, 0x05,
    0x05, 0x05, 0x05, 0x11, 0x0a, 0x05, 0x11, 0x05, 0x0a, 0x11, 0x05, 0x0a,
    0x11, 0x05, 0x0a, 0x05, 0x05, 0x05, 0x05, 0x0a, 0x05, 0x0a, 0x05, 0x05,
    0x05, 0x0a, 0x05, 0x05, 0x05, 0x0a, 0x05, 0x05, 0x0a, 0x11, 0x05, 0x05,
    0x0a, 0x05, 0x05, 0x0a, 0x11, 0x05, 0x05, 0x11, 0x05, 0x0a, 0x05, 0x05,
    0x0a, 0x0a, 0x05, 0x0a, 0x11, 0x05, 0x0a, 0x11, 0x05, 0x05, 0x0a, 0x05,
    0x05, 0x0a, 0x0a, 0x05, 0x0a, 0x05, 0x0a, 0x05, 0x11, 0x0a, 0x05, 0x11,
    0x05, 0x0a, 0x05, 0x11, 0x0a, 0x05, 0x05, 0x0a, 0x05, 0x05, 0x05, 0x05,
    0x05, 0x0a, 0x05, 0x05, 0x05, 0x05, 0x05, 0x05, 0x05, 0x05, 0x05, 0x11,
    0x0a, 0x05, 0x05, 0x0a, 0x05, 0x05, 0x05, 0x05, 0x05, 0x11, 0x0a, 0x05,
    0x05, 0x0a, 0x05, 0x05, 0x0a, 0x05, 0x05, 0x0a, 0x05, 0x05, 0x11, 0x0a,
    0x05, 0x05, 0x05, 0x0a, 0x05, 0x05, 0x0a, 0x11, 0x0a, 0x05, 0x05, 0x0a,
    0x05, 0x05, 0x05, 0x05, 0x05, 0x05, 0x05, 0x0a, 0x05, 0x05, 0x0a, 0x05,
    0x05, 0x0a, 0x05, 0x05, 0x11, 0x05, 0x0a, 0x11, 0x05, 0x05, 0x05, 0x0a,
    0x05, 0x05, 0x05, 0x05, 0x11, 0x0a, 0x05, 0x05, 0x05, 0x0a, 0x05, 0x05,
    0x05, 0x0a, 0x05, 0x05, 0x0a, 0x05, 0x05, 0x11, 0x05, 0x05, 0x12, 0x05,
    0x05, 0x05, 0x05, 0x05, 0x05, 0x0a, 0x05, 0x05, 0x05, 0x0a, 0x05, 0x05,
    0x05, 0x11, 0x05, 0x05, 0x05, 0x0a, 0x05, 0x05, 0x05, 0x0a, 0x05, 0x0a,
    0x05, 0x03, 0x05, 0x05, 0x12, 0x05, 0x05, 0x0a, 0x05, 0x05, 0x05, 0x05,
    0x05, 0x05, 0x0a, 0x05, 0x05, 0x05, 0x05, 0x05, 0x0a, 0x05, 0x11, 0x0a,
    0x05, 0x05, 0x11, 0x0a, 0x05, 0x05, 0x05, 0x12, 0x05, 0x05, 0x05, 0x12,
    0x05, 0x05, 0x0a, 0x05, 0x11, 0x0a, 0x05, 0x05, 0x05, 0x05, 0x0a, 0x05,
    0x05, 0x05, 0x05, 0x0a, 0x05, 0x05, 0x05, 0x05, 0x05, 0x0a, 0x05, 0x05,
    0x0a, 0x05, 0x12, 0x05, 0x05, 0x11, 0x05, 0x05, 0x11, 0x05, 0x0a, 0x05,
    0x05, 0x05, 0x05, 0x05, 0x05, 0x05, 0x0a, 0x05, 0x05, 0x05, 0x05, 0x05,
    0x0a, 0x05, 0x05, 0x0a, 0x05, 0x05, 0x11, 0x05, 0x0a, 0x05, 0x0a, 0x0a,
    0x05, 0x0a, 0x05, 0x05, 0x0a, 0x05, 0x05, 0x11, 0x05, 0x0a, 0x11, 0x0a,
    0x0a, 0x05, 0x05, 0x05, 0x05, 0x11, 0x05, 0x05, 0x11, 0x05, 0x05, 0x05,
    0x05, 0x05, 0x0a, 0x05, 0x05, 0x05, 0x11, 0x05, 0x05, 0x11, 0x05, 0x05,
    0x05, 0x05, 0x0a, 0x11, 0x05, 0x05, 0x0a, 0x05, 0x05, 0x12, 0x05, 0x05,
    0x12, 0x05, 0x05, 0x05, 0x05, 0x05, 0x12, 0x05, 0x05, 0x0a, 0x05, 0x05,
    0x0a, 0x05, 0x05, 0x0a, 0x11, 0x05, 0x05, 0x0a, 0x05, 0x05, 0x05, 0x0a,
    0x05, 0x05, 0x12, 0x05, 0x05, 0x05, 0x11, 0x05, 0x05, 0x0a, 0x05, 0x0a,
    0x05, 0x05, 0x05, 0x05, 0x0a, 0x11, 0x05, 0x0a, 0x11, 0x05, 0x05, 0x11,
    0x05, 0x05, 0x05, 0x0a, 0x05, 0x05, 0x0a, 0x0a, 0x05, 0x11, 0x05, 0x05,
    0x05, 0x05, 0x05, 0x11, 0x0a, 0x05, 0x03, 0x05, 0x05, 0x05, 0x0a, 0x05,
    0x11, 0x0a, 0x05, 0x05, 0x0a, 0x05, 0x05, 0x05, 0x05, 0x0a, 0x05, 0x05,
    0x12, 0x05, 0x05, 0x05, 0x05, 0x05, 0x05, 0x05, 0x0a, 0x05, 0x11, 0x05,
    0x05, 0x0a, 0x05, 0x05, 0x05, 0x05, 0x05, 0x0a, 0x05, 0x05, 0x05, 0x0a,
    0x11, 0x05, 0x0a, 0x05, 0x0a, 0x05, 0x05, 0x12, 0x05, 0x05, 0x11, 0x05,
    0x0a, 0x11, 0x05, 0x05, 0x05, 0x05, 0x05, 0x05, 0x05, 0x0a, 0x05, 0x05,
    0x05, 0x05, 0x05, 0x05, 0x11, 0x0a, 0x05, 0x0a, 0x0a, 0x05, 0x11, 0x05,
    0x0a, 0x05, 0x05, 0x12, 0x05, 0x05, 0x11, 0x0a, 0x05, 0x11, 0x0a, 0x05,
    0x05, 0x05, 0x11, 0x05, 0x05, 0x11, 0x0a, 0x05, 0x11, 0x05, 0x05, 0x0a,
    0x05, 0x05, 0x05, 0x05, 0x05, 0x11, 0x0a, 0x05, 0x05, 0x0a, 0x0a, 0x05,
    0x0a, 0x05, 0x05, 0x0a, 0x12, 0x05, 0x05, 0x11, 0x0a, 0x05, 0x05, 0x0a,
    0x0a, 0x05, 0x0a, 0x05, 0x05, 0x0a, 0x05, 0x05, 0x05, 0x05, 0x0a, 0x11,
    0x05, 0x0a, 0x05, 0x05, 0x05, 0x05, 0x0a, 0x05, 0x12, 0x05, 0x05, 0x05,
    0x05, 0x0a, 0x05, 0x05, 0x05, 0x05, 0x0a, 0x05, 0x05, 0x05, 0x05, 0x0a,
    0x11, 0x05, 0x0a, 0x05, 0x11, 0x05, 0x05, 0x05, 0x0a, 0x05, 0x0a, 0x05,
    0x05, 0x12, 0x05, 0x05, 0x11, 0x0a, 0x0a, 0x05, 0x05, 0x05, 0x0a, 0x05,
    0x05, 0x0a, 0x05, 0x05, 0x0a, 0x0a, 0x05, 0x11, 0x05, 0x0a, 0x11, 0x05,
    0x05, 0x0a, 0x05, 0x05, 0x0a, 0x12, 0x05, 0x05, 0x05, 0x05, 0x0a, 0x03,
    0x0a, 0x05, 0x05, 0x05, 0x05, 0x05, 0x05, 0x0a, 0x11, 0x05, 0x0a, 0x11,
    0x05, 0x0a, 0x11, 0x05, 0x0a, 0x05, 0x05, 0x0a, 0x05, 0x0a, 0x11, 0x05,
    0x0a, 0x05, 0x05, 0x0a, 0x05, 0x05, 0x05, 0x12, 0x05, 0x05, 0x0a, 0x11,
    0x05, 0x05, 0x05, 0x05, 0x05, 0x0a, 0x05, 0x11, 0x05, 0x05, 0x12, 0x05,
    0x05, 0x05, 0x0a, 0x05, 0x05, 0x0a, 0x05, 0x05, 0x0a, 0x12, 0x05, 0x05,
    0x0a, 0x05, 0x05, 0x0a, 0x05, 0x0a, 0x0a, 0x05, 0x05, 0x0a, 0x05, 0x11,
    0x05, 0x05, 0x0a, 0x05, 0x05, 0x11, 0x0a, 0x05, 0x05, 0x0a, 0x05, 0x05,
    0x05, 0x05, 0x05, 0x0a, 0x05, 0x05, 0x0a, 0x05, 0x05, 0x05, 0x05, 0x05,
    0x0a, 0x05, 0x05, 0x0a, 0x05, 0x05, 0x0a, 0x05, 0x05, 0x05, 0x05, 0x05,
    0x0a, 0x11, 0x05, 0x05, 0x05, 0x05, 0x0a, 0x05, 0x05, 0x05, 0x0a, 0x05,
    0x05, 0x05, 0x0a, 0x05, 0x05, 0x05, 0x05, 0x05, 0x12, 0x05, 0x05, 0x12,
    0x05, 0x05, 0x0a, 0x05, 0x05, 0x05, 0x05, 0x0a, 0x05, 0x05, 0x0a, 0x05,
    0x05, 0x05, 0x0a, 0x05, 0x05, 0x0a, 0x11, 0x05, 0x0a, 0x11, 0x05, 0x05,
    0x12, 0x05, 0x05, 0x0a, 0x05, 0x05, 0x05, 0x05, 0x0a, 0x05, 0x0a, 0x05,
    0x05, 0x05, 0x11, 0x0a, 0x05, 0x05, 0x0a, 0x05, 0x05, 0x05, 0x05, 0x05,
    0x12, 0x05, 0x05, 0x05, 0x05, 0x05, 0x0a, 0x05, 0x05, 0x05, 0x05, 0x0a,
    0x05, 0x05, 0x05, 0x05, 0x05, 0x05, 0x05, 0x0a, 0x05, 0x05, 0x05, 0x0a,
    0x05, 0x05, 0x0a, 0x05, 0x03, 0x05, 0x05, 0x0a, 0x11, 0x0a, 0x05, 0x05,
    0x05, 0x05, 0x05, 0x0a, 0x05, 0x05, 0x05, 0x05, 0x05, 0x05, 0x05, 0x05,
    0x11, 0x0a, 0x05, 0x05, 0x0a, 0x05, 0x11, 0x05, 0x0a, 0x05, 0x05, 0x0a,
    0x05, 0x05, 0x0a, 0x05, 0x05, 0x0a, 0x05, 0x12, 0x05, 0x05, 0x05, 0x0a,
    0x05, 0x05, 0x05, 0x05, 0x0a, 0x05, 0x05, 0x0a, 0x05, 0x11, 0x05, 0x05,
    0x05, 0x05, 0x05, 0x0a, 0x05, 0x11, 0x05, 0x05, 0x11, 0x05, 0x05, 0x11,
    0x0a, 0x05, 0x05, 0x05, 0x05, 0x05, 0x05, 0x11, 0x0a, 0x05, 0x05, 0x05,
    0x05, 0x05, 0x05, 0x0a, 0x05, 0x12, 0x05, 0x05, 0x05, 0x0a, 0x11, 0x05,
    0x0a, 0x0a, 0x05, 0x05, 0x05, 0x0a, 0x05, 0x05, 0x11, 0x05, 0x05, 0x12,
    0x05, 0x0a, 0x12, 0x05, 0x05, 0x05, 0x05, 0x05, 0x12, 0x05, 0x05, 0x11,
    0x05, 0x05, 0x05, 0x05, 0x12, 0x05, 0x05, 0x11, 0x05, 0x05, 0x12, 0x05,
    0x05, 0x05, 0x05, 0x05, 0x05, 0x0a, 0x05, 0x11, 0x05, 0x0a, 0x05, 0x11,
    0x0a, 0x05, 0x11, 0x05, 0x05, 0x11, 0x05, 0x0a, 0x11, 0x05, 0x05, 0x05,
    0x05, 0x0a, 0x05, 0x05, 0x05, 0x05, 0x0a, 0x05, 0x11, 0x05, 0x0a, 0x05,
    0x11, 0x05, 0x05, 0x05, 0x12, 0x05, 0x05, 0x05, 0x05, 0x05, 0x05, 0x05,
    0x05, 0x0a, 0x05, 0x05, 0x05, 0x05, 0x0a, 0x11, 0x0a, 0x05, 0x11, 0x05,
    0x0a, 0x11, 0x05, 0x05, 0x11, 0x0a, 0x05, 0x05, 0x0a, 0x0a, 0x11, 0x05,
    0x05, 0x12, 0x05, 0x05, 0x05, 0x12, 0x05, 0x05, 0x11, 0x03, 0x05, 0x05,
    0x05, 0x0a, 0x05, 0x05, 0x12, 0x05, 0x05, 0x0a, 0x05, 0x05, 0x12, 0x05,
    0x0a, 0x05, 0x12, 0x05, 0x05, 0x05, 0x05, 0x05, 0x05, 0x05, 0x05, 0x05,
    0x0a, 0x05, 0x11, 0x05, 0x05, 0x05, 0x05, 0x11, 0x05, 0x05, 0x05, 0x0a,
    0x05, 0x0a, 0x11, 0x05, 0x05, 0x0a, 0x05, 0x05, 0x0a, 0x05, 0x11, 0x05,
    0x05, 0x0a, 0x05, 0x05, 0x0a, 0x11, 0x05, 0x05, 0x05, 0x0a, 0x05, 0x0a,
    0x05, 0x0a, 0x05, 0x05, 0x05, 0x05, 0x12, 0x05, 0x0a, 0x0a, 0x05, 0x05,
    0x05, 0x05, 0x0a, 0x05, 0x05, 0x12, 0x05, 0x05, 0x11, 0x05, 0x0a, 0x05,
    0x05, 0x0a, 0x05, 0x05, 0x05, 0x05, 0x11, 0x0a, 0x05, 0x11, 0x05, 0x0a,
    0x05, 0x0a, 0x05, 0x05, 0x05, 0x05, 0x05, 0x05, 0x05, 0x0a, 0x05, 0x05,
    0x0a, 0x05, 0x05, 0x0a, 0x05, 0x0a, 0x12, 0x05, 0x05, 0x05, 0x0a, 0x05,
    0x05, 0x0a, 0x05, 0x05, 0x0a, 0x05, 0x0a, 0x05, 0x05, 0x0a, 0x05, 0x05,
    0x05, 0x0a, 0x05, 0x05, 0x05, 0x05, 0x0a, 0x05, 0x05, 0x0a, 0x05, 0x05,
    0x05, 0x0a, 0x05, 0x05, 0x0a, 0x05, 0x05, 0x05, 0x0a, 0x05, 0x05, 0x05,
    0x0a, 0x05, 0x05, 0x0a, 0x05, 0x05, 0x0a, 0x05, 0x05, 0x05, 0x0a, 0x0a,
    0x05, 0x0a, 0x11, 0x0a, 0x05, 0x11, 0x0a, 0x05, 0x11, 0x0a, 0x05, 0x05,
    0x05, 0x05, 0x0a, 0x05, 0x05, 0x05, 0x0a, 0x05, 0x05, 0x0a, 0x05, 0x05,
    0x11, 0x05, 0x05, 0x0a, 0x05, 0x05, 0x05, 0x0a, 0x05, 0x05, 0x05, 0x0a,
    0x05, 0x05, 0x18, 0x0a, 0x05, 0x05, 0x05, 0x05, 0x05, 0x0a, 0x05, 0x05,
    0x12, 0x05, 0x05, 0x05, 0x0a, 0x05, 0x05, 0x05, 0x0a, 0x0a, 0x05, 0x05,
    0x12, 0x0a, 0x05, 0x11, 0x0a, 0x05, 0x05, 0x0a, 0x05, 0x12, 0x05, 0x0a,
    0x05, 0x0a, 0x05, 0x11, 0x05, 0x05, 0x05, 0x0a, 0x05, 0x05, 0x11, 0x0a,
    0x05, 0x11, 0x05, 0x0a, 0x05, 0x05, 0x11, 0x0a, 0x05, 0x05, 0x0a, 0x0a,
    0x05, 0x11, 0x05, 0x05, 0x05, 0x0a, 0x05, 0x11, 0x0a, 0x05, 0x05, 0x05,
    0x05, 0x05, 0x11, 0x0a, 0x05, 0x0a, 0x05, 0x11, 0x0a, 0x05, 0x05, 0x0a,
    0x05, 0x05, 0x05, 0x05, 0x05, 0x12, 0x05, 0x05, 0x0a, 0x05, 0x05, 0x05,
    0x05, 0x0a, 0x05, 0x11, 0x05, 0x05, 0x0a, 0x11, 0x05, 0x0a, 0x05, 0x05,
    0x05, 0x0a, 0x11, 0x05, 0x0a, 0x05, 0x05, 0x05, 0x11, 0x05, 0x05, 0x05,
    0x05, 0x0a, 0x05, 0x05, 0x0a, 0x05, 0x05, 0x05, 0x05, 0x11, 0x05, 0x0a,
    0x11, 0x05, 0x05, 0x11, 0x0a, 0x05, 0x05, 0x11, 0x0a, 0x05, 0x05, 0x05,
    0x0a, 0x11, 0x05, 0x0a, 0x05, 0x05, 0x05, 0x0a, 0x11, 0x05, 0x0a, 0x11,
    0x05, 0x0a, 0x11, 0x05, 0x05, 0x11, 0x05, 0x05, 0x11, 0x05, 0x0a, 0x05,
    0x11, 0x0a, 0x05, 0x05, 0x11, 0x05, 0x05, 0x0a, 0x05, 0x05, 0x05, 0x05,
    0x05, 0x0a, 0x05, 0x05, 0x05, 0x0a, 0x05, 0x05, 0x0a, 0x11, 0x05, 0x05,
    0x0a, 0x05, 0x05, 0x05, 0x0a, 0x05, 0x05, 0x05, 0x05, 0x0a, 0x11, 0x05,
    0x05, 0x12, 0x05, 0x05, 0x05, 0x0a, 0x05, 0x03, 0x05, 0x05, 0x0a, 0x11,
    0x05, 0x0a, 0x05, 0x05, 0x05, 0x05, 0x05, 0x05, 0x05, 0x11, 0x05, 0x05,
    0x05, 0x05, 0x11, 0x0a, 0x05, 0x05, 0x05, 0x05, 0x0a, 0x05, 0x05, 0x05,
    0x05, 0x05, 0x05, 0x0a, 0x05, 0x05, 0x05, 0x0a, 0x05, 0x05, 0x0a, 0x05,
    0x05, 0x0a, 0x05, 0x05, 0x05, 0x0a, 0x05, 0x05, 0x05, 0x0a, 0x05, 0x05,
    0x05, 0x05, 0x05, 0x05, 0x05, 0x0a, 0x05, 0x05, 0x0a, 0x11, 0x05, 0x05,
    0x05, 0x0a, 0x05, 0x05, 0x0a, 0x05, 0x05, 0x05, 0x05, 0x11, 0x05, 0x05,
    0x05, 0x05, 0x05, 0x05, 0x0a, 0x05, 0x0a, 0x0a, 0x05, 0x05, 0x05, 0x05,
    0x11, 0x05, 0x0a, 0x11, 0x05, 0x0a, 0x05, 0x05, 0x0a, 0x05, 0x05, 0x05,
    0x05, 0x0a, 0x05, 0x11, 0x0a, 0x05, 0x05, 0x05, 0x05, 0x11, 0x0a, 0x05,
    0x0a, 0x05, 0x05, 0x0a, 0x05, 0x05, 0x11, 0x05, 0x05, 0x11, 0x0a, 0x05,
    0x12, 0x05, 0x05, 0x05, 0x05, 0x0a, 0x05, 0x05, 0x0a, 0x05, 0x05, 0x05,
    0x0a, 0x05, 0x11, 0x0a, 0x05, 0x05, 0x05, 0x05, 0x0a, 0x11, 0x05, 0x0a,
    0x05, 0x05, 0x05, 0x05, 0x05, 0x05, 0x05, 0x0a, 0x05, 0x0a, 0x05, 0x0a,
    0x05, 0x05, 0x0a, 0x05, 0x05, 0x05, 0x05, 0x0a, 0x05, 0x05, 0x05, 0x05,
    0x05, 0x05, 0x0a, 0x05, 0x11, 0x0a, 0x05, 0x05, 0x11, 0x0a, 0x05, 0x11,
    0x05, 0x05, 0x0a, 0x05, 0x11, 0x05, 0x0a, 0x11, 0x05, 0x0a, 0x05, 0x12,
    0x05, 0x05, 0x05, 0x0a, 0x05, 0x05, 0x05, 0x0a, 0x05, 0x11, 0x05, 0x05,
    0x03, 0x05, 0x05, 0x0a, 0x05, 0x05, 0x05, 0x11, 0x0a, 0x05, 0x05, 0x12,
    0x0a, 0x05, 0x05, 0x0a, 0x12, 0x05, 0x05, 0x05, 0x05, 0x05, 0x05, 0x05,
    0x0a, 0x05, 0x05, 0x11, 0x0a, 0x05, 0x05, 0x05, 0x05, 0x11, 0x05, 0x05,
    0x12, 0x05, 0x05, 0x12, 0x05, 0x05, 0x11, 0x0a, 0x05, 0x05, 0x05, 0x0a,
    0x05, 0x11, 0x05, 0x0a, 0x05, 0x0a, 0x11, 0x0a, 0x05, 0x11, 0x05, 0x0a,
    0x05, 0x05, 0x0a, 0x05, 0x05, 0x0a, 0x05, 0x11, 0x0a, 0x05, 0x11, 0x0a,
    0x05, 0x05, 0x0a, 0x05, 0x0a, 0x05, 0x0a, 0x11, 0x05, 0x05, 0x11, 0x05,
    0x05, 0x12, 0x05, 0x05, 0x0a, 0x05, 0x05, 0x0a, 0x05, 0x05, 0x05, 0x11,
    0x05, 0x0a, 0x05, 0x11, 0x0a, 0x05, 0x05, 0x05, 0x05, 0x0a, 0x11, 0x05,
    0x0a, 0x05, 0x05, 0x05, 0x05, 0x11, 0x0a, 0x05, 0x05, 0x0a, 0x05, 0x05,
    0x0a, 0x05, 0x05, 0x05, 0x05, 0x0a, 0x05, 0x0a, 0x05, 0x05, 0x05, 0x0a,
    0x11, 0x05, 0x05, 0x12, 0x05, 0x05, 0x05, 0x05, 0x0a, 0x05, 0x11, 0x0a,
    0x05, 0x05, 0x05, 0x05, 0x05, 0x11, 0x0a, 0x05, 0x05, 0x0a, 0x11, 0x05,
    0x05, 0x0a, 0x05, 0x05, 0x0a, 0x05, 0x05, 0x0a, 0x11, 0x05, 0x0a, 0x05,
    0x11, 0x0a, 0x05, 0x0a, 0x12, 0x05, 0x05, 0x12, 0x05, 0x05, 0x0a, 0x05,
    0x05, 0x0a, 0x05, 0x05, 0x0a, 0x05, 0x05, 0x05, 0x0a, 0x05, 0x05, 0x05,
    0x05, 0x05, 0x05, 0x05, 0x05, 0x0a, 0x05, 0x11, 0x05, 0x0a, 0x05, 0x05,
    0x05, 0x0a, 0x05, 0x05, 0x0a, 0x03, 0x05, 0x05, 0x05, 0x0a, 0x05, 0x05,
    0x0a, 0x05, 0x05, 0x0a, 0x05, 0x05, 0x05, 0x05, 0x05, 0x05, 0x0a, 0x05,
    0x0a, 0x05, 0x12, 0x05, 0x05, 0x12, 0x05, 0x05, 0x0a, 0x05, 0x12, 0x05,
    0x0a, 0x05, 0x0a, 0x05, 0x05, 0x05, 0x05, 0x05, 0x05, 0x05, 0x05, 0x05,
    0x05, 0x0a, 0x11, 0x05, 0x05, 0x0a, 0x05, 0x05, 0x05, 0x11, 0x05, 0x0a,
    0x05, 0x05, 0x05, 0x05, 0x05, 0x11, 0x05, 0x05, 0x05, 0x11, 0x05, 0x05,
    0x05, 0x05, 0x05, 0x05, 0x0a, 0x05, 0x05, 0x0a, 0x05, 0x11, 0x0a, 0x05,
    0x05, 0x0a, 0x05, 0x05, 0x05, 0x05, 0x05, 0x0a, 0x05, 0x05, 0x0a, 0x05,
    0x05, 0x0a, 0x05, 0x0a, 0x05, 0x05, 0x05, 0x05, 0x0a, 0x05, 0x05, 0x12,
    0x05, 0x05, 0x05, 0x05, 0x0a, 0x05, 0x05, 0x0a, 0x05, 0x05, 0x05, 0x05,
    0x05, 0x11, 0x0a, 0x05, 0x05, 0x0a, 0x05, 0x05, 0x0a, 0x05, 0x05, 0x05,
    0x11, 0x0a, 0x05, 0x11, 0x05, 0x0a, 0x05, 0x05, 0x05, 0x0a, 0x05, 0x05,
    0x0a, 0x05, 0x05, 0x05, 0x0a, 0x05, 0x05, 0x0a, 0x0a, 0x05, 0x05, 0x0a,
    0x05, 0x11, 0x0a, 0x05, 0x05, 0x05, 0x11, 0x05, 0x05, 0x11, 0x05, 0x05,
    0x05, 0x05, 0x05, 0x0a, 0x05, 0x05, 0x05, 0x05, 0x05, 0x05, 0x05, 0x05,
    0x05, 0x05, 0x05, 0x05, 0x11, 0x05, 0x05, 0x05, 0x05, 0x0a, 0x11, 0x05,
    0x05, 0x05, 0x0a, 0x05, 0x0a, 0x05, 0x12, 0x05, 0x05, 0x0a, 0x05, 0x05,
    0x0a, 0x05, 0x05, 0x12, 0x05, 0x05, 0x11, 0x0a, 0x05, 0x05, 0x18, 0x0a,
    0x05, 0x11, 0x05, 0x0a, 0x11, 0x05, 0x05, 0x11, 0x05, 0x05, 0x05, 0x12,
    0x0a, 0x05, 0x05, 0x05, 0x11, 0x05, 0x0a, 0x05, 0x05, 0x05, 0x05, 0x05,
    0x05, 0x05, 0x05, 0x05, 0x05, 0x05, 0x12, 0x05, 0x05, 0x0a, 0x05, 0x0a,
    0x05, 0x05, 0x0a, 0x0a, 0x05, 0x05, 0x05, 0x0a, 0x05, 0x05, 0x11, 0x0a,
    0x05, 0x05, 0x0a, 0x05, 0x05, 0x05, 0x0a, 0x0a, 0x05, 0x0a, 0x05, 0x0a,
    0x05, 0x0a, 0x05, 0x0a, 0x05, 0x0a, 0x05, 0x05, 0x0a, 0x11, 0x05, 0x05,
    0x11, 0x05, 0x05, 0x05, 0x05, 0x05, 0x0a, 0x05, 0x0a, 0x0a, 0x05, 0x05,
    0x11, 0x05, 0x05, 0x11, 0x05, 0x05, 0x11, 0x05, 0x05, 0x0a, 0x05, 0x11,
    0x0a, 0x05, 0x05, 0x05, 0x0a, 0x05, 0x05, 0x0a, 0x05, 0x11, 0x05, 0x0a,
    0x11, 0x0a, 0x05, 0x0a, 0x05, 0x05, 0x0a, 0x05, 0x11, 0x05, 0x05, 0x12,
    0x05, 0x05, 0x12, 0x05, 0x05, 0x05, 0x0a, 0x05, 0x05, 0x05, 0x05, 0x0a,
    0x05, 0x05, 0x05, 0x12, 0x05, 0x05, 0x11, 0x05, 0x0a, 0x05, 0x11, 0x05,
    0x05, 0x11, 0x05, 0x05, 0x05, 0x05, 0x05, 0x0a, 0x05, 0x0a, 0x0a, 0x05,
    0x05, 0x0a, 0x05, 0x0a, 0x11, 0x0a, 0x05, 0x05, 0x11, 0x05, 0x0a, 0x05,
    0x11, 0x05, 0x0a, 0x05, 0x0a, 0x05, 0x0a, 0x05, 0x0a, 0x05, 0x0a, 0x05,
    0x11, 0x0a, 0x05, 0x05, 0x0a, 0x11, 0x05, 0x05, 0x11, 0x05, 0x0a, 0x05,
    0x05, 0x12, 0x05, 0x05, 0x11, 0x05, 0x05, 0x05, 0x05, 0x0a, 0x05, 0x05,
    0x05, 0x05, 0x05, 0x03, 0x05, 0x0a, 0x05, 0x05, 0x05, 0x0a, 0x05, 0x0a,
    0x05, 0x05, 0x0a, 0x05, 0x05, 0x05, 0x05, 0x0a, 0x05, 0x05, 0x05, 0x05,
    0x05, 0x0a, 0x0a, 0x05, 0x12, 0x05, 0x05, 0x0a, 0x05, 0x05, 0x05, 0x05,
    0x05, 0x0a, 0x11, 0x05, 0x0a, 0x11, 0x05, 0x05, 0x11, 0x0a, 0x05, 0x11,
    0x05, 0x0a, 0x05, 0x05, 0x05, 0x0a, 0x05, 0x05, 0x0a, 0x11, 0x05, 0x05,
    0x11, 0x05, 0x05, 0x0a, 0x11, 0x05, 0x05, 0x0a, 0x05, 0x11, 0x05, 0x0a,
    0x11, 0x05, 0x05, 0x0a, 0x05, 0x0a, 0x05, 0x05, 0x0a, 0x11, 0x05, 0x05,
    0x11, 0x05, 0x05, 0x12, 0x05, 0x05, 0x0a, 0x0a, 0x05, 0x05, 0x0a, 0x05,
    0x05, 0x11, 0x0a, 0x05, 0x05, 0x05, 0x05, 0x11, 0x0a, 0x05, 0x05, 0x12,
    0x05, 0x05, 0x05, 0x0a, 0x05, 0x05, 0x05, 0x11, 0x0a, 0x05, 0x11, 0x0a,
    0x05, 0x05, 0x0a, 0x05, 0x05, 0x05, 0x05, 0x05, 0x0a, 0x05, 0x05, 0x05,
    0x0a, 0x05, 0x05, 0x0a, 0x11, 0x05, 0x05, 0x05, 0x05, 0x0a, 0x05, 0x05,
    0x0a, 0x05, 0x05, 0x0a, 0x05, 0x05, 0x0a, 0x05, 0x0a, 0x11, 0x05, 0x0a,
    0x05, 0x05, 0x11, 0x05, 0x05, 0x0a, 0x11, 0x05, 0x05, 0x0a, 0x05, 0x05,
    0x0a, 0x05, 0x05, 0x0a, 0x05, 0x05, 0x0a, 0x05, 0x11, 0x05, 0x0a, 0x11,
    0x05, 0x05, 0x0a, 0x05, 0x05, 0x0a, 0x05, 0x05, 0x05, 0x0a, 0x05, 0x0a,
    0x05, 0x05, 0x05, 0x05, 0x05, 0x05, 0x05, 0x05, 0x0a, 0x05, 0x0a, 0x05,
    0x05, 0x05, 0x05, 0x0a, 0x05, 0x05, 0x12, 0x05, 0x03, 0x05, 0x05, 0x0a,
    0x05, 0x05, 0x05, 0x05, 0x05, 0x0a, 0x05, 0x11, 0x0a, 0x05, 0x05, 0x11,
    0x0a, 0x05, 0x0a, 0x0a, 0x11, 0x05, 0x05, 0x11, 0x05, 0x05, 0x0a, 0x05,
    0x11, 0x0a, 0x0a, 0x11, 0x05, 0x0a, 0x05, 0x05, 0x05, 0x05, 0x0a, 0x05,
    0x05, 0x05, 0x05, 0x0a, 0x05, 0x05, 0x05, 0x12, 0x05, 0x05, 0x11, 0x05,
    0x05, 0x05, 0x0a, 0x05, 0x05, 0x05, 0x05, 0x05, 0x05, 0x05, 0x05, 0x11,
    0x05, 0x05, 0x05, 0x05, 0x05, 0x0a, 0x05, 0x05, 0x05, 0x0a, 0x05, 0x05,
    0x0a, 0x05, 0x05, 0x0a, 0x05, 0x05, 0x05, 0x05, 0x05, 0x0a, 0x05, 0x05,
    0x05, 0x05, 0x0a, 0x11, 0x0a, 0x05, 0x05, 0x05, 0x0a, 0x05, 0x0a, 0x05,
    0x05, 0x05, 0x05, 0x05, 0x05, 0x05, 0x0a, 0x05, 0x05, 0x05, 0x05, 0x05,
    0x05, 0x05, 0x05, 0x05, 0x05, 0x05, 0x05, 0x0a, 0x05, 0x05, 0x12, 0x05,
    0x05, 0x05, 0x12, 0x05, 0x05, 0x11, 0x0a, 0x05, 0x05, 0x05, 0x0a, 0x0a,
    0x11, 0x05, 0x05, 0x05, 0x0a, 0x11, 0x05, 0x05, 0x05, 0x0a, 0x05, 0x05,
    0x0a, 0x05, 0x05, 0x0a, 0x05, 0x05, 0x05, 0x05, 0x05, 0x05, 0x05, 0x05,
    0x05, 0x05, 0x05, 0x05, 0x11, 0x0a, 0x05, 0x05, 0x11, 0x05, 0x0a, 0x05,
    0x05, 0x05, 0x05, 0x05, 0x05, 0x05, 0x11, 0x05, 0x05, 0x11, 0x05, 0x05,
    0x11, 0x0a, 0x05, 0x05, 0x05, 0x0a, 0x0a, 0x11, 0x05, 0x0a, 0x05, 0x05,
    0x0a, 0x05, 0x05, 0x05, 0x12, 0x0a, 0x05, 0x11, 0x05, 0x0a, 0x05, 0x05,
    0x0a, 0x03, 0x05, 0x05, 0x05, 0x12, 0x05, 0x05, 0x12, 0x05, 0x05, 0x05,
    0x05, 0x05, 0x0a, 0x05, 0x05, 0x05, 0x11, 0x05, 0x05, 0x05, 0x0a, 0x05,
    0x05, 0x05, 0x05, 0x0a, 0x05, 0x05, 0x05, 0x05, 0x05, 0x0a, 0x05, 0x05,
    0x05, 0x0a, 0x05, 0x05, 0x12, 0x05, 0x05, 0x0a, 0x05, 0x05, 0x05, 0x05,
    0x05, 0x0a, 0x05, 0x05, 0x0a, 0x05, 0x11, 0x05, 0x0a, 0x05, 0x0a, 0x12,
    0x05, 0x05, 0x0a, 0x0a, 0x05, 0x05, 0x0a, 0x0a, 0x05, 0x05, 0x05, 0x0a,
    0x11, 0x05, 0x05, 0x11, 0x05, 0x05, 0x05, 0x0a, 0x05, 0x0a, 0x05, 0x12,
    0x05, 0x05, 0x05, 0x11, 0x05, 0x05, 0x12, 0x05, 0x05, 0x05, 0x0a, 0x05,
    0x05, 0x11, 0x05, 0x0a, 0x11, 0x05, 0x0a, 0x05, 0x12, 0x05, 0x05, 0x12,
    0x05, 0x05, 0x12, 0x0a, 0x05, 0x0a, 0x05, 0x0a, 0x05, 0x0a, 0x11, 0x05,
    0x05, 0x11, 0x0a, 0x05, 0x05, 0x0a, 0x05, 0x05, 0x0a, 0x05, 0x05, 0x05,
    0x12, 0x05, 0x05, 0x05, 0x05, 0x0a, 0x05, 0x05, 0x12, 0x05, 0x05, 0x05,
    0x0a, 0x11, 0x05, 0x05, 0x11, 0x05, 0x05, 0x05, 0x11, 0x05, 0x0a, 0x11,
    0x0a, 0x0a, 0x11, 0x0a, 0x0a, 0x05, 0x0a, 0x05, 0x05, 0x0a, 0x05, 0x05,
    0x0a, 0x05, 0x05, 0x05, 0x11, 0x0a, 0x0a, 0x05, 0x05, 0x0a, 0x0a, 0x05,
    0x05, 0x0a, 0x05, 0x0a, 0x05, 0x05, 0x05, 0x05, 0x11, 0x05, 0x05, 0x05,
    0x05, 0x0a, 0x11, 0x05, 0x0a, 0x11, 0x05, 0x05, 0x05, 0x05, 0x05, 0x0a,
    0x05, 0x05, 0x11, 0x05, 0x05, 0x0a, 0x03, 0x05, 0x0a, 0x05, 0x05, 0x05,
    0x0a, 0x05, 0x05, 0x12, 0x05, 0x05, 0x0a, 0x11, 0x05, 0x0a, 0x05, 0x05,
    0x0a, 0x05, 0x05, 0x0a, 0x05, 0x0a, 0x05, 0x11, 0x05, 0x05, 0x0a, 0x05,
    0x11, 0x05, 0x05, 0x11, 0x05, 0x0a, 0x11, 0x05, 0x05, 0x05, 0x0a, 0x05,
    0x11, 0x05, 0x0a, 0x12, 0x05, 0x05, 0x05, 0x0a, 0x05, 0x05, 0x0a, 0x05,
    0x05, 0x05, 0x05, 0x05, 0x05, 0x0a, 0x11, 0x05, 0x05, 0x05, 0x0a, 0x11,
    0x05, 0x0a, 0x11, 0x05, 0x05, 0x0a, 0x05, 0x05, 0x0a, 0x05, 0x11, 0x0a,
    0x05, 0x11, 0x05, 0x05, 0x0a, 0x05, 0x05, 0x0a, 0x0a, 0x05, 0x05, 0x05,
    0x05, 0x05, 0x05, 0x05, 0x0a, 0x05, 0x05, 0x05, 0x05, 0x05, 0x0a, 0x05,
    0x05, 0x05, 0x0a, 0x05, 0x05, 0x05, 0x05, 0x05, 0x05, 0x11, 0x05, 0x0a,
    0x11, 0x05, 0x05, 0x0a, 0x05, 0x05, 0x0a, 0x05, 0x05, 0x05, 0x11, 0x05,
    0x05, 0x05, 0x0a, 0x05, 0x05, 0x05, 0x0a, 0x05, 0x11, 0x05, 0x05, 0x0a,
    0x05, 0x05, 0x05, 0x05, 0x0a, 0x05, 0x05, 0x0a, 0x05, 0x05, 0x0a, 0x05,
    0x0a, 0x05, 0x05, 0x05, 0x05, 0x05, 0x05, 0x05, 0x05, 0x05, 0x11, 0x0a,
    0x05, 0x11, 0x05, 0x05, 0x11, 0x0a, 0x05, 0x05, 0x0a, 0x05, 0x05, 0x11,
    0x05, 0x05, 0x11, 0x05, 0x0a, 0x05, 0x05, 0x0a, 0x05, 0x05, 0x0a, 0x05,
    0x0a, 0x05, 0x0a, 0x11, 0x05, 0x05, 0x0a, 0x05, 0x05, 0x05, 0x05, 0x0a,
    0x12, 0x05, 0x05, 0x05, 0x05, 0x0a, 0x05, 0x0a, 0x05, 0x05, 0x05, 0x03,
    0x05, 0x05, 0x0a, 0x05, 0x05, 0x05, 0x05, 0x05, 0x0a, 0x05, 0x05, 0x0a,
    0x05, 0x05, 0x0a, 0x05, 0x05, 0x0a, 0x11, 0x05, 0x05, 0x11, 0x05, 0x0a,
    0x05, 0x05, 0x12, 0x05, 0x05, 0x0a, 0x0a, 0x05, 0x05, 0x0a, 0x05, 0x05,
    0x0a, 0x05, 0x05, 0x05, 0x0a, 0x05, 0x05, 0x05, 0x05, 0x0a, 0x05, 0x11,
    0x05, 0x05, 0x11, 0x0a, 0x05, 0x05, 0x12, 0x05, 0x05, 0x05, 0x05, 0x05,
    0x05, 0x05, 0x12, 0x05, 0x05, 0x05, 0x05, 0x0a, 0x05, 0x05, 0x05, 0x0a,
    0x05, 0x05, 0x0a, 0x05, 0x05, 0x05, 0x05, 0x05, 0x05, 0x05, 0x0a, 0x11,
    0x05, 0x05, 0x0a, 0x05, 0x0a, 0x05, 0x0a, 0x11, 0x05, 0x0a, 0x11, 0x0a,
    0x0a, 0x05, 0x05, 0x05, 0x11, 0x05, 0x05, 0x05, 0x0a, 0x05, 0x05, 0x0a,
    0x05, 0x05, 0x0a, 0x05, 0x05, 0x05, 0x05, 0x05, 0x0a, 0x05, 0x05, 0x05,
    0x05, 0x0a, 0x05, 0x0a, 0x05, 0x05, 0x12, 0x05, 0x05, 0x11, 0x05, 0x05,
    0x0a, 0x05, 0x05, 0x0a, 0x11, 0x05, 0x05, 0x0a, 0x05, 0x11, 0x05, 0x05,
    0x0a, 0x11, 0x05, 0x0a, 0x11, 0x05, 0x0a, 0x05, 0x05, 0x0a, 0x05, 0x05,
    0x0a, 0x05, 0x05, 0x05, 0x05, 0x0a, 0x05, 0x05, 0x0a, 0x05, 0x05, 0x05,
    0x12, 0x05, 0x05, 0x05, 0x0a, 0x05, 0x0a, 0x05, 0x05, 0x05, 0x11, 0x05,
    0x05, 0x11, 0x05, 0x05, 0x12, 0x05, 0x05, 0x05, 0x0a, 0x05, 0x05, 0x05,
    0x0a, 0x05, 0x11, 0x05, 0x05, 0x05, 0x0a, 0x05, 0x11, 0x0a, 0x05, 0x11,
    0x05, 0x0a, 0x05, 0x05, 0x18, 0x05, 0x05, 0x05, 0x12, 0x05, 0x05, 0x12,
    0x05, 0x05, 0x05, 0x11, 0x05, 0x05, 0x05, 0x11, 0x05, 0x05, 0x05, 0x05,
    0x0a, 0x05, 0x05, 0x05, 0x0a, 0x05, 0x05, 0x05, 0x05, 0x05, 0x05, 0x05,
    0x05, 0x0a, 0x05, 0x05, 0x05, 0x11, 0x0a, 0x05, 0x11, 0x05, 0x0a, 0x05,
    0x05, 0x05, 0x05, 0x0a, 0x05, 0x0a, 0x05, 0x05, 0x05, 0x05, 0x0a, 0x05,
    0x05, 0x12, 0x0a, 0x05, 0x0a, 0x05, 0x05, 0x05, 0x05, 0x0a, 0x05, 0x05,
    0x05, 0x12, 0x05, 0x05, 0x11, 0x05, 0x05, 0x0a, 0x05, 0x05, 0x12, 0x0a,
    0x05, 0x11, 0x0a, 0x05, 0x05, 0x05, 0x05, 0x11, 0x05, 0x05, 0x12, 0x05,
    0x05, 0x05, 0x05, 0x05, 0x05, 0x05, 0x11, 0x0a, 0x05, 0x0a, 0x0a, 0x05,
    0x11, 0x05, 0x0a, 0x11, 0x05, 0x0a, 0x11, 0x05, 0x0a, 0x05, 0x05, 0x12,
    0x05, 0x05, 0x12, 0x05, 0x05, 0x12, 0x05, 0x05, 0x05, 0x0a, 0x05, 0x05,
    0x05, 0x0a, 0x0a, 0x05, 0x05, 0x0a, 0x05, 0x05, 0x05, 0x05, 0x0a, 0x05,
    0x05, 0x0a, 0x05, 0x05, 0x0a, 0x05, 0x05, 0x05, 0x05, 0x05, 0x05, 0x05,
    0x12, 0x05, 0x05, 0x12, 0x05, 0x05, 0x12, 0x05, 0x05, 0x05, 0x0a, 0x05,
    0x05, 0x0a, 0x05, 0x05, 0x05, 0x05, 0x05, 0x0a, 0x05, 0x05, 0x05, 0x0a,
    0x05, 0x05, 0x0a, 0x05, 0x0a, 0x05, 0x0a, 0x05, 0x05, 0x05, 0x05, 0x05,
    0x05, 0x0a, 0x05, 0x11, 0x05, 0x05, 0x0a, 0x05, 0x0a, 0x05, 0x05, 0x05,
    0x0a, 0x05, 0x05, 0x05, 0x05, 0x05, 0x0a, 0x11, 0x05, 0x03, 0x0a, 0x05,
    0x05, 0x05, 0x0a, 0x05, 0x05, 0x0a, 0x05, 0x0a, 0x05, 0x05, 0x0a, 0x05,
    0x05, 0x0a, 0x11, 0x05, 0x0a, 0x05, 0x05, 0x0a, 0x11, 0x05, 0x0a, 0x05,
    0x05, 0x0a, 0x11, 0x05, 0x05, 0x12, 0x05, 0x05, 0x12, 0x05, 0x05, 0x05,
    0x0a, 0x05, 0x05, 0x11, 0x0a, 0x05, 0x11, 0x05, 0x05, 0x05, 0x0a, 0x05,
    0x05, 0x12, 0x05, 0x05, 0x05, 0x05, 0x05, 0x05, 0x05, 0x12, 0x05, 0x0a,
    0x05, 0x05, 0x11, 0x0a, 0x05, 0x05, 0x05, 0x0a, 0x05, 0x0a, 0x05, 0x11,
    0x05, 0x05, 0x05, 0x05, 0x05, 0x0a, 0x05, 0x05, 0x05, 0x0a, 0x05, 0x0a,
    0x05, 0x05, 0x05, 0x05, 0x05, 0x0a, 0x05, 0x05, 0x0a, 0x05, 0x05, 0x05,
    0x05, 0x05, 0x05, 0x05, 0x0a, 0x05, 0x05, 0x05, 0x05, 0x05, 0x05, 0x05,
    0x05, 0x05, 0x05, 0x0a, 0x05, 0x05, 0x05, 0x05, 0x0a, 0x05, 0x05, 0x05,
    0x11, 0x05, 0x05, 0x12, 0x05, 0x05, 0x05, 0x05, 0x05, 0x11, 0x05, 0x0a,
    0x11, 0x05, 0x0a, 0x05, 0x11, 0x05, 0x05, 0x0a, 0x11, 0x05, 0x05, 0x0a,
    0x05, 0x05, 0x0a, 0x05, 0x05, 0x05, 0x05, 0x05, 0x05, 0x05, 0x05, 0x05,
    0x0a, 0x05, 0x11, 0x05, 0x05, 0x11, 0x05, 0x0a, 0x11, 0x0a, 0x05, 0x05,
    0x12, 0x05, 0x05, 0x11, 0x05, 0x05, 0x12, 0x05, 0x05, 0x05, 0x0a, 0x05,
    0x11, 0x0a, 0x05, 0x0a, 0x11, 0x05, 0x05, 0x0a, 0x05, 0x0a, 0x05, 0x11,
    0x05, 0x05, 0x0a, 0x11, 0x05, 0x05, 0x05, 0x0a, 0x05, 0x05, 0x0a, 0x05,
    0x05, 0x0a, 0x03, 0x0e, 0x05, 0x05, 0x05, 0x05, 0x05, 0x05, 0x11, 0x05,
    0x05, 0x0a, 0x05, 0x11, 0x0a, 0x05, 0x05, 0x0a, 0x05, 0x05, 0x11, 0x05,
    0x0a, 0x05, 0x05, 0x05, 0x12, 0x05, 0x05, 0x0a, 0x05, 0x0a, 0x05, 0x05,
    0x05, 0x05, 0x0a, 0x05, 0x05, 0x05, 0x0a, 0x05, 0x05, 0x05, 0x0a, 0x05,
    0x0a, 0x11, 0x05, 0x05, 0x11, 0x0a, 0x05, 0x05, 0x0a, 0x11, 0x0a, 0x05,
    0x05, 0x05, 0x05, 0x05, 0x11, 0x0a, 0x05, 0x05, 0x05, 0x0a, 0x11, 0x05,
    0x05, 0x05, 0x05, 0x0a, 0x05, 0x0a, 0x05, 0x12, 0x05, 0x05, 0x05, 0x0a,
    0x05, 0x11, 0x05, 0x05, 0x12, 0x05, 0x0a, 0x0a, 0x05, 0x05, 0x12, 0x05,
    0x05, 0x12, 0x05, 0x0a, 0x0a, 0x05, 0x11, 0x05, 0x05, 0x11, 0x0a, 0x05,
    0x05, 0x0a, 0x0a, 0x05, 0x0a, 0x05, 0x11, 0x0a, 0x05, 0x05, 0x0a, 0x05,
    0x05, 0x05, 0x12, 0x05, 0x0a, 0x0a, 0x05, 0x05, 0x05, 0x0a, 0x05, 0x11,
    0x0a, 0x05, 0x05, 0x0a, 0x05, 0x05, 0x0a, 0x05, 0x05, 0x0a, 0x05, 0x05,
    0x05, 0x05, 0x05, 0x12, 0x05, 0x05, 0x12, 0x05, 0x05, 0x12, 0x05, 0x0a,
    0x0a, 0x05, 0x0a, 0x05, 0x05, 0x0a, 0x05, 0x05, 0x0a, 0x05, 0x05, 0x0a,
    0x05, 0x05, 0x05, 0x0a, 0x05, 0x05, 0x05, 0x0a, 0x0a, 0x05, 0x05, 0x05,
    0x05, 0x11, 0x05, 0x05, 0x05, 0x05, 0x05, 0x0a, 0x05, 0x05, 0x0a, 0x11,
    0x05, 0x05, 0x05, 0x0a, 0x05, 0x05, 0x05, 0x05, 0x0a, 0x05, 0x11, 0x0a,
    0x05, 0x11, 0x0a, 0x05, 0x11, 0x05, 0x05, 0x0b, 0x04, 0x05, 0x12, 0x0a,
    0x05, 0x12, 0x05, 0x05, 0x0a, 0x05, 0x11, 0x05, 0x05, 0x0a, 0x05, 0x05,
    0x05, 0x0a, 0x05, 0x05, 0x0a, 0x05, 0x05, 0x05, 0x05, 0x05, 0x05, 0x05,
    0x05, 0x05, 0x05, 0x05, 0x0a, 0x05, 0x05, 0x05, 0x12, 0x05, 0x05, 0x11,
    0x0a, 0x05, 0x05, 0x05, 0x0a, 0x05, 0x05, 0x0a, 0x05, 0x05, 0x05, 0x05,
    0x05, 0x05, 0x0a, 0x05, 0x05, 0x12, 0x05, 0x05, 0x0a, 0x05, 0x05, 0x0a,
    0x05, 0x05, 0x05, 0x0a, 0x05, 0x05, 0x12, 0x05, 0x05, 0x05, 0x05, 0x0a,
    0x05, 0x05, 0x05, 0x11, 0x05, 0x0a, 0x05, 0x05, 0x05, 0x05, 0x05, 0x05,
    0x11, 0x05, 0x05, 0x05, 0x05, 0x05, 0x05, 0x05, 0x11, 0x05, 0x0a, 0x0a,
    0x05, 0x0a, 0x05, 0x05, 0x0a, 0x11, 0x05, 0x05, 0x11, 0x05, 0x0a, 0x05,
    0x05, 0x11, 0x05, 0x0a, 0x11, 0x05, 0x05, 0x05, 0x05, 0x05, 0x05, 0x0a,
    0x05, 0x05, 0x05, 0x0a, 0x05, 0x05, 0x0a, 0x05, 0x05, 0x05, 0x05, 0x11,
    0x05, 0x05, 0x0a, 0x11, 0x05, 0x0a, 0x05, 0x05, 0x05, 0x05, 0x05, 0x05,
    0x05, 0x0a, 0x05, 0x05, 0x05, 0x11, 0x05, 0x05, 0x12, 0x05, 0x05, 0x11,
    0x0a, 0x05, 0x05, 0x0a, 0x11, 0x05, 0x05, 0x05, 0x11, 0x05, 0x05, 0x05,
    0x05, 0x05, 0x12, 0x05, 0x05, 0x0a, 0x0a, 0x05, 0x05, 0x12, 0x05, 0x05,
    0x05, 0x11, 0x05, 0x0a, 0x05, 0x05, 0x0a, 0x11, 0x05, 0x0a, 0x05, 0x12,
    0x05, 0x05, 0x0a, 0x05, 0x05, 0x05, 0x05, 0x05, 0x05, 0x0a, 0x05, 0x05,
    0x0d, 0x0b, 0x05, 0x05, 0x05, 0x05, 0x05, 0x0a, 0x05, 0x05, 0x0a, 0x05,
    0x05, 0x0a, 0x05, 0x11, 0x05, 0x05, 0x12, 0x05, 0x05, 0x05, 0x11, 0x0a,
    0x05, 0x12, 0x05, 0x0a, 0x12, 0x05, 0x0a, 0x11, 0x05, 0x0a, 0x11, 0x05,
    0x05, 0x05, 0x0a, 0x05, 0x05, 0x05, 0x0a, 0x11, 0x05, 0x05, 0x11, 0x05,
    0x0a, 0x05, 0x05, 0x0a, 0x12, 0x05, 0x05, 0x05, 0x05, 0x05, 0x0a, 0x05,
    0x05, 0x0a, 0x05, 0x05, 0x11, 0x0a, 0x05, 0x11, 0x05, 0x0a, 0x05, 0x05,
    0x0a, 0x05, 0x11, 0x05, 0x05, 0x05, 0x0a, 0x0a, 0x05, 0x05, 0x05, 0x0a,
    0x05, 0x0a, 0x05, 0x05, 0x0a, 0x05, 0x05, 0x0a, 0x05, 0x0a, 0x05, 0x05,
    0x0a, 0x05, 0x05, 0x05, 0x05, 0x05, 0x05, 0x05, 0x05, 0x05, 0x05, 0x05,
    0x0a, 0x05, 0x05, 0x05, 0x0a, 0x05, 0x05, 0x05, 0x05, 0x0a, 0x05, 0x0a,
    0x05, 0x05, 0x11, 0x05, 0x05, 0x12, 0x05, 0x05, 0x11, 0x05, 0x05, 0x11,
    0x0a, 0x05, 0x11, 0x0a, 0x05, 0x05, 0x0a, 0x05, 0x05, 0x05, 0x12, 0x05,
    0x0a, 0x05, 0x0a, 0x05, 0x05, 0x12, 0x05, 0x05, 0x05, 0x0a, 0x05, 0x05,
    0x05, 0x05, 0x0a, 0x05, 0x05, 0x05, 0x11, 0x05, 0x05, 0x05, 0x0a, 0x05,
    0x0a, 0x05, 0x0a, 0x0a, 0x11, 0x05, 0x05, 0x05, 0x0a, 0x05, 0x05, 0x05,
    0x0a, 0x05, 0x05, 0x0a, 0x05, 0x0a, 0x05, 0x05, 0x05, 0x05, 0x05, 0x0a,
    0x05, 0x05, 0x05, 0x05, 0x05, 0x05, 0x05, 0x05, 0x0a, 0x05, 0x12, 0x05,
    0x05, 0x0a, 0x05, 0x05, 0x0a, 0x19, 0x1a, 0x05, 0x05, 0x05, 0x05, 0x05,
    0x0a, 0x11, 0x05, 0x05, 0x0a, 0x05, 0x05, 0x05, 0x0a, 0x05, 0x05, 0x05,
    0x0a, 0x05, 0x05, 0x0a, 0x05, 0x05, 0x05, 0x05, 0x05, 0x05, 0x05, 0x05,
    0x0a, 0x05, 0x05, 0x05, 0x0a, 0x05, 0x05, 0x05, 0x0a, 0x05, 0x05, 0x05,
    0x0a, 0x05, 0x05, 0x0a, 0x05, 0x05, 0x11, 0x05, 0x05, 0x05, 0x0a, 0x05,
    0x11, 0x0a, 0x05, 0x05, 0x05, 0x11, 0x05, 0x05, 0x05, 0x05, 0x05, 0x0a,
    0x05, 0x05, 0x05, 0x05, 0x05, 0x05, 0x0a, 0x05, 0x0a, 0x11, 0x05, 0x05,
    0x11, 0x0a, 0x05, 0x11, 0x05, 0x05, 0x12, 0x05, 0x05, 0x12, 0x05, 0x05,
    0x0a, 0x11, 0x05, 0x0a, 0x11, 0x05, 0x0a, 0x05, 0x11, 0x05, 0x0a, 0x11,
    0x0a, 0x05, 0x12, 0x05, 0x05, 0x0a, 0x05, 0x11, 0x05, 0x05, 0x0a, 0x05,
    0x05, 0x12, 0x05, 0x05, 0x11, 0x0a, 0x0a, 0x05, 0x05, 0x05, 0x05, 0x0a,
    0x05, 0x05, 0x0a, 0x05, 0x05, 0x05, 0x0a, 0x05, 0x05, 0x0a, 0x05, 0x11,
    0x05, 0x05, 0x0a, 0x05, 0x05, 0x05, 0x12, 0x05, 0x05, 0x0a, 0x05, 0x05,
    0x05, 0x12, 0x05, 0x05, 0x0a, 0x11, 0x05, 0x05, 0x0a, 0x05, 0x0a, 0x05,
    0x0a, 0x05, 0x05, 0x05, 0x12, 0x05, 0x05, 0x05, 0x05, 0x0a, 0x05, 0x05,
    0x0a, 0x05, 0x11, 0x05, 0x05, 0x11, 0x05, 0x05, 0x05, 0x12, 0x05, 0x05,
    0x0a, 0x05, 0x11, 0x0a, 0x05, 0x05, 0x11, 0x0a, 0x05, 0x05, 0x0a, 0x11,
    0x05, 0x05, 0x05, 0x05, 0x0a, 0x05, 0x11, 0x05, 0x05, 0x05, 0x09, 0x0c,
    0x0e, 0x05, 0x12, 0x05, 0x05, 0x05, 0x0a, 0x05, 0x05, 0x11, 0x05, 0x05,
    0x12, 0x05, 0x05, 0x0a, 0x05, 0x11, 0x05, 0x0a, 0x05, 0x05, 0x05, 0x0a,
    0x05, 0x05, 0x0a, 0x05, 0x05, 0x05, 0x11, 0x05, 0x0a, 0x05, 0x11, 0x0a,
    0x05, 0x11, 0x0a, 0x05, 0x11, 0x05, 0x0a, 0x05, 0x05, 0x0a, 0x05, 0x0a,
    0x05, 0x05, 0x05, 0x05, 0x0a, 0x05, 0x05, 0x12, 0x05, 0x0a, 0x05, 0x0a,
    0x0a, 0x11, 0x05, 0x0a, 0x05, 0x05, 0x0a, 0x11, 0x0a, 0x05, 0x11, 0x05,
    0x05, 0x0a, 0x05, 0x05, 0x05, 0x05, 0x05, 0x0a, 0x05, 0x05, 0x05, 0x05,
    0x05, 0x05, 0x05, 0x05, 0x05, 0x05, 0x05, 0x05, 0x05, 0x05, 0x05, 0x05,
    0x0a, 0x05, 0x05, 0x05, 0x0a, 0x05, 0x05, 0x05, 0x0a, 0x05, 0x11, 0x0a,
    0x05, 0x05, 0x0a, 0x11, 0x05, 0x0a, 0x05, 0x05, 0x05, 0x05, 0x05, 0x05,
    0x0a, 0x05, 0x0a, 0x05, 0x05, 0x0a, 0x05, 0x05, 0x0a, 0x05, 0x05, 0x05,
    0x05, 0x05, 0x05, 0x0a, 0x05, 0x05, 0x0a, 0x05, 0x05, 0x05, 0x05, 0x05,
    0x05, 0x11, 0x05, 0x05, 0x0a, 0x05, 0x05, 0x05, 0x05, 0x0a, 0x05, 0x05,
    0x05, 0x11, 0x05, 0x05, 0x0a, 0x05, 0x11, 0x0a, 0x05, 0x05, 0x05, 0x05,
    0x11, 0x05, 0x05, 0x0a, 0x11, 0x05, 0x05, 0x0a, 0x05, 0x0a, 0x05, 0x0a,
    0x05, 0x05, 0x05, 0x05, 0x05, 0x12, 0x05, 0x05, 0x05, 0x05, 0x05, 0x0a,
    0x05, 0x05, 0x12, 0x05, 0x0a, 0x05, 0x05, 0x12, 0x05, 0x05, 0x0a, 0x05,
    0x0a, 0x11, 0x07, 0x00, 0x00, 0x1b, 0x05, 0x05, 0x0a, 0x05, 0x11, 0x05,
    0x0a, 0x05, 0x05, 0x0a, 0x05, 0x05, 0x05, 0x05, 0x12, 0x05, 0x05, 0x05,
    0x11, 0x05, 0x05, 0x12, 0x05, 0x05, 0x12, 0x05, 0x05, 0x12, 0x05, 0x05,
    0x0a, 0x05, 0x05, 0x05, 0x0a, 0x05, 0x05, 0x05, 0x0a, 0x05, 0x05, 0x05,
    0x11, 0x05, 0x05, 0x11, 0x0a, 0x05, 0x12, 0x05, 0x05, 0x11, 0x05, 0x05,
    0x05, 0x05, 0x05, 0x05, 0x05, 0x05, 0x05, 0x0a, 0x05, 0x11, 0x05, 0x05,
    0x0a, 0x05, 0x05, 0x0a, 0x05, 0x05, 0x05, 0x0a, 0x05, 0x0a, 0x05, 0x05,
    0x05, 0x0a, 0x0a, 0x05, 0x0a, 0x05, 0x0a, 0x05, 0x0a, 0x11, 0x0a, 0x05,
    0x0a, 0x05, 0x0a, 0x05, 0x11, 0x05, 0x0a, 0x05, 0x05, 0x05, 0x05, 0x05,
    0x05, 0x05, 0x05, 0x05, 0x05, 0x0a, 0x05, 0x05, 0x05, 0x05, 0x05, 0x05,
    0x0a, 0x05, 0x0a, 0x05, 0x11, 0x05, 0x05, 0x11, 0x05, 0x05, 0x11, 0x05,
    0x05, 0x12, 0x05, 0x05, 0x12, 0x0a, 0x05, 0x11, 0x05, 0x0a, 0x05, 0x11,
    0x05, 0x0a, 0x11, 0x0a, 0x05, 0x0a, 0x05, 0x05, 0x0a, 0x11, 0x05, 0x0a,
    0x05, 0x11, 0x05, 0x0a, 0x05, 0x0a, 0x05, 0x05, 0x05, 0x11, 0x05, 0x05,
    0x0a, 0x05, 0x05, 0x0a, 0x0a, 0x05, 0x05, 0x0a, 0x05, 0x05, 0x05, 0x0a,
    0x05, 0x05, 0x05, 0x0a, 0x11, 0x05, 0x0a, 0x05, 0x05, 0x0a, 0x05, 0x05,
    0x0a, 0x05, 0x11, 0x0a, 0x05, 0x05, 0x05, 0x05, 0x05, 0x05, 0x0a, 0x05,
    0x05, 0x05, 0x05, 0x05, 0x05, 0x05, 0x0a, 0x14, 0x00, 0x00, 0x0c, 0x04,
    0x05, 0x0a, 0x05, 0x05, 0x05, 0x05, 0x0a, 0x05, 0x05, 0x0a, 0x05, 0x05,
    0x0a, 0x05, 0x05, 0x0a, 0x05, 0x0a, 0x05, 0x05, 0x0a, 0x05, 0x05, 0x05,
    0x05, 0x05, 0x0a, 0x05, 0x05, 0x05, 0x12, 0x05, 0x05, 0x05, 0x05, 0x05,
    0x05, 0x05, 0x0a, 0x05, 0x05, 0x0a, 0x0a, 0x05, 0x05, 0x05, 0x05, 0x05,
    0x0a, 0x05, 0x0a, 0x05, 0x0a, 0x05, 0x05, 0x12, 0x05, 0x05, 0x11, 0x0a,
    0x05, 0x05, 0x0a, 0x05, 0x05, 0x05, 0x05, 0x05, 0x0a, 0x11, 0x05, 0x05,
    0x11, 0x0a, 0x05, 0x11, 0x0a, 0x05, 0x11, 0x05, 0x05, 0x11, 0x0a, 0x05,
    0x11, 0x05, 0x0a, 0x05, 0x05, 0x11, 0x0a, 0x05, 0x05, 0x0a, 0x05, 0x05,
    0x12, 0x05, 0x05, 0x12, 0x0a, 0x05, 0x12, 0x05, 0x05, 0x0a, 0x11, 0x05,
    0x0a, 0x05, 0x12, 0x05, 0x05, 0x11, 0x0a, 0x05, 0x05, 0x0a, 0x05, 0x05,
    0x0a, 0x0a, 0x05, 0x0a, 0x05, 0x05, 0x05, 0x0a, 0x05, 0x05, 0x05, 0x0a,
    0x05, 0x05, 0x05, 0x05, 0x05, 0x0a, 0x05, 0x05, 0x05, 0x05, 0x0a, 0x05,
    0x05, 0x0a, 0x05, 0x05, 0x05, 0x0a, 0x05, 0x05, 0x05, 0x11, 0x0a, 0x05,
    0x0a, 0x0a, 0x05, 0x05, 0x0a, 0x05, 0x11, 0x05, 0x05, 0x11, 0x05, 0x0a,
    0x11, 0x05, 0x05, 0x0a, 0x11, 0x05, 0x05, 0x11, 0x05, 0x05, 0x05, 0x0a,
    0x11, 0x05, 0x05, 0x05, 0x05, 0x0a, 0x05, 0x05, 0x0a, 0x05, 0x11, 0x0a,
    0x05, 0x05, 0x11, 0x05, 0x0a, 0x05, 0x05, 0x12, 0x05, 0x05, 0x05, 0x0b,
    0x00, 0x00, 0x00, 0x00, 0x01, 0x05, 0x11, 0x0a, 0x05, 0x05, 0x12, 0x05,
    0x05, 0x11, 0x05, 0x0a, 0x11, 0x05, 0x05, 0x05, 0x05, 0x0a, 0x05, 0x05,
    0x05, 0x05, 0x12, 0x05, 0x05, 0x0a, 0x05, 0x05, 0x0a, 0x05, 0x05, 0x05,
    0x0a, 0x05, 0x11, 0x0a, 0x0a, 0x11, 0x05, 0x05, 0x12, 0x05, 0x05, 0x05,
    0x05, 0x0a, 0x05, 0x05, 0x05, 0x05, 0x0a, 0x05, 0x05, 0x05, 0x0a, 0x05,
    0x05, 0x0a, 0x05, 0x05, 0x0a, 0x05, 0x05, 0x05, 0x0a, 0x11, 0x05, 0x0a,
    0x11, 0x05, 0x0a, 0x05, 0x05, 0x05, 0x05, 0x05, 0x05, 0x0a, 0x05, 0x05,
    0x05, 0x05, 0x05, 0x05, 0x05, 0x05, 0x05, 0x05, 0x05, 0x05, 0x05, 0x05,
    0x11, 0x05, 0x0a, 0x05, 0x05, 0x05, 0x0a, 0x05, 0x05, 0x05, 0x05, 0x0a,
    0x05, 0x05, 0x05, 0x05, 0x05, 0x05, 0x0a, 0x05, 0x05, 0x0a, 0x05, 0x05,
    0x05, 0x11, 0x0a, 0x05, 0x05, 0x05, 0x11, 0x05, 0x05, 0x0a, 0x05, 0x05,
    0x11, 0x05, 0x05, 0x05, 0x05, 0x0a, 0x11, 0x05, 0x0a, 0x05, 0x05, 0x05,
    0x0a, 0x11, 0x05, 0x05, 0x11, 0x05, 0x05, 0x05, 0x05, 0x11, 0x0a, 0x05,
    0x05, 0x0a, 0x05, 0x05, 0x11, 0x05, 0x05, 0x05, 0x0a, 0x05, 0x05, 0x05,
    0x0a, 0x05, 0x05, 0x05, 0x05, 0x05, 0x0a, 0x05, 0x05, 0x05, 0x0a, 0x05,
    0x0a, 0x05, 0x05, 0x0a, 0x05, 0x05, 0x0a, 0x11, 0x05, 0x0a, 0x11, 0x05,
    0x05, 0x05, 0x05, 0x0a, 0x05, 0x0a, 0x05, 0x05, 0x0a, 0x05, 0x11, 0x0a,
    0x05, 0x0a, 0x05, 0x1c, 0x09, 0x00, 0x00, 0x00, 0x00, 0x00, 0x0f, 0x05,
    0x0a, 0x05, 0x05, 0x05, 0x05, 0x0a, 0x05, 0x05, 0x05, 0x0a, 0x05, 0x05,
    0x12, 0x05, 0x05, 0x11, 0x0a, 0x05, 0x05, 0x05, 0x0a, 0x11, 0x05, 0x05,
    0x11, 0x05, 0x0a, 0x11, 0x05, 0x05, 0x0a, 0x05, 0x05, 0x05, 0x0a, 0x05,
    0x05, 0x05, 0x05, 0x11, 0x05, 0x0a, 0x11, 0x05, 0x0a, 0x11, 0x05, 0x05,
    0x11, 0x05, 0x05, 0x12, 0x05, 0x05, 0x0a, 0x05, 0x05, 0x05, 0x11, 0x05,
    0x05, 0x05, 0x0a, 0x05, 0x05, 0x05, 0x05, 0x05, 0x0a, 0x0a, 0x05, 0x12,
    0x05, 0x05, 0x05, 0x05, 0x0a, 0x12, 0x05, 0x0a, 0x05, 0x0a, 0x0a, 0x05,
    0x11, 0x0a, 0x0a, 0x05, 0x05, 0x0a, 0x05, 0x05, 0x11, 0x05, 0x05, 0x05,
    0x11, 0x05, 0x05, 0x05, 0x05, 0x12, 0x05, 0x05, 0x0a, 0x05, 0x11, 0x05,
    0x05, 0x05, 0x0a, 0x05, 0x05, 0x0a, 0x05, 0x05, 0x05, 0x12, 0x05, 0x05,
    0x05, 0x05, 0x12, 0x05, 0x05, 0x0a, 0x0a, 0x05, 0x11, 0x05, 0x0a, 0x05,
    0x05, 0x12, 0x05, 0x05, 0x12, 0x05, 0x05, 0x0a, 0x05, 0x0a, 0x05, 0x11,
    0x0a, 0x05, 0x05, 0x05, 0x05, 0x12, 0x05, 0x05, 0x05, 0x0a, 0x05, 0x05,
    0x11, 0x05, 0x05, 0x05, 0x0a, 0x05, 0x0a, 0x05, 0x0a, 0x05, 0x05, 0x0a,
    0x11, 0x05, 0x0a, 0x05, 0x05, 0x05, 0x0a, 0x11, 0x05, 0x05, 0x05, 0x0a,
    0x05, 0x05, 0x05, 0x05, 0x0a, 0x05, 0x11, 0x0a, 0x05, 0x05, 0x11, 0x0a,
    0x05, 0x05, 0x05, 0x05, 0x05, 0x05, 0x05, 0x1d, 0x09, 0x00, 0x00, 0x00,
    0x00, 0x00, 0x00, 0x00, 0x1e, 0x0e, 0x05, 0x05, 0x0a, 0x11, 0x05, 0x0a,
    0x05, 0x05, 0x05, 0x0a, 0x05, 0x05, 0x0a, 0x05, 0x05, 0x0a, 0x11, 0x05,
    0x05, 0x05, 0x0a, 0x05, 0x0a, 0x05, 0x05, 0x05, 0x0a, 0x05, 0x05, 0x11,
    0x05, 0x05, 0x05, 0x05, 0x12, 0x05, 0x0a, 0x0a, 0x05, 0x05, 0x0a, 0x05,
    0x05, 0x0a, 0x05, 0x05, 0x0a, 0x0a, 0x05, 0x05, 0x05, 0x05, 0x11, 0x05,
    0x0a, 0x11, 0x05, 0x0a, 0x0a, 0x05, 0x11, 0x05, 0x0a, 0x05, 0x0a, 0x05,
    0x11, 0x05, 0x05, 0x05, 0x05, 0x0a, 0x05, 0x11, 0x05, 0x05, 0x05, 0x05,
    0x05, 0x11, 0x05, 0x05, 0x05, 0x05, 0x05, 0x05, 0x11, 0x0a, 0x05, 0x05,
    0x0a, 0x05, 0x0a, 0x0a, 0x05, 0x0a, 0x0a, 0x11, 0x05, 0x0a, 0x05, 0x05,
    0x0a, 0x11, 0x05, 0x0a, 0x05, 0x05, 0x12, 0x05, 0x05, 0x11, 0x05, 0x0a,
    0x05, 0x05, 0x0a, 0x05, 0x0a, 0x05, 0x05, 0x05, 0x0a, 0x05, 0x05, 0x05,
    0x0a, 0x05, 0x05, 0x05, 0x05, 0x05, 0x05, 0x05, 0x05, 0x05, 0x05, 0x05,
    0x05, 0x0a, 0x05, 0x05, 0x0a, 0x05, 0x0a, 0x05, 0x05, 0x0a, 0x05, 0x05,
    0x05, 0x0a, 0x05, 0x05, 0x0a, 0x0a, 0x05, 0x11, 0x0a, 0x05, 0x11, 0x05,
    0x05, 0x12, 0x05, 0x05, 0x05, 0x05, 0x05, 0x05, 0x11, 0x05, 0x05, 0x05,
    0x0a, 0x05, 0x05, 0x12, 0x05, 0x05, 0x0a, 0x05, 0x05, 0x0a, 0x05, 0x05,
    0x05, 0x05, 0x05, 0x05, 0x05, 0x0a, 0x11, 0x05, 0x0a, 0x05, 0x11, 0x04,
    0x09, 0x00, 0x00, 0x00, 0x00, 0x00, 0x00, 0x00, 0x00, 0x00, 0x09, 0x1f,
    0x05, 0x0a, 0x05, 0x05, 0x05, 0x12, 0x05, 0x05, 0x11, 0x05, 0x05, 0x05,
    0x05, 0x05, 0x05, 0x0a, 0x05, 0x05, 0x0a, 0x05, 0x05, 0x05, 0x0a, 0x05,
    0x05, 0x05, 0x0a, 0x05, 0x05, 0x0a, 0x0a, 0x11, 0x05, 0x05, 0x05, 0x05,
    0x05, 0x05, 0x05, 0x05, 0x05, 0x05, 0x05, 0x0a, 0x05, 0x05, 0x05, 0x12,
    0x05, 0x05, 0x0a, 0x05, 0x05, 0x05, 0x0a, 0x05, 0x05, 0x05, 0x0a, 0x05,
    0x05, 0x05, 0x11, 0x05, 0x0a, 0x05, 0x05, 0x0a, 0x11, 0x05, 0x05, 0x0a,
    0x0a, 0x05, 0x05, 0x0a, 0x05, 0x05, 0x0a, 0x05, 0x11, 0x0a, 0x0a, 0x05,
    0x05, 0x0a, 0x05, 0x05, 0x11, 0x05, 0x05, 0x05, 0x11, 0x05, 0x05, 0x05,
    0x05, 0x0a, 0x05, 0x05, 0x05, 0x05, 0x05, 0x0a, 0x05, 0x05, 0x0a, 0x05,
    0x05, 0x05, 0x0a, 0x05, 0x05, 0x11, 0x05, 0x05, 0x05, 0x05, 0x12, 0x05,
    0x05, 0x05, 0x11, 0x05, 0x05, 0x11, 0x0a, 0x05, 0x12, 0x05, 0x0a, 0x05,
    0x0a, 0x05, 0x0a, 0x05, 0x11, 0x05, 0x05, 0x11, 0x05, 0x05, 0x05, 0x11,
    0x0a, 0x05, 0x11, 0x05, 0x0a, 0x11, 0x05, 0x05, 0x11, 0x05, 0x05, 0x05,
    0x0a, 0x05, 0x05, 0x05, 0x05, 0x05, 0x05, 0x0a, 0x05, 0x11, 0x0a, 0x05,
    0x0a, 0x0a, 0x05, 0x11, 0x0a, 0x05, 0x05, 0x05, 0x05, 0x05, 0x05, 0x12,
    0x05, 0x05, 0x11, 0x0a, 0x05, 0x05, 0x12, 0x0a, 0x05, 0x05, 0x05, 0x0a,
    0x05, 0x05, 0x0a, 0x0d, 0x0c, 0x00, 0x00, 0x00, 0x00, 0x00, 0x00, 0x00,
    0x00, 0x00, 0x00, 0x00, 0x00, 0x20, 0x21, 0x05, 0x05, 0x05, 0x05, 0x0a,
    0x05, 0x05, 0x0a, 0x11, 0x0a, 0x05, 0x11, 0x0a, 0x05, 0x05, 0x12, 0x05,
    0x05, 0x11, 0x05, 0x05, 0x12, 0x05, 0x05, 0x11, 0x0a, 0x05, 0x05, 0x05,
    0x0a, 0x05, 0x05, 0x0a, 0x11, 0x05, 0x0a, 0x11, 0x0a, 0x05, 0x11, 0x05,
    0x11, 0x0a, 0x05, 0x05, 0x05, 0x0a, 0x05, 0x05, 0x0a, 0x05, 0x05, 0x05,
    0x05, 0x11, 0x05, 0x05, 0x0a, 0x05, 0x05, 0x0a, 0x05, 0x05, 0x05, 0x0a,
    0x05, 0x05, 0x0a, 0x05, 0x05, 0x05, 0x11, 0x0a, 0x05, 0x11, 0x0a, 0x05,
    0x05, 0x05, 0x05, 0x05, 0x11, 0x0a, 0x05, 0x05, 0x0a, 0x05, 0x05, 0x0a,
    0x05, 0x05, 0x05, 0x0a, 0x05, 0x05, 0x05, 0x11, 0x0a, 0x05, 0x11, 0x0a,
    0x05, 0x05, 0x11, 0x05, 0x05, 0x05, 0x0a, 0x05, 0x05, 0x0a, 0x05, 0x05,
    0x0a, 0x05, 0x05, 0x0a, 0x05, 0x05, 0x0a, 0x0a, 0x05, 0x05, 0x0a, 0x05,
    0x05, 0x05, 0x0a, 0x05, 0x11, 0x05, 0x0a, 0x11, 0x0a, 0x05, 0x0a, 0x05,
    0x0a, 0x05, 0x05, 0x0a, 0x05, 0x05, 0x0a, 0x05, 0x05, 0x05, 0x0a, 0x05,
    0x0a, 0x05, 0x05, 0x05, 0x0a, 0x05, 0x05, 0x0a, 0x05, 0x12, 0x05, 0x05,
    0x05, 0x0a, 0x05, 0x05, 0x05, 0x11, 0x05, 0x05, 0x0a, 0x05, 0x05, 0x12,
    0x05, 0x0a, 0x05, 0x05, 0x05, 0x0a, 0x05, 0x05, 0x05, 0x0a, 0x05, 0x05,
    0x05, 0x05, 0x12, 0x05, 0x05, 0x0e, 0x0d, 0x09, 0x00, 0x00, 0x00, 0x00,
    0x00, 0x00, 0x00, 0x00, 0x00, 0x00, 0x00, 0x00, 0x00, 0x00, 0x00, 0x00,
    0x0c, 0x01, 0x22, 0x15, 0x10, 0x15, 0x15, 0x10, 0x15, 0x15, 0x10, 0x15,
    0x15, 0x02, 0x15, 0x15, 0x10, 0x15, 0x15, 0x10, 0x15, 0x15, 0x10, 0x15,
    0x15, 0x10, 0x15, 0x1b, 0x10, 0x15, 0x15, 0x10, 0x15, 0x15, 0x10, 0x15,
    0x15, 0x10, 0x15, 0x15, 0x10, 0x15, 0x15, 0x10, 0x1b, 0x15, 0x10, 0x15,
    0x1b, 0x10, 0x15, 0x15, 0x10, 0x15, 0x15, 0x15, 0x10, 0x15, 0x15, 0x15,
    0x10, 0x15, 0x15, 0x15, 0x02, 0x15, 0x15, 0x15, 0x10, 0x1b, 0x15, 0x15,
    0x10, 0x1b, 0x15, 0x15, 0x10, 0x15, 0x15, 0x15, 0x10, 0x15, 0x1b, 0x15,
    0x10, 0x15, 0x15, 0x15, 0x10, 0x15, 0x15, 0x15, 0x10, 0x15, 0x15, 0x15,
    0x10, 0x15, 0x15, 0x15, 0x10, 0x1b, 0x15, 0x15, 0x10, 0x15, 0x15, 0x15,
    0x02, 0x15, 0x15, 0x15, 0x10, 0x15, 0x15, 0x15, 0x02, 0x15, 0x15, 0x15,
    0x10, 0x15, 0x15, 0x15, 0x02, 0x15, 0x15, 0x1b, 0x10, 0x15, 0x1b, 0x15,
    0x10, 0x1b, 0x15, 0x15, 0x10, 0x15, 0x15, 0x15, 0x10, 0x15, 0x1b, 0x15,
    0x10, 0x15, 0x15, 0x1b, 0x10, 0x15, 0x15, 0x15, 0x10, 0x15, 0x1b, 0x15,
    0x10, 0x15, 0x15, 0x15, 0x10, 0x15, 0x15, 0x15, 0x10, 0x15, 0x15, 0x15,
    0x10, 0x15, 0x1b, 0x15, 0x10, 0x15, 0x15, 0x15, 0x10, 0x15, 0x15, 0x15,
    0x10, 0x15, 0x1b, 0x15, 0x10, 0x15, 0x15, 0x15, 0x1e, 0x14, 0x00, 0x00,
    0x00, 0x00, 0x00, 0x00, 0x00, 0x00, 0x00, 0x00
};

LOCATION_PRAGMA("ExtFlashSection")
KEEP extern const unsigned char image_alarm_red_box_extra_data[] LOCATION_ATTRIBUTE("ExtFlashSection") = { // 35 ARGB8888 CLUT entries.
    0x00, 0x00, 0x23, 0x00,
    0x00, 0x00, 0x00, 0x00, 0x40, 0x38, 0xf8, 0x41, 0x40, 0x38, 0xf8, 0x82,
    0x40, 0x38, 0xf8, 0xbe, 0x40, 0x38, 0xf8, 0xdf, 0x40, 0x38, 0xf8, 0xff,
    0x40, 0x38, 0xf8, 0xcf, 0x40, 0x34, 0xf8, 0xae, 0x40, 0x38, 0xf8, 0x5d,
    0x40, 0x38, 0xf8, 0x20, 0x40, 0x34, 0xf8, 0xff, 0x40, 0x34, 0xf8, 0x9e,
    0x40, 0x40, 0xf8, 0x10, 0x40, 0x38, 0xf8, 0x8e, 0x40, 0x34, 0xf8, 0xef,
    0x40, 0x38, 0xf8, 0x71, 0x40, 0x34, 0xf8, 0x82, 0x48, 0x38, 0xf8, 0xff,
    0x48, 0x34, 0xf8, 0xff, 0x40, 0x34, 0xf8, 0x41, 0x40, 0x34, 0xf8, 0x30,
    0x40, 0x34, 0xf8, 0x7d, 0x40, 0x38, 0xf8, 0x30, 0x40, 0x38, 0xf8, 0x6d,
    0x40, 0x34, 0xf8, 0xbe, 0x40, 0x34, 0xf8, 0x51, 0x40, 0x34, 0xf8, 0x61,
    0x40, 0x38, 0xf8, 0x7d, 0x48, 0x38, 0xf8, 0xdf, 0x40, 0x34, 0xf8, 0xdf,
    0x40, 0x38, 0xf8, 0x61, 0x48, 0x38, 0xf8, 0xcf, 0x40, 0x38, 0xf8, 0x4d,
    0x48, 0x34, 0xf8, 0xae, 0x40, 0x34, 0xf8, 0x6d
};
