// 4.23.2 0xde6e1ffa D2 AY R0 FL8_ARGB8888 U565 N0 SExtFlashSection EExtFlashSection CNO_COMPRESSION
// Generated by imageconverter. Please, do not edit!

#include <touchgfx/hal/Config.hpp>

LOCATION_PRAGMA("ExtFlashSection")
KEEP extern const unsigned char image_alarm_blue_box[] LOCATION_ATTRIBUTE("ExtFlashSection") = { // 209x112 L8_ARGB8888 pixels.
    0x00, 0x00, 0x00, 0x00, 0x00, 0x00, 0x00, 0x00, 0x01, 0x02, 0x03, 0x04,
    0x05, 0x05, 0x06, 0x05, 0x05, 0x06, 0x05, 0x05, 0x06, 0x05, 0x05, 0x06,
    0x05, 0x05, 0x06, 0x05, 0x05, 0x06, 0x05, 0x05, 0x06, 0x05, 0x05, 0x06,
    0x05, 0x05, 0x06, 0x05, 0x05, 0x06, 0x05, 0x05, 0x06, 0x05, 0x05, 0x06,
    0x05, 0x05, 0x06, 0x05, 0x05, 0x06, 0x05, 0x05, 0x06, 0x05, 0x05, 0x06,
    0x05, 0x05, 0x06, 0x05, 0x05, 0x06, 0x05, 0x05, 0x06, 0x05, 0x05, 0x06,
    0x05, 0x05, 0x06, 0x05, 0x05, 0x06, 0x05, 0x05, 0x06, 0x05, 0x05, 0x06,
    0x05, 0x05, 0x06, 0x05, 0x05, 0x06, 0x05, 0x05, 0x06, 0x05, 0x05, 0x06,
    0x05, 0x05, 0x06, 0x05, 0x05, 0x06, 0x05, 0x05, 0x06, 0x05, 0x05, 0x06,
    0x05, 0x05, 0x06, 0x05, 0x05, 0x06, 0x05, 0x05, 0x06, 0x05, 0x05, 0x06,
    0x05, 0x05, 0x06, 0x05, 0x05, 0x06, 0x05, 0x05, 0x06, 0x05, 0x05, 0x06,
    0x05, 0x05, 0x06, 0x05, 0x05, 0x06, 0x05, 0x05, 0x06, 0x05, 0x05, 0x06,
    0x05, 0x05, 0x06, 0x05, 0x05, 0x06, 0x05, 0x05, 0x06, 0x05, 0x05, 0x06,
    0x05, 0x05, 0x06, 0x05, 0x05, 0x06, 0x05, 0x05, 0x06, 0x05, 0x05, 0x06,
    0x05, 0x05, 0x06, 0x05, 0x05, 0x06, 0x05, 0x05, 0x06, 0x05, 0x05, 0x06,
    0x05, 0x05, 0x06, 0x05, 0x05, 0x06, 0x05, 0x05, 0x06, 0x05, 0x05, 0x06,
    0x05, 0x05, 0x06, 0x05, 0x05, 0x07, 0x08, 0x09, 0x0a, 0x00, 0x00, 0x00,
    0x00, 0x00, 0x00, 0x00, 0x00, 0x00, 0x00, 0x00, 0x00, 0x00, 0x00, 0x01,
    0x03, 0x05, 0x06, 0x0b, 0x05, 0x0c, 0x0c, 0x05, 0x0c, 0x0c, 0x05, 0x0c,
    0x0c, 0x05, 0x0c, 0x0c, 0x05, 0x0c, 0x0c, 0x05, 0x0c, 0x0c, 0x05, 0x0c,
    0x0c, 0x05, 0x0c, 0x0c, 0x05, 0x0c, 0x0c, 0x05, 0x0c, 0x0c, 0x05, 0x0c,
    0x0c, 0x05, 0x0c, 0x0c, 0x05, 0x0c, 0x0c, 0x05, 0x0c, 0x0c, 0x05, 0x0c,
    0x0c, 0x05, 0x0c, 0x0c, 0x05, 0x0c, 0x0c, 0x05, 0x0c, 0x0c, 0x05, 0x0c,
    0x0c, 0x05, 0x0c, 0x0c, 0x05, 0x0c, 0x0c, 0x05, 0x0c, 0x0c, 0x05, 0x0c,
    0x0c, 0x05, 0x0c, 0x0c, 0x05, 0x0c, 0x0c, 0x05, 0x0c, 0x0c, 0x05, 0x0c,
    0x0c, 0x05, 0x0c, 0x0c, 0x05, 0x0c, 0x0c, 0x05, 0x0c, 0x0c, 0x05, 0x0c,
    0x0c, 0x05, 0x0c, 0x0c, 0x05, 0x0c, 0x0c, 0x05, 0x0c, 0x0c, 0x05, 0x0c,
    0x0c, 0x05, 0x0c, 0x0c, 0x05, 0x0c, 0x0c, 0x05, 0x0c, 0x0c, 0x05, 0x0c,
    0x0c, 0x05, 0x0c, 0x0c, 0x05, 0x0c, 0x0c, 0x05, 0x0c, 0x0c, 0x05, 0x0c,
    0x0c, 0x05, 0x0c, 0x0c, 0x05, 0x0c, 0x0c, 0x05, 0x0c, 0x0c, 0x05, 0x0c,
    0x0c, 0x05, 0x0c, 0x0c, 0x05, 0x0c, 0x0c, 0x05, 0x0c, 0x0c, 0x05, 0x0c,
    0x0c, 0x05, 0x0c, 0x0c, 0x05, 0x0c, 0x0c, 0x05, 0x0c, 0x0c, 0x05, 0x0c,
    0x0c, 0x05, 0x0c, 0x0c, 0x05, 0x0c, 0x0c, 0x05, 0x0c, 0x0c, 0x05, 0x0c,
    0x0c, 0x05, 0x0c, 0x0c, 0x05, 0x0c, 0x0c, 0x05, 0x0c, 0x0b, 0x05, 0x0c,
    0x05, 0x05, 0x0d, 0x0a, 0x00, 0x00, 0x00, 0x00, 0x00, 0x00, 0x00, 0x00,
    0x00, 0x00, 0x0e, 0x0f, 0x0c, 0x0b, 0x06, 0x0c, 0x10, 0x05, 0x11, 0x0b,
    0x10, 0x06, 0x12, 0x05, 0x11, 0x0b, 0x10, 0x06, 0x12, 0x05, 0x11, 0x0b,
    0x10, 0x06, 0x12, 0x05, 0x11, 0x0b, 0x10, 0x06, 0x12, 0x05, 0x11, 0x0b,
    0x10, 0x06, 0x12, 0x05, 0x11, 0x0b, 0x10, 0x06, 0x12, 0x05, 0x11, 0x0b,
    0x10, 0x06, 0x12, 0x05, 0x11, 0x0b, 0x10, 0x06, 0x12, 0x05, 0x11, 0x0b,
    0x10, 0x06, 0x12, 0x05, 0x11, 0x0b, 0x10, 0x06, 0x12, 0x05, 0x11, 0x0b,
    0x10, 0x06, 0x12, 0x05, 0x11, 0x0b, 0x10, 0x06, 0x12, 0x05, 0x11, 0x0b,
    0x10, 0x06, 0x12, 0x05, 0x11, 0x0b, 0x10, 0x06, 0x12, 0x05, 0x11, 0x0b,
    0x10, 0x06, 0x12, 0x05, 0x11, 0x0b, 0x10, 0x06, 0x12, 0x05, 0x11, 0x0b,
    0x10, 0x06, 0x12, 0x05, 0x11, 0x0b, 0x10, 0x06, 0x12, 0x05, 0x11, 0x0b,
    0x10, 0x06, 0x12, 0x05, 0x11, 0x0b, 0x10, 0x06, 0x12, 0x05, 0x11, 0x0b,
    0x10, 0x06, 0x12, 0x05, 0x11, 0x0b, 0x10, 0x06, 0x12, 0x05, 0x11, 0x0b,
    0x10, 0x06, 0x12, 0x05, 0x11, 0x0b, 0x10, 0x06, 0x12, 0x05, 0x11, 0x0b,
    0x10, 0x06, 0x12, 0x05, 0x11, 0x0b, 0x10, 0x06, 0x12, 0x05, 0x11, 0x0b,
    0x10, 0x06, 0x12, 0x05, 0x11, 0x0b, 0x10, 0x06, 0x12, 0x05, 0x11, 0x0b,
    0x10, 0x06, 0x12, 0x05, 0x11, 0x0b, 0x10, 0x06, 0x12, 0x05, 0x11, 0x0b,
    0x11, 0x11, 0x0b, 0x11, 0x0c, 0x0b, 0x06, 0x0b, 0x13, 0x14, 0x00, 0x00,
    0x00, 0x00, 0x00, 0x00, 0x00, 0x00, 0x0e, 0x15, 0x06, 0x0b, 0x10, 0x06,
    0x0b, 0x06, 0x11, 0x0b, 0x06, 0x06, 0x10, 0x0c, 0x06, 0x05, 0x16, 0x06,
    0x05, 0x0c, 0x11, 0x05, 0x0c, 0x06, 0x10, 0x0c, 0x06, 0x05, 0x16, 0x06,
    0x05, 0x0c, 0x11, 0x05, 0x0c, 0x06, 0x10, 0x0c, 0x06, 0x05, 0x16, 0x06,
    0x05, 0x0c, 0x11, 0x05, 0x0c, 0x06, 0x10, 0x0c, 0x06, 0x05, 0x16, 0x06,
    0x05, 0x0c, 0x11, 0x05, 0x0c, 0x06, 0x10, 0x0c, 0x06, 0x05, 0x16, 0x06,
    0x05, 0x0c, 0x11, 0x05, 0x0c, 0x06, 0x10, 0x0c, 0x06, 0x05, 0x16, 0x06,
    0x05, 0x0c, 0x11, 0x05, 0x0c, 0x06, 0x10, 0x0c, 0x06, 0x05, 0x16, 0x06,
    0x05, 0x0c, 0x11, 0x05, 0x0c, 0x06, 0x10, 0x0c, 0x06, 0x05, 0x16, 0x06,
    0x05, 0x0c, 0x11, 0x05, 0x0c, 0x06, 0x10, 0x0c, 0x06, 0x05, 0x16, 0x06,
    0x05, 0x0c, 0x11, 0x05, 0x0c, 0x06, 0x10, 0x0c, 0x06, 0x05, 0x16, 0x06,
    0x05, 0x0c, 0x11, 0x05, 0x0c, 0x06, 0x10, 0x0c, 0x06, 0x05, 0x16, 0x06,
    0x05, 0x0c, 0x11, 0x05, 0x0c, 0x06, 0x10, 0x0c, 0x06, 0x05, 0x16, 0x06,
    0x05, 0x0c, 0x11, 0x05, 0x0c, 0x06, 0x10, 0x0c, 0x06, 0x05, 0x16, 0x06,
    0x05, 0x0c, 0x11, 0x05, 0x0c, 0x06, 0x10, 0x0c, 0x06, 0x05, 0x16, 0x06,
    0x05, 0x0c, 0x11, 0x05, 0x0c, 0x06, 0x10, 0x0c, 0x06, 0x05, 0x16, 0x06,
    0x05, 0x0c, 0x11, 0x05, 0x0b, 0x06, 0x05, 0x05, 0x11, 0x05, 0x11, 0x0c,
    0x05, 0x0b, 0x06, 0x02, 0x00, 0x00, 0x00, 0x00, 0x00, 0x00, 0x00, 0x17,
    0x06, 0x06, 0x0b, 0x11, 0x05, 0x0b, 0x06, 0x0b, 0x0b, 0x06, 0x0b, 0x05,
    0x06, 0x0b, 0x05, 0x06, 0x0b, 0x05, 0x06, 0x0b, 0x05, 0x06, 0x0b, 0x05,
    0x06, 0x0b, 0x05, 0x06, 0x0b, 0x05, 0x06, 0x0b, 0x05, 0x06, 0x0b, 0x05,
    0x06, 0x0b, 0x05, 0x06, 0x0b, 0x05, 0x06, 0x0b, 0x05, 0x06, 0x0b, 0x05,
    0x06, 0x0b, 0x05, 0x06, 0x0b, 0x05, 0x06, 0x0b, 0x05, 0x06, 0x0b, 0x05,
    0x06, 0x0b, 0x05, 0x06, 0x0b, 0x05, 0x06, 0x0b, 0x05, 0x06, 0x0b, 0x05,
    0x06, 0x0b, 0x05, 0x06, 0x0b, 0x05, 0x06, 0x0b, 0x05, 0x06, 0x0b, 0x05,
    0x06, 0x0b, 0x05, 0x06, 0x0b, 0x05, 0x06, 0x0b, 0x05, 0x06, 0x0b, 0x05,
    0x06, 0x0b, 0x05, 0x06, 0x0b, 0x05, 0x06, 0x0b, 0x05, 0x06, 0x0b, 0x05,
    0x06, 0x0b, 0x05, 0x06, 0x0b, 0x05, 0x06, 0x0b, 0x05, 0x06, 0x0b, 0x05,
    0x06, 0x0b, 0x05, 0x06, 0x0b, 0x05, 0x06, 0x0b, 0x05, 0x06, 0x0b, 0x05,
    0x06, 0x0b, 0x05, 0x06, 0x0b, 0x05, 0x06, 0x0b, 0x05, 0x06, 0x0b, 0x05,
    0x06, 0x0b, 0x05, 0x06, 0x0b, 0x05, 0x06, 0x0b, 0x05, 0x06, 0x0b, 0x05,
    0x06, 0x0b, 0x05, 0x06, 0x0b, 0x05, 0x06, 0x0b, 0x05, 0x06, 0x0b, 0x05,
    0x06, 0x0b, 0x05, 0x06, 0x0b, 0x05, 0x06, 0x0b, 0x05, 0x06, 0x0b, 0x05,
    0x06, 0x0b, 0x05, 0x06, 0x0b, 0x05, 0x06, 0x0c, 0x05, 0x06, 0x0c, 0x0b,
    0x06, 0x0b, 0x05, 0x06, 0x12, 0x11, 0x06, 0x12, 0x05, 0x18, 0x00, 0x00,
    0x00, 0x00, 0x00, 0x0f, 0x06, 0x12, 0x05, 0x06, 0x0c, 0x11, 0x05, 0x16,
    0x06, 0x10, 0x11, 0x0c, 0x05, 0x11, 0x16, 0x05, 0x06, 0x16, 0x10, 0x06,
    0x0c, 0x10, 0x11, 0x0c, 0x05, 0x11, 0x16, 0x05, 0x06, 0x16, 0x10, 0x06,
    0x0c, 0x10, 0x11, 0x0c, 0x05, 0x11, 0x16, 0x05, 0x06, 0x16, 0x10, 0x06,
    0x0c, 0x10, 0x11, 0x0c, 0x05, 0x11, 0x16, 0x05, 0x06, 0x16, 0x10, 0x06,
    0x0c, 0x10, 0x11, 0x0c, 0x05, 0x11, 0x16, 0x05, 0x06, 0x16, 0x10, 0x06,
    0x0c, 0x10, 0x11, 0x0c, 0x05, 0x11, 0x16, 0x05, 0x06, 0x16, 0x10, 0x06,
    0x0c, 0x10, 0x11, 0x0c, 0x05, 0x11, 0x16, 0x05, 0x06, 0x16, 0x10, 0x06,
    0x0c, 0x10, 0x11, 0x0c, 0x05, 0x11, 0x16, 0x05, 0x06, 0x16, 0x10, 0x06,
    0x0c, 0x10, 0x11, 0x0c, 0x05, 0x11, 0x16, 0x05, 0x06, 0x16, 0x10, 0x06,
    0x0c, 0x10, 0x11, 0x0c, 0x05, 0x11, 0x16, 0x05, 0x06, 0x16, 0x10, 0x06,
    0x0c, 0x10, 0x11, 0x0c, 0x05, 0x11, 0x16, 0x05, 0x06, 0x16, 0x10, 0x06,
    0x0c, 0x10, 0x11, 0x0c, 0x05, 0x11, 0x16, 0x05, 0x06, 0x16, 0x10, 0x06,
    0x0c, 0x10, 0x11, 0x0c, 0x05, 0x11, 0x16, 0x05, 0x06, 0x16, 0x10, 0x06,
    0x0c, 0x10, 0x11, 0x0c, 0x05, 0x11, 0x16, 0x05, 0x06, 0x16, 0x10, 0x06,
    0x0c, 0x10, 0x11, 0x0c, 0x05, 0x11, 0x16, 0x05, 0x06, 0x16, 0x10, 0x05,
    0x0c, 0x10, 0x10, 0x0c, 0x11, 0x10, 0x0c, 0x0c, 0x05, 0x05, 0x0c, 0x06,
    0x05, 0x16, 0x06, 0x19, 0x00, 0x00, 0x00, 0x1a, 0x06, 0x06, 0x12, 0x05,
    0x0c, 0x05, 0x0b, 0x06, 0x05, 0x0c, 0x05, 0x05, 0x0c, 0x12, 0x06, 0x0b,
    0x05, 0x0c, 0x05, 0x0b, 0x11, 0x0b, 0x05, 0x0c, 0x05, 0x0b, 0x06, 0x0b,
    0x11, 0x0b, 0x06, 0x0b, 0x05, 0x0c, 0x05, 0x0b, 0x11, 0x0b, 0x05, 0x0c,
    0x05, 0x0b, 0x06, 0x0b, 0x10, 0x0c, 0x05, 0x0b, 0x06, 0x0b, 0x05, 0x0c,
    0x10, 0x0b, 0x06, 0x0b, 0x05, 0x0c, 0x05, 0x0b, 0x11, 0x0b, 0x05, 0x0c,
    0x05, 0x0b, 0x06, 0x0b, 0x10, 0x0c, 0x05, 0x0b, 0x06, 0x0b, 0x05, 0x0c,
    0x10, 0x0b, 0x06, 0x0b, 0x05, 0x0c, 0x05, 0x0b, 0x11, 0x0b, 0x05, 0x0c,
    0x05, 0x0b, 0x06, 0x0b, 0x10, 0x0c, 0x05, 0x0b, 0x06, 0x0b, 0x05, 0x0c,
    0x10, 0x0b, 0x06, 0x0b, 0x05, 0x0c, 0x05, 0x0b, 0x11, 0x0b, 0x05, 0x0c,
    0x05, 0x0b, 0x06, 0x0b, 0x10, 0x0c, 0x05, 0x0b, 0x06, 0x0b, 0x05, 0x0c,
    0x10, 0x0b, 0x06, 0x0b, 0x05, 0x0c, 0x05, 0x0b, 0x11, 0x0b, 0x05, 0x0c,
    0x05, 0x0b, 0x06, 0x0b, 0x10, 0x0c, 0x05, 0x0b, 0x06, 0x0b, 0x05, 0x0c,
    0x10, 0x0b, 0x06, 0x0b, 0x05, 0x0c, 0x05, 0x0b, 0x11, 0x0b, 0x05, 0x0c,
    0x05, 0x0b, 0x06, 0x0b, 0x10, 0x0c, 0x05, 0x0b, 0x06, 0x0b, 0x05, 0x0c,
    0x10, 0x0b, 0x06, 0x0b, 0x05, 0x0c, 0x05, 0x0b, 0x11, 0x0b, 0x05, 0x0c,
    0x05, 0x0b, 0x06, 0x0c, 0x10, 0x0c, 0x06, 0x05, 0x0b, 0x06, 0x05, 0x11,
    0x0c, 0x10, 0x06, 0x0b, 0x05, 0x06, 0x0c, 0x05, 0x04, 0x1b, 0x00, 0x00,
    0x1c, 0x06, 0x0b, 0x06, 0x11, 0x0b, 0x11, 0x05, 0x16, 0x05, 0x0c, 0x11,
    0x05, 0x0c, 0x05, 0x06, 0x05, 0x16, 0x06, 0x05, 0x0c, 0x06, 0x05, 0x0c,
    0x11, 0x05, 0x16, 0x05, 0x06, 0x0b, 0x05, 0x06, 0x16, 0x05, 0x11, 0x0c,
    0x05, 0x06, 0x0c, 0x05, 0x11, 0x0c, 0x10, 0x06, 0x0c, 0x05, 0x06, 0x0c,
    0x10, 0x06, 0x16, 0x05, 0x06, 0x0c, 0x05, 0x06, 0x16, 0x05, 0x11, 0x0c,
    0x05, 0x06, 0x0c, 0x05, 0x11, 0x0c, 0x10, 0x06, 0x0c, 0x05, 0x06, 0x0c,
    0x10, 0x06, 0x16, 0x05, 0x06, 0x0c, 0x05, 0x06, 0x16, 0x05, 0x11, 0x0c,
    0x05, 0x06, 0x0c, 0x05, 0x11, 0x0c, 0x10, 0x06, 0x0c, 0x05, 0x06, 0x0c,
    0x10, 0x06, 0x16, 0x05, 0x06, 0x0c, 0x05, 0x06, 0x16, 0x05, 0x11, 0x0c,
    0x05, 0x06, 0x0c, 0x05, 0x11, 0x0c, 0x10, 0x06, 0x0c, 0x05, 0x06, 0x0c,
    0x10, 0x06, 0x16, 0x05, 0x06, 0x0c, 0x05, 0x06, 0x16, 0x05, 0x11, 0x0c,
    0x05, 0x06, 0x0c, 0x05, 0x11, 0x0c, 0x10, 0x06, 0x0c, 0x05, 0x06, 0x0c,
    0x10, 0x06, 0x16, 0x05, 0x06, 0x0c, 0x05, 0x06, 0x16, 0x05, 0x11, 0x0c,
    0x05, 0x06, 0x0c, 0x05, 0x11, 0x0c, 0x10, 0x06, 0x0c, 0x05, 0x06, 0x0c,
    0x10, 0x06, 0x16, 0x05, 0x06, 0x0c, 0x05, 0x06, 0x16, 0x05, 0x11, 0x0c,
    0x05, 0x06, 0x0c, 0x05, 0x11, 0x0c, 0x10, 0x05, 0x0c, 0x05, 0x05, 0x0c,
    0x11, 0x0b, 0x0b, 0x06, 0x05, 0x0b, 0x06, 0x16, 0x10, 0x0b, 0x11, 0x05,
    0x0b, 0x06, 0x1d, 0x00, 0x1e, 0x05, 0x0b, 0x06, 0x05, 0x0c, 0x05, 0x06,
    0x16, 0x05, 0x05, 0x16, 0x05, 0x06, 0x12, 0x06, 0x05, 0x16, 0x05, 0x10,
    0x16, 0x05, 0x05, 0x16, 0x05, 0x05, 0x16, 0x06, 0x05, 0x16, 0x06, 0x05,
    0x16, 0x05, 0x05, 0x16, 0x05, 0x05, 0x16, 0x05, 0x06, 0x12, 0x06, 0x05,
    0x12, 0x06, 0x05, 0x12, 0x06, 0x05, 0x12, 0x06, 0x05, 0x12, 0x06, 0x05,
    0x12, 0x06, 0x05, 0x12, 0x06, 0x05, 0x12, 0x06, 0x05, 0x12, 0x06, 0x05,
    0x12, 0x06, 0x05, 0x12, 0x06, 0x05, 0x12, 0x06, 0x05, 0x12, 0x06, 0x05,
    0x12, 0x06, 0x05, 0x12, 0x06, 0x05, 0x12, 0x06, 0x05, 0x12, 0x06, 0x05,
    0x12, 0x06, 0x05, 0x12, 0x06, 0x05, 0x12, 0x06, 0x05, 0x12, 0x06, 0x05,
    0x12, 0x06, 0x05, 0x12, 0x06, 0x05, 0x12, 0x06, 0x05, 0x12, 0x06, 0x05,
    0x12, 0x06, 0x05, 0x12, 0x06, 0x05, 0x12, 0x06, 0x05, 0x12, 0x06, 0x05,
    0x12, 0x06, 0x05, 0x12, 0x06, 0x05, 0x12, 0x06, 0x05, 0x12, 0x06, 0x05,
    0x12, 0x06, 0x05, 0x12, 0x06, 0x05, 0x12, 0x06, 0x05, 0x12, 0x06, 0x05,
    0x12, 0x06, 0x05, 0x12, 0x06, 0x05, 0x12, 0x06, 0x05, 0x12, 0x06, 0x05,
    0x12, 0x06, 0x05, 0x12, 0x06, 0x05, 0x12, 0x06, 0x05, 0x12, 0x06, 0x05,
    0x12, 0x06, 0x05, 0x12, 0x06, 0x05, 0x12, 0x06, 0x05, 0x12, 0x06, 0x06,
    0x12, 0x06, 0x06, 0x12, 0x05, 0x06, 0x11, 0x0b, 0x11, 0x0b, 0x05, 0x06,
    0x05, 0x0c, 0x06, 0x0b, 0x11, 0x0b, 0x10, 0x1f, 0x00, 0x0f, 0x06, 0x16,
    0x10, 0x0c, 0x05, 0x10, 0x0c, 0x05, 0x06, 0x0c, 0x05, 0x0b, 0x06, 0x11,
    0x0b, 0x0c, 0x05, 0x06, 0x0c, 0x05, 0x06, 0x16, 0x05, 0x06, 0x0b, 0x06,
    0x05, 0x0b, 0x11, 0x05, 0x0c, 0x10, 0x06, 0x0c, 0x05, 0x06, 0x16, 0x05,
    0x05, 0x0c, 0x05, 0x05, 0x0c, 0x06, 0x10, 0x0c, 0x06, 0x05, 0x0c, 0x06,
    0x05, 0x0c, 0x11, 0x05, 0x0c, 0x11, 0x05, 0x0c, 0x06, 0x05, 0x16, 0x06,
    0x05, 0x0c, 0x06, 0x05, 0x0c, 0x06, 0x10, 0x0c, 0x06, 0x05, 0x0c, 0x06,
    0x05, 0x0c, 0x11, 0x05, 0x0c, 0x11, 0x05, 0x0c, 0x06, 0x05, 0x16, 0x06,
    0x05, 0x0c, 0x06, 0x05, 0x0c, 0x06, 0x10, 0x0c, 0x06, 0x05, 0x0c, 0x06,
    0x05, 0x0c, 0x11, 0x05, 0x0c, 0x11, 0x05, 0x0c, 0x06, 0x05, 0x16, 0x06,
    0x05, 0x0c, 0x06, 0x05, 0x0c, 0x06, 0x10, 0x0c, 0x06, 0x05, 0x0c, 0x06,
    0x05, 0x0c, 0x11, 0x05, 0x0c, 0x11, 0x05, 0x0c, 0x06, 0x05, 0x16, 0x06,
    0x05, 0x0c, 0x06, 0x05, 0x0c, 0x06, 0x10, 0x0c, 0x06, 0x05, 0x0c, 0x06,
    0x05, 0x0c, 0x11, 0x05, 0x0c, 0x11, 0x05, 0x0c, 0x06, 0x05, 0x16, 0x06,
    0x05, 0x0c, 0x06, 0x05, 0x0c, 0x06, 0x10, 0x0c, 0x06, 0x05, 0x0c, 0x06,
    0x05, 0x0c, 0x11, 0x05, 0x0c, 0x11, 0x05, 0x0c, 0x06, 0x05, 0x16, 0x06,
    0x05, 0x0c, 0x05, 0x06, 0x0b, 0x05, 0x11, 0x0c, 0x0b, 0x05, 0x06, 0x0b,
    0x06, 0x06, 0x12, 0x06, 0x12, 0x05, 0x06, 0x0b, 0x11, 0x06, 0x06, 0x0b,
    0x06, 0x19, 0x1c, 0x06, 0x05, 0x0c, 0x06, 0x12, 0x06, 0x0b, 0x10, 0x0c,
    0x11, 0x05, 0x0c, 0x10, 0x05, 0x0c, 0x10, 0x06, 0x0b, 0x16, 0x05, 0x0b,
    0x06, 0x16, 0x05, 0x16, 0x05, 0x0c, 0x16, 0x05, 0x0b, 0x06, 0x0b, 0x05,
    0x16, 0x05, 0x0c, 0x0c, 0x10, 0x0c, 0x11, 0x0b, 0x11, 0x0c, 0x05, 0x0b,
    0x16, 0x05, 0x12, 0x06, 0x12, 0x05, 0x0c, 0x05, 0x0b, 0x0c, 0x05, 0x0b,
    0x11, 0x0b, 0x05, 0x0c, 0x10, 0x0b, 0x16, 0x05, 0x12, 0x06, 0x0b, 0x05,
    0x16, 0x05, 0x12, 0x0c, 0x10, 0x0b, 0x06, 0x0b, 0x05, 0x0c, 0x05, 0x0b,
    0x16, 0x05, 0x0b, 0x06, 0x12, 0x05, 0x16, 0x05, 0x12, 0x0c, 0x05, 0x0b,
    0x11, 0x0b, 0x10, 0x0c, 0x10, 0x0b, 0x0c, 0x05, 0x0b, 0x06, 0x0b, 0x05,
    0x16, 0x05, 0x0b, 0x0c, 0x10, 0x0b, 0x11, 0x0b, 0x10, 0x0c, 0x05, 0x0b,
    0x16, 0x05, 0x12, 0x06, 0x12, 0x05, 0x0c, 0x05, 0x0b, 0x0c, 0x05, 0x0b,
    0x11, 0x0b, 0x05, 0x0c, 0x10, 0x0b, 0x16, 0x05, 0x12, 0x06, 0x0b, 0x05,
    0x16, 0x05, 0x12, 0x0c, 0x10, 0x0b, 0x06, 0x0b, 0x05, 0x0c, 0x05, 0x0b,
    0x16, 0x05, 0x0b, 0x06, 0x12, 0x05, 0x16, 0x05, 0x12, 0x0c, 0x05, 0x0b,
    0x11, 0x0b, 0x10, 0x0c, 0x10, 0x0b, 0x0c, 0x05, 0x0b, 0x06, 0x0b, 0x05,
    0x16, 0x05, 0x0b, 0x0c, 0x10, 0x0c, 0x11, 0x0b, 0x11, 0x0c, 0x05, 0x05,
    0x16, 0x06, 0x10, 0x0c, 0x10, 0x05, 0x0c, 0x06, 0x05, 0x16, 0x06, 0x05,
    0x12, 0x05, 0x06, 0x0b, 0x11, 0x06, 0x20, 0x21, 0x05, 0x0b, 0x06, 0x10,
    0x06, 0x0c, 0x05, 0x06, 0x0b, 0x10, 0x06, 0x0c, 0x05, 0x06, 0x0b, 0x11,
    0x05, 0x0b, 0x11, 0x06, 0x05, 0x0b, 0x06, 0x05, 0x0b, 0x11, 0x05, 0x06,
    0x05, 0x16, 0x06, 0x05, 0x16, 0x05, 0x05, 0x05, 0x06, 0x05, 0x0b, 0x06,
    0x10, 0x0b, 0x06, 0x10, 0x06, 0x06, 0x05, 0x0c, 0x11, 0x05, 0x0c, 0x11,
    0x05, 0x11, 0x06, 0x05, 0x16, 0x06, 0x05, 0x0c, 0x11, 0x05, 0x06, 0x06,
    0x05, 0x16, 0x06, 0x05, 0x0c, 0x06, 0x05, 0x06, 0x11, 0x05, 0x0c, 0x11,
    0x05, 0x16, 0x06, 0x05, 0x11, 0x06, 0x05, 0x0c, 0x11, 0x05, 0x0c, 0x06,
    0x05, 0x11, 0x06, 0x05, 0x0c, 0x06, 0x05, 0x0c, 0x11, 0x05, 0x06, 0x11,
    0x05, 0x16, 0x06, 0x05, 0x16, 0x06, 0x05, 0x06, 0x11, 0x05, 0x0c, 0x06,
    0x05, 0x16, 0x06, 0x05, 0x06, 0x06, 0x05, 0x0c, 0x11, 0x05, 0x0c, 0x11,
    0x05, 0x11, 0x06, 0x05, 0x16, 0x06, 0x05, 0x0c, 0x11, 0x05, 0x06, 0x06,
    0x05, 0x16, 0x06, 0x05, 0x0c, 0x06, 0x05, 0x06, 0x11, 0x05, 0x0c, 0x11,
    0x05, 0x16, 0x06, 0x05, 0x11, 0x06, 0x05, 0x0c, 0x11, 0x05, 0x0c, 0x06,
    0x05, 0x11, 0x06, 0x05, 0x0c, 0x06, 0x05, 0x0c, 0x11, 0x05, 0x06, 0x11,
    0x05, 0x16, 0x06, 0x05, 0x16, 0x06, 0x05, 0x06, 0x10, 0x05, 0x0c, 0x05,
    0x05, 0x16, 0x05, 0x0c, 0x05, 0x05, 0x0c, 0x06, 0x12, 0x06, 0x05, 0x12,
    0x06, 0x05, 0x0c, 0x06, 0x12, 0x06, 0x0c, 0x0b, 0x10, 0x05, 0x0b, 0x0d,
    0x06, 0x0b, 0x11, 0x0b, 0x05, 0x06, 0x12, 0x06, 0x06, 0x0b, 0x05, 0x16,
    0x05, 0x16, 0x05, 0x06, 0x0c, 0x05, 0x06, 0x0b, 0x11, 0x06, 0x12, 0x06,
    0x06, 0x0b, 0x06, 0x10, 0x0b, 0x06, 0x10, 0x0c, 0x06, 0x05, 0x0c, 0x16,
    0x10, 0x06, 0x0c, 0x10, 0x06, 0x0c, 0x05, 0x06, 0x0b, 0x16, 0x05, 0x05,
    0x0c, 0x05, 0x05, 0x0c, 0x05, 0x12, 0x0c, 0x05, 0x10, 0x0c, 0x05, 0x05,
    0x16, 0x05, 0x0b, 0x0c, 0x05, 0x05, 0x0c, 0x10, 0x05, 0x16, 0x05, 0x0b,
    0x0c, 0x05, 0x05, 0x0c, 0x05, 0x10, 0x0c, 0x05, 0x12, 0x0c, 0x05, 0x05,
    0x16, 0x05, 0x05, 0x0c, 0x05, 0x0b, 0x0c, 0x10, 0x05, 0x16, 0x05, 0x05,
    0x0c, 0x05, 0x0b, 0x0c, 0x05, 0x10, 0x0c, 0x05, 0x10, 0x0c, 0x05, 0x0b,
    0x16, 0x05, 0x05, 0x0c, 0x05, 0x05, 0x0c, 0x10, 0x0b, 0x16, 0x05, 0x05,
    0x0c, 0x05, 0x05, 0x0c, 0x05, 0x12, 0x0c, 0x05, 0x10, 0x0c, 0x05, 0x05,
    0x16, 0x05, 0x0b, 0x0c, 0x05, 0x05, 0x0c, 0x10, 0x05, 0x16, 0x05, 0x0b,
    0x0c, 0x05, 0x05, 0x0c, 0x05, 0x10, 0x0c, 0x05, 0x12, 0x0c, 0x05, 0x05,
    0x16, 0x05, 0x05, 0x0c, 0x05, 0x0b, 0x0c, 0x10, 0x05, 0x16, 0x05, 0x05,
    0x0c, 0x05, 0x0b, 0x0c, 0x05, 0x10, 0x0c, 0x05, 0x10, 0x0c, 0x05, 0x0c,
    0x16, 0x05, 0x06, 0x0c, 0x05, 0x06, 0x0b, 0x11, 0x06, 0x12, 0x05, 0x06,
    0x0b, 0x05, 0x0c, 0x06, 0x12, 0x05, 0x0c, 0x10, 0x05, 0x0c, 0x05, 0x11,
    0x06, 0x0c, 0x05, 0x0c, 0x08, 0x05, 0x06, 0x11, 0x0b, 0x0c, 0x10, 0x0b,
    0x06, 0x12, 0x06, 0x06, 0x0b, 0x05, 0x11, 0x0b, 0x05, 0x16, 0x05, 0x06,
    0x12, 0x05, 0x0c, 0x05, 0x12, 0x11, 0x06, 0x0b, 0x0c, 0x06, 0x0b, 0x05,
    0x12, 0x06, 0x05, 0x0c, 0x06, 0x0b, 0x12, 0x06, 0x05, 0x12, 0x06, 0x06,
    0x12, 0x06, 0x0b, 0x11, 0x0c, 0x10, 0x06, 0x16, 0x05, 0x06, 0x06, 0x0b,
    0x06, 0x0c, 0x05, 0x11, 0x0c, 0x05, 0x06, 0x11, 0x12, 0x06, 0x16, 0x05,
    0x06, 0x0c, 0x10, 0x06, 0x11, 0x12, 0x06, 0x16, 0x05, 0x06, 0x0c, 0x05,
    0x06, 0x06, 0x0b, 0x11, 0x0c, 0x05, 0x06, 0x16, 0x10, 0x06, 0x11, 0x0b,
    0x06, 0x0c, 0x10, 0x06, 0x16, 0x10, 0x06, 0x11, 0x0b, 0x06, 0x0c, 0x05,
    0x06, 0x0c, 0x05, 0x11, 0x06, 0x0b, 0x06, 0x16, 0x10, 0x06, 0x16, 0x05,
    0x06, 0x06, 0x12, 0x06, 0x16, 0x10, 0x06, 0x16, 0x05, 0x06, 0x06, 0x0b,
    0x06, 0x0c, 0x05, 0x11, 0x0c, 0x05, 0x06, 0x11, 0x12, 0x06, 0x16, 0x05,
    0x06, 0x0c, 0x10, 0x06, 0x11, 0x12, 0x06, 0x16, 0x05, 0x06, 0x0c, 0x05,
    0x06, 0x06, 0x0b, 0x11, 0x0c, 0x05, 0x06, 0x16, 0x10, 0x06, 0x11, 0x0b,
    0x06, 0x0c, 0x10, 0x06, 0x16, 0x10, 0x06, 0x11, 0x0b, 0x06, 0x0c, 0x05,
    0x06, 0x0c, 0x05, 0x10, 0x06, 0x0b, 0x05, 0x16, 0x10, 0x06, 0x12, 0x05,
    0x06, 0x0b, 0x11, 0x0c, 0x10, 0x11, 0x0b, 0x06, 0x11, 0x05, 0x0c, 0x11,
    0x05, 0x0c, 0x05, 0x10, 0x0b, 0x06, 0x10, 0x0c, 0x05, 0x22, 0x05, 0x0c,
    0x05, 0x06, 0x06, 0x05, 0x06, 0x12, 0x05, 0x06, 0x16, 0x05, 0x06, 0x0c,
    0x05, 0x11, 0x0b, 0x06, 0x12, 0x06, 0x05, 0x0c, 0x06, 0x05, 0x0b, 0x11,
    0x05, 0x06, 0x11, 0x0b, 0x06, 0x06, 0x12, 0x10, 0x05, 0x06, 0x05, 0x0c,
    0x06, 0x05, 0x0b, 0x06, 0x12, 0x05, 0x06, 0x05, 0x0b, 0x06, 0x05, 0x16,
    0x0b, 0x05, 0x11, 0x0b, 0x10, 0x06, 0x0b, 0x10, 0x0c, 0x05, 0x0b, 0x06,
    0x05, 0x05, 0x0c, 0x05, 0x10, 0x0c, 0x0b, 0x05, 0x06, 0x0b, 0x05, 0x06,
    0x0b, 0x10, 0x0c, 0x10, 0x0b, 0x11, 0x05, 0x05, 0x16, 0x05, 0x05, 0x0c,
    0x0b, 0x05, 0x06, 0x0b, 0x10, 0x06, 0x0b, 0x05, 0x0c, 0x05, 0x0b, 0x06,
    0x05, 0x10, 0x0c, 0x10, 0x05, 0x16, 0x0b, 0x05, 0x11, 0x0b, 0x05, 0x06,
    0x0b, 0x05, 0x0c, 0x05, 0x12, 0x06, 0x05, 0x05, 0x0c, 0x05, 0x05, 0x0c,
    0x0b, 0x10, 0x06, 0x12, 0x05, 0x11, 0x0b, 0x05, 0x16, 0x05, 0x0b, 0x06,
    0x05, 0x05, 0x0c, 0x05, 0x10, 0x0c, 0x0b, 0x05, 0x06, 0x0b, 0x05, 0x06,
    0x0b, 0x10, 0x0c, 0x10, 0x0b, 0x11, 0x05, 0x05, 0x16, 0x05, 0x05, 0x0c,
    0x0b, 0x05, 0x06, 0x0b, 0x10, 0x06, 0x0b, 0x05, 0x0c, 0x05, 0x0b, 0x06,
    0x05, 0x10, 0x0c, 0x10, 0x05, 0x16, 0x0c, 0x05, 0x11, 0x0c, 0x05, 0x06,
    0x0b, 0x06, 0x0b, 0x06, 0x11, 0x0b, 0x05, 0x06, 0x0b, 0x06, 0x06, 0x0b,
    0x10, 0x06, 0x0b, 0x06, 0x05, 0x0c, 0x11, 0x06, 0x0b, 0x0c, 0x05, 0x10,
    0x0c, 0x06, 0x22, 0x06, 0x0b, 0x12, 0x06, 0x12, 0x06, 0x0c, 0x05, 0x06,
    0x12, 0x05, 0x06, 0x12, 0x0b, 0x06, 0x06, 0x0b, 0x06, 0x06, 0x0b, 0x11,
    0x05, 0x16, 0x05, 0x0c, 0x0b, 0x10, 0x05, 0x0c, 0x10, 0x06, 0x0c, 0x05,
    0x0c, 0x16, 0x05, 0x11, 0x0b, 0x11, 0x0c, 0x05, 0x11, 0x0b, 0x06, 0x16,
    0x05, 0x06, 0x12, 0x06, 0x05, 0x0c, 0x06, 0x0b, 0x11, 0x06, 0x0b, 0x11,
    0x06, 0x0b, 0x11, 0x11, 0x0b, 0x0c, 0x11, 0x05, 0x0c, 0x06, 0x10, 0x0c,
    0x06, 0x12, 0x06, 0x06, 0x0b, 0x06, 0x06, 0x0b, 0x06, 0x11, 0x0b, 0x0c,
    0x06, 0x05, 0x16, 0x06, 0x10, 0x0c, 0x06, 0x0b, 0x06, 0x06, 0x12, 0x06,
    0x06, 0x12, 0x06, 0x06, 0x0b, 0x0c, 0x06, 0x05, 0x0c, 0x11, 0x05, 0x0c,
    0x06, 0x0b, 0x11, 0x06, 0x12, 0x06, 0x06, 0x0b, 0x06, 0x06, 0x12, 0x0c,
    0x06, 0x10, 0x0c, 0x06, 0x05, 0x0c, 0x06, 0x0b, 0x06, 0x11, 0x0b, 0x06,
    0x06, 0x0b, 0x11, 0x06, 0x12, 0x0c, 0x06, 0x05, 0x0c, 0x06, 0x10, 0x0c,
    0x06, 0x12, 0x06, 0x06, 0x0b, 0x06, 0x06, 0x0b, 0x06, 0x11, 0x0b, 0x0c,
    0x06, 0x05, 0x16, 0x06, 0x10, 0x0c, 0x06, 0x0b, 0x06, 0x06, 0x12, 0x06,
    0x06, 0x12, 0x06, 0x06, 0x0b, 0x0c, 0x06, 0x05, 0x0c, 0x10, 0x05, 0x0c,
    0x05, 0x0b, 0x11, 0x06, 0x12, 0x06, 0x05, 0x0c, 0x05, 0x0c, 0x16, 0x05,
    0x06, 0x12, 0x05, 0x0c, 0x05, 0x0c, 0x0b, 0x11, 0x0b, 0x05, 0x12, 0x06,
    0x05, 0x16, 0x06, 0x05, 0x0c, 0x10, 0x0c, 0x03, 0x05, 0x06, 0x06, 0x12,
    0x05, 0x0c, 0x10, 0x06, 0x0c, 0x0b, 0x06, 0x06, 0x12, 0x05, 0x06, 0x12,
    0x10, 0x06, 0x0b, 0x10, 0x0c, 0x05, 0x05, 0x11, 0x06, 0x0c, 0x05, 0x0c,
    0x0b, 0x10, 0x06, 0x0b, 0x05, 0x06, 0x0b, 0x06, 0x05, 0x12, 0x05, 0x06,
    0x16, 0x05, 0x06, 0x0b, 0x10, 0x0c, 0x06, 0x12, 0x05, 0x06, 0x10, 0x0c,
    0x05, 0x05, 0x0c, 0x05, 0x06, 0x0b, 0x05, 0x06, 0x0b, 0x05, 0x11, 0x0b,
    0x05, 0x0c, 0x05, 0x05, 0x11, 0x0b, 0x05, 0x11, 0x0b, 0x10, 0x11, 0x0b,
    0x05, 0x06, 0x0b, 0x05, 0x11, 0x0b, 0x05, 0x0c, 0x05, 0x05, 0x11, 0x12,
    0x05, 0x06, 0x12, 0x05, 0x06, 0x0b, 0x10, 0x06, 0x12, 0x10, 0x06, 0x0b,
    0x10, 0x0c, 0x05, 0x05, 0x11, 0x0b, 0x05, 0x06, 0x0b, 0x05, 0x11, 0x12,
    0x05, 0x06, 0x12, 0x05, 0x06, 0x0b, 0x10, 0x0c, 0x10, 0x10, 0x06, 0x0b,
    0x10, 0x06, 0x0b, 0x05, 0x11, 0x0b, 0x05, 0x06, 0x0b, 0x05, 0x11, 0x12,
    0x05, 0x0c, 0x10, 0x05, 0x06, 0x0b, 0x10, 0x06, 0x12, 0x10, 0x06, 0x0b,
    0x10, 0x06, 0x0b, 0x05, 0x11, 0x0b, 0x05, 0x0c, 0x05, 0x05, 0x11, 0x12,
    0x05, 0x06, 0x12, 0x05, 0x06, 0x0b, 0x10, 0x06, 0x12, 0x10, 0x06, 0x0b,
    0x11, 0x0c, 0x05, 0x06, 0x11, 0x0b, 0x05, 0x06, 0x0b, 0x05, 0x11, 0x16,
    0x05, 0x05, 0x10, 0x06, 0x0b, 0x06, 0x11, 0x0b, 0x11, 0x06, 0x05, 0x11,
    0x05, 0x0c, 0x11, 0x05, 0x0b, 0x06, 0x10, 0x0b, 0x06, 0x06, 0x0b, 0x05,
    0x22, 0x05, 0x0c, 0x05, 0x06, 0x05, 0x0b, 0x11, 0x05, 0x0b, 0x11, 0x05,
    0x0c, 0x06, 0x10, 0x0c, 0x06, 0x05, 0x0c, 0x10, 0x06, 0x0c, 0x0b, 0x06,
    0x0b, 0x10, 0x06, 0x06, 0x10, 0x0c, 0x06, 0x10, 0x0c, 0x11, 0x10, 0x0b,
    0x06, 0x06, 0x0b, 0x06, 0x05, 0x0b, 0x06, 0x06, 0x0b, 0x05, 0x06, 0x0b,
    0x06, 0x0c, 0x05, 0x12, 0x06, 0x06, 0x12, 0x0b, 0x11, 0x05, 0x16, 0x06,
    0x0b, 0x06, 0x11, 0x0b, 0x06, 0x11, 0x12, 0x0c, 0x06, 0x0b, 0x06, 0x06,
    0x0b, 0x0c, 0x06, 0x05, 0x16, 0x06, 0x12, 0x06, 0x06, 0x12, 0x06, 0x06,
    0x12, 0x0c, 0x06, 0x0b, 0x06, 0x06, 0x12, 0x0c, 0x06, 0x05, 0x16, 0x06,
    0x0b, 0x06, 0x06, 0x0b, 0x11, 0x06, 0x0b, 0x0c, 0x11, 0x0b, 0x06, 0x11,
    0x0b, 0x0c, 0x06, 0x05, 0x0c, 0x06, 0x12, 0x06, 0x06, 0x0b, 0x11, 0x06,
    0x0b, 0x0c, 0x06, 0x0b, 0x11, 0x06, 0x0b, 0x0c, 0x11, 0x05, 0x0c, 0x11,
    0x0b, 0x06, 0x06, 0x0b, 0x06, 0x06, 0x12, 0x0c, 0x06, 0x0b, 0x11, 0x06,
    0x0b, 0x0c, 0x06, 0x05, 0x16, 0x06, 0x0b, 0x06, 0x11, 0x0b, 0x06, 0x11,
    0x0b, 0x0c, 0x06, 0x0b, 0x06, 0x06, 0x12, 0x0c, 0x06, 0x05, 0x16, 0x06,
    0x0b, 0x06, 0x06, 0x0b, 0x10, 0x06, 0x0b, 0x0b, 0x11, 0x0c, 0x05, 0x11,
    0x0c, 0x0b, 0x05, 0x06, 0x0b, 0x06, 0x16, 0x05, 0x06, 0x0b, 0x10, 0x06,
    0x0b, 0x05, 0x16, 0x0b, 0x05, 0x06, 0x0b, 0x06, 0x06, 0x0b, 0x06, 0x06,
    0x12, 0x05, 0x11, 0x0c, 0x05, 0x03, 0x06, 0x12, 0x12, 0x06, 0x06, 0x12,
    0x06, 0x05, 0x16, 0x05, 0x10, 0x0b, 0x06, 0x05, 0x0b, 0x06, 0x0b, 0x16,
    0x05, 0x06, 0x10, 0x06, 0x0c, 0x10, 0x0b, 0x0c, 0x10, 0x05, 0x0c, 0x05,
    0x05, 0x0c, 0x06, 0x05, 0x16, 0x05, 0x16, 0x06, 0x12, 0x06, 0x12, 0x10,
    0x0c, 0x11, 0x06, 0x12, 0x05, 0x11, 0x06, 0x0b, 0x06, 0x05, 0x16, 0x06,
    0x05, 0x0c, 0x10, 0x06, 0x0b, 0x10, 0x06, 0x0b, 0x0b, 0x06, 0x05, 0x05,
    0x11, 0x0b, 0x05, 0x11, 0x0b, 0x05, 0x11, 0x0b, 0x05, 0x06, 0x0b, 0x10,
    0x06, 0x0b, 0x0b, 0x06, 0x10, 0x05, 0x06, 0x12, 0x05, 0x06, 0x0b, 0x05,
    0x06, 0x12, 0x05, 0x06, 0x0b, 0x05, 0x06, 0x0b, 0x12, 0x06, 0x05, 0x05,
    0x11, 0x0b, 0x05, 0x06, 0x12, 0x05, 0x11, 0x0b, 0x05, 0x06, 0x12, 0x05,
    0x06, 0x0b, 0x12, 0x06, 0x05, 0x05, 0x06, 0x0b, 0x10, 0x06, 0x0b, 0x05,
    0x11, 0x0b, 0x05, 0x06, 0x12, 0x05, 0x11, 0x0b, 0x0b, 0x06, 0x10, 0x05,
    0x06, 0x0b, 0x10, 0x06, 0x0b, 0x05, 0x06, 0x0b, 0x10, 0x06, 0x0b, 0x05,
    0x11, 0x0b, 0x0b, 0x06, 0x10, 0x05, 0x11, 0x0b, 0x05, 0x06, 0x12, 0x05,
    0x06, 0x0b, 0x10, 0x06, 0x0b, 0x05, 0x06, 0x0c, 0x12, 0x06, 0x06, 0x05,
    0x11, 0x0b, 0x05, 0x06, 0x12, 0x06, 0x11, 0x0b, 0x06, 0x05, 0x12, 0x0c,
    0x06, 0x0b, 0x11, 0x0c, 0x05, 0x06, 0x0b, 0x06, 0x11, 0x0b, 0x06, 0x12,
    0x05, 0x16, 0x10, 0x0b, 0x06, 0x0c, 0x05, 0x12, 0x06, 0x0c, 0x23, 0x05,
    0x06, 0x0c, 0x05, 0x16, 0x06, 0x0b, 0x06, 0x06, 0x0c, 0x05, 0x16, 0x06,
    0x12, 0x11, 0x05, 0x06, 0x10, 0x0c, 0x0b, 0x05, 0x11, 0x0b, 0x06, 0x06,
    0x0b, 0x06, 0x16, 0x05, 0x0c, 0x10, 0x0b, 0x06, 0x0b, 0x06, 0x05, 0x0b,
    0x11, 0x05, 0x0c, 0x06, 0x05, 0x0b, 0x06, 0x10, 0x0c, 0x05, 0x05, 0x16,
    0x05, 0x06, 0x12, 0x05, 0x06, 0x0c, 0x05, 0x0c, 0x05, 0x06, 0x16, 0x05,
    0x06, 0x11, 0x0b, 0x0c, 0x06, 0x05, 0x16, 0x06, 0x05, 0x16, 0x06, 0x05,
    0x16, 0x06, 0x05, 0x0c, 0x06, 0x10, 0x0c, 0x06, 0x10, 0x0c, 0x06, 0x05,
    0x16, 0x06, 0x10, 0x16, 0x06, 0x05, 0x0c, 0x11, 0x05, 0x0c, 0x11, 0x05,
    0x0c, 0x11, 0x05, 0x0c, 0x11, 0x05, 0x0c, 0x06, 0x10, 0x0c, 0x06, 0x05,
    0x16, 0x06, 0x10, 0x0c, 0x06, 0x05, 0x16, 0x06, 0x05, 0x0c, 0x11, 0x05,
    0x0c, 0x06, 0x05, 0x16, 0x06, 0x05, 0x0c, 0x06, 0x10, 0x0c, 0x06, 0x05,
    0x16, 0x06, 0x10, 0x0c, 0x06, 0x05, 0x16, 0x06, 0x05, 0x0c, 0x11, 0x05,
    0x0c, 0x06, 0x05, 0x16, 0x06, 0x05, 0x0c, 0x06, 0x10, 0x0c, 0x06, 0x05,
    0x16, 0x06, 0x10, 0x0c, 0x06, 0x05, 0x16, 0x06, 0x05, 0x0c, 0x10, 0x05,
    0x0c, 0x05, 0x05, 0x16, 0x05, 0x06, 0x0c, 0x05, 0x11, 0x0b, 0x05, 0x06,
    0x16, 0x05, 0x11, 0x0b, 0x05, 0x06, 0x10, 0x0b, 0x06, 0x0b, 0x11, 0x05,
    0x05, 0x0c, 0x11, 0x05, 0x06, 0x0c, 0x05, 0x06, 0x12, 0x05, 0x06, 0x0c,
    0x05, 0x10, 0x06, 0x22, 0x05, 0x06, 0x05, 0x0b, 0x05, 0x06, 0x12, 0x05,
    0x0b, 0x11, 0x05, 0x06, 0x0b, 0x06, 0x0c, 0x05, 0x0b, 0x06, 0x06, 0x0b,
    0x06, 0x0b, 0x10, 0x06, 0x10, 0x05, 0x0c, 0x05, 0x11, 0x06, 0x0b, 0x11,
    0x05, 0x16, 0x05, 0x06, 0x0c, 0x05, 0x05, 0x0c, 0x06, 0x10, 0x0c, 0x05,
    0x0b, 0x06, 0x0c, 0x0b, 0x11, 0x0b, 0x06, 0x0c, 0x05, 0x12, 0x11, 0x05,
    0x0b, 0x11, 0x05, 0x0c, 0x0b, 0x10, 0x06, 0x05, 0x16, 0x05, 0x0b, 0x06,
    0x0b, 0x05, 0x16, 0x05, 0x05, 0x0c, 0x10, 0x0b, 0x06, 0x12, 0x05, 0x06,
    0x0b, 0x05, 0x0c, 0x0b, 0x10, 0x0c, 0x05, 0x0b, 0x06, 0x05, 0x12, 0x06,
    0x0b, 0x05, 0x16, 0x05, 0x05, 0x0c, 0x05, 0x05, 0x0c, 0x0b, 0x05, 0x0c,
    0x10, 0x0b, 0x06, 0x05, 0x0b, 0x06, 0x0b, 0x05, 0x0c, 0x10, 0x05, 0x0c,
    0x05, 0x05, 0x16, 0x0b, 0x10, 0x0c, 0x05, 0x12, 0x06, 0x05, 0x12, 0x06,
    0x0b, 0x05, 0x0c, 0x05, 0x05, 0x0c, 0x05, 0x05, 0x0c, 0x12, 0x05, 0x0c,
    0x05, 0x0b, 0x11, 0x05, 0x12, 0x06, 0x0b, 0x10, 0x0c, 0x05, 0x10, 0x0c,
    0x05, 0x05, 0x0c, 0x0b, 0x05, 0x0c, 0x05, 0x0b, 0x06, 0x10, 0x0b, 0x06,
    0x0b, 0x06, 0x16, 0x05, 0x11, 0x0c, 0x05, 0x11, 0x0b, 0x0b, 0x11, 0x0b,
    0x06, 0x0b, 0x06, 0x05, 0x0b, 0x06, 0x0b, 0x06, 0x06, 0x12, 0x06, 0x06,
    0x0b, 0x05, 0x11, 0x0c, 0x05, 0x12, 0x06, 0x0b, 0x10, 0x0c, 0x05, 0x06,
    0x0c, 0x05, 0x11, 0x0b, 0x11, 0x06, 0x0b, 0x05, 0x03, 0x0c, 0x10, 0x0c,
    0x11, 0x05, 0x0c, 0x11, 0x05, 0x0c, 0x10, 0x0c, 0x05, 0x10, 0x0c, 0x05,
    0x16, 0x05, 0x11, 0x0b, 0x11, 0x06, 0x0b, 0x06, 0x0c, 0x0b, 0x11, 0x05,
    0x0b, 0x06, 0x05, 0x0c, 0x06, 0x05, 0x12, 0x06, 0x10, 0x16, 0x05, 0x11,
    0x0b, 0x05, 0x16, 0x06, 0x05, 0x16, 0x06, 0x05, 0x11, 0x05, 0x0b, 0x11,
    0x06, 0x0b, 0x06, 0x05, 0x0c, 0x11, 0x0b, 0x05, 0x06, 0x16, 0x05, 0x0b,
    0x06, 0x10, 0x0c, 0x06, 0x10, 0x06, 0x0c, 0x05, 0x16, 0x06, 0x05, 0x0c,
    0x11, 0x05, 0x0c, 0x06, 0x10, 0x0c, 0x11, 0x05, 0x06, 0x06, 0x05, 0x0c,
    0x06, 0x05, 0x16, 0x06, 0x05, 0x0c, 0x11, 0x05, 0x0c, 0x11, 0x12, 0x06,
    0x11, 0x0b, 0x11, 0x06, 0x05, 0x0c, 0x06, 0x10, 0x0c, 0x11, 0x05, 0x16,
    0x06, 0x05, 0x0c, 0x11, 0x0b, 0x06, 0x11, 0x0b, 0x06, 0x06, 0x10, 0x0c,
    0x06, 0x05, 0x0c, 0x11, 0x05, 0x0c, 0x11, 0x05, 0x16, 0x11, 0x0b, 0x06,
    0x11, 0x0b, 0x06, 0x11, 0x05, 0x0c, 0x11, 0x05, 0x0c, 0x06, 0x10, 0x0c,
    0x06, 0x05, 0x0c, 0x11, 0x0b, 0x06, 0x11, 0x0b, 0x11, 0x11, 0x05, 0x0c,
    0x11, 0x05, 0x0c, 0x11, 0x05, 0x0b, 0x11, 0x05, 0x0b, 0x06, 0x12, 0x06,
    0x06, 0x0b, 0x06, 0x10, 0x06, 0x0b, 0x11, 0x06, 0x12, 0x11, 0x05, 0x0b,
    0x11, 0x05, 0x0c, 0x10, 0x0c, 0x06, 0x10, 0x0c, 0x05, 0x0c, 0x11, 0x05,
    0x0c, 0x06, 0x10, 0x12, 0x06, 0x0b, 0x11, 0x05, 0x0b, 0x06, 0x12, 0x0c,
    0x06, 0x23, 0x05, 0x0c, 0x05, 0x11, 0x0b, 0x05, 0x06, 0x0c, 0x05, 0x06,
    0x0c, 0x0b, 0x11, 0x05, 0x06, 0x12, 0x06, 0x05, 0x12, 0x06, 0x05, 0x12,
    0x06, 0x05, 0x0c, 0x11, 0x05, 0x0c, 0x12, 0x10, 0x0c, 0x05, 0x06, 0x0c,
    0x05, 0x0c, 0x05, 0x0c, 0x06, 0x10, 0x0b, 0x06, 0x05, 0x0b, 0x11, 0x05,
    0x0b, 0x11, 0x06, 0x0b, 0x05, 0x10, 0x0c, 0x05, 0x06, 0x12, 0x06, 0x06,
    0x12, 0x06, 0x06, 0x0b, 0x06, 0x16, 0x05, 0x05, 0x16, 0x05, 0x16, 0x05,
    0x05, 0x0c, 0x10, 0x05, 0x0c, 0x05, 0x10, 0x0c, 0x05, 0x0b, 0x11, 0x05,
    0x0b, 0x16, 0x05, 0x12, 0x11, 0x05, 0x0b, 0x0c, 0x05, 0x10, 0x0c, 0x05,
    0x05, 0x0c, 0x05, 0x05, 0x0c, 0x05, 0x10, 0x0c, 0x05, 0x10, 0x0c, 0x05,
    0x0b, 0x16, 0x05, 0x05, 0x0c, 0x10, 0x05, 0x0c, 0x05, 0x10, 0x0c, 0x05,
    0x05, 0x0c, 0x05, 0x05, 0x16, 0x05, 0x0b, 0x16, 0x05, 0x05, 0x16, 0x05,
    0x05, 0x0c, 0x05, 0x05, 0x16, 0x05, 0x05, 0x0c, 0x05, 0x10, 0x0c, 0x05,
    0x0b, 0x0c, 0x05, 0x05, 0x16, 0x05, 0x05, 0x16, 0x05, 0x05, 0x16, 0x05,
    0x05, 0x0c, 0x05, 0x05, 0x16, 0x05, 0x0b, 0x0c, 0x06, 0x10, 0x0c, 0x06,
    0x05, 0x0c, 0x05, 0x05, 0x16, 0x05, 0x06, 0x16, 0x05, 0x05, 0x16, 0x05,
    0x0b, 0x0c, 0x06, 0x05, 0x16, 0x05, 0x0c, 0x05, 0x05, 0x16, 0x05, 0x0c,
    0x05, 0x05, 0x16, 0x05, 0x05, 0x0c, 0x06, 0x05, 0x0c, 0x05, 0x10, 0x0c,
    0x06, 0x05, 0x0b, 0x06, 0x10, 0x06, 0x22, 0x05, 0x06, 0x0b, 0x06, 0x0c,
    0x10, 0x05, 0x16, 0x05, 0x05, 0x11, 0x0b, 0x06, 0x06, 0x0b, 0x06, 0x0c,
    0x05, 0x0c, 0x06, 0x05, 0x16, 0x05, 0x05, 0x16, 0x05, 0x06, 0x0c, 0x05,
    0x06, 0x12, 0x05, 0x16, 0x05, 0x05, 0x0c, 0x10, 0x05, 0x0c, 0x06, 0x10,
    0x0c, 0x06, 0x12, 0x06, 0x0b, 0x0c, 0x05, 0x0c, 0x06, 0x12, 0x06, 0x06,
    0x12, 0x05, 0x06, 0x0b, 0x05, 0x0c, 0x10, 0x05, 0x0c, 0x10, 0x06, 0x0b,
    0x06, 0x05, 0x0c, 0x05, 0x11, 0x0c, 0x05, 0x0c, 0x11, 0x0b, 0x06, 0x0c,
    0x10, 0x06, 0x0c, 0x05, 0x06, 0x0c, 0x10, 0x06, 0x0c, 0x05, 0x06, 0x16,
    0x05, 0x06, 0x16, 0x05, 0x0c, 0x11, 0x0b, 0x06, 0x11, 0x0b, 0x06, 0x06,
    0x0b, 0x0c, 0x11, 0x05, 0x0c, 0x06, 0x05, 0x0c, 0x06, 0x05, 0x16, 0x06,
    0x0b, 0x06, 0x06, 0x12, 0x06, 0x11, 0x0b, 0x0c, 0x11, 0x05, 0x0c, 0x06,
    0x05, 0x0c, 0x06, 0x05, 0x0c, 0x06, 0x12, 0x06, 0x06, 0x0b, 0x06, 0x11,
    0x0b, 0x0c, 0x06, 0x05, 0x16, 0x06, 0x10, 0x0c, 0x06, 0x05, 0x16, 0x06,
    0x0b, 0x06, 0x06, 0x0b, 0x06, 0x06, 0x12, 0x0c, 0x06, 0x05, 0x0c, 0x10,
    0x05, 0x0c, 0x05, 0x05, 0x16, 0x06, 0x12, 0x06, 0x06, 0x0b, 0x10, 0x06,
    0x0b, 0x0c, 0x06, 0x05, 0x0c, 0x05, 0x11, 0x0b, 0x06, 0x06, 0x0b, 0x11,
    0x06, 0x0b, 0x05, 0x11, 0x0b, 0x06, 0x11, 0x0b, 0x06, 0x10, 0x0b, 0x06,
    0x12, 0x06, 0x06, 0x0b, 0x0c, 0x11, 0x10, 0x0c, 0x06, 0x05, 0x0b, 0x03,
    0x06, 0x12, 0x05, 0x06, 0x16, 0x05, 0x0c, 0x05, 0x16, 0x05, 0x05, 0x16,
    0x05, 0x0b, 0x10, 0x06, 0x10, 0x0b, 0x06, 0x12, 0x06, 0x06, 0x12, 0x06,
    0x05, 0x0b, 0x11, 0x05, 0x06, 0x0c, 0x05, 0x06, 0x16, 0x05, 0x06, 0x16,
    0x05, 0x05, 0x0c, 0x05, 0x0b, 0x11, 0x05, 0x06, 0x0b, 0x11, 0x05, 0x05,
    0x11, 0x0b, 0x06, 0x0b, 0x06, 0x16, 0x05, 0x0c, 0x10, 0x06, 0x0c, 0x05,
    0x11, 0x0b, 0x05, 0x06, 0x16, 0x05, 0x06, 0x12, 0x05, 0x06, 0x12, 0x05,
    0x06, 0x0b, 0x10, 0x06, 0x0b, 0x05, 0x11, 0x0b, 0x05, 0x11, 0x0b, 0x05,
    0x06, 0x0b, 0x05, 0x11, 0x0b, 0x05, 0x06, 0x0b, 0x05, 0x11, 0x0b, 0x05,
    0x16, 0x05, 0x0b, 0x11, 0x05, 0x0b, 0x11, 0x05, 0x0b, 0x11, 0x10, 0x05,
    0x16, 0x05, 0x0b, 0x06, 0x10, 0x0b, 0x06, 0x12, 0x05, 0x0c, 0x05, 0x10,
    0x0c, 0x05, 0x05, 0x16, 0x05, 0x10, 0x0c, 0x10, 0x05, 0x0c, 0x10, 0x05,
    0x0c, 0x10, 0x0b, 0x0c, 0x10, 0x05, 0x0c, 0x10, 0x05, 0x0c, 0x05, 0x10,
    0x0c, 0x05, 0x05, 0x0c, 0x10, 0x05, 0x0c, 0x10, 0x0b, 0x0c, 0x10, 0x05,
    0x0c, 0x10, 0x06, 0x0c, 0x10, 0x06, 0x0c, 0x10, 0x05, 0x0c, 0x05, 0x10,
    0x0c, 0x06, 0x0b, 0x0c, 0x10, 0x05, 0x0c, 0x10, 0x06, 0x0b, 0x11, 0x05,
    0x0b, 0x11, 0x05, 0x0b, 0x11, 0x0c, 0x05, 0x06, 0x0c, 0x10, 0x05, 0x0c,
    0x06, 0x0b, 0x11, 0x06, 0x0b, 0x10, 0x0c, 0x05, 0x10, 0x0c, 0x05, 0x05,
    0x0c, 0x10, 0x0c, 0x0c, 0x22, 0x06, 0x0b, 0x11, 0x05, 0x0b, 0x06, 0x05,
    0x0c, 0x11, 0x0c, 0x0b, 0x06, 0x06, 0x12, 0x06, 0x0c, 0x05, 0x11, 0x0b,
    0x05, 0x06, 0x0b, 0x0c, 0x11, 0x05, 0x0c, 0x12, 0x05, 0x16, 0x10, 0x05,
    0x0c, 0x05, 0x0b, 0x11, 0x0c, 0x05, 0x16, 0x11, 0x05, 0x0c, 0x0b, 0x06,
    0x05, 0x16, 0x06, 0x05, 0x16, 0x05, 0x06, 0x12, 0x05, 0x06, 0x05, 0x0c,
    0x10, 0x06, 0x0b, 0x10, 0x0c, 0x06, 0x05, 0x0c, 0x10, 0x0b, 0x06, 0x16,
    0x05, 0x0c, 0x06, 0x05, 0x16, 0x06, 0x05, 0x0c, 0x11, 0x05, 0x0c, 0x06,
    0x12, 0x06, 0x0c, 0x10, 0x06, 0x0c, 0x10, 0x0c, 0x06, 0x12, 0x06, 0x11,
    0x0b, 0x06, 0x06, 0x0b, 0x06, 0x06, 0x0b, 0x06, 0x16, 0x05, 0x06, 0x0c,
    0x05, 0x06, 0x0c, 0x05, 0x0c, 0x06, 0x10, 0x0c, 0x06, 0x05, 0x16, 0x06,
    0x05, 0x0c, 0x06, 0x05, 0x0c, 0x11, 0x05, 0x0c, 0x06, 0x10, 0x0c, 0x06,
    0x0b, 0x11, 0x0c, 0x05, 0x06, 0x0c, 0x10, 0x06, 0x0c, 0x05, 0x06, 0x16,
    0x05, 0x06, 0x0c, 0x05, 0x06, 0x16, 0x05, 0x0c, 0x11, 0x05, 0x0c, 0x11,
    0x05, 0x06, 0x16, 0x05, 0x06, 0x0b, 0x10, 0x06, 0x0b, 0x05, 0x06, 0x16,
    0x05, 0x0c, 0x06, 0x05, 0x0b, 0x11, 0x05, 0x05, 0x16, 0x06, 0x05, 0x12,
    0x06, 0x05, 0x16, 0x06, 0x05, 0x0c, 0x11, 0x0b, 0x05, 0x06, 0x12, 0x05,
    0x0c, 0x10, 0x06, 0x0b, 0x10, 0x06, 0x0b, 0x06, 0x06, 0x0b, 0x06, 0x06,
    0x12, 0x06, 0x06, 0x0b, 0x06, 0x10, 0x0b, 0x06, 0x10, 0x22, 0x05, 0x06,
    0x0c, 0x05, 0x11, 0x0b, 0x10, 0x06, 0x05, 0x05, 0x16, 0x05, 0x06, 0x0b,
    0x06, 0x0b, 0x06, 0x06, 0x12, 0x06, 0x10, 0x0b, 0x06, 0x05, 0x0c, 0x06,
    0x05, 0x0c, 0x06, 0x05, 0x0c, 0x11, 0x05, 0x06, 0x0b, 0x05, 0x06, 0x0b,
    0x06, 0x11, 0x05, 0x0c, 0x10, 0x0b, 0x06, 0x05, 0x0c, 0x0c, 0x05, 0x06,
    0x16, 0x05, 0x0b, 0x11, 0x05, 0x0c, 0x06, 0x05, 0x12, 0x06, 0x0b, 0x11,
    0x06, 0x0b, 0x05, 0x06, 0x0b, 0x05, 0x11, 0x0b, 0x05, 0x0c, 0x10, 0x05,
    0x0c, 0x05, 0x10, 0x0c, 0x05, 0x05, 0x0c, 0x05, 0x05, 0x16, 0x05, 0x05,
    0x0c, 0x05, 0x05, 0x0c, 0x10, 0x0b, 0x06, 0x10, 0x12, 0x06, 0x10, 0x05,
    0x0c, 0x05, 0x10, 0x0c, 0x05, 0x12, 0x06, 0x05, 0x12, 0x06, 0x05, 0x0b,
    0x11, 0x0b, 0x05, 0x06, 0x12, 0x05, 0x11, 0x0b, 0x05, 0x16, 0x05, 0x05,
    0x16, 0x05, 0x05, 0x0c, 0x05, 0x05, 0x0c, 0x10, 0x0b, 0x06, 0x10, 0x0b,
    0x06, 0x10, 0x0b, 0x06, 0x05, 0x12, 0x06, 0x10, 0x0b, 0x06, 0x10, 0x0b,
    0x06, 0x0b, 0x05, 0x0c, 0x0b, 0x05, 0x06, 0x0b, 0x11, 0x06, 0x0b, 0x06,
    0x11, 0x0b, 0x06, 0x10, 0x0b, 0x06, 0x10, 0x16, 0x06, 0x0b, 0x16, 0x06,
    0x05, 0x0c, 0x06, 0x05, 0x0c, 0x06, 0x05, 0x0b, 0x11, 0x05, 0x0b, 0x06,
    0x11, 0x0b, 0x06, 0x05, 0x16, 0x05, 0x0c, 0x06, 0x0b, 0x11, 0x05, 0x0b,
    0x12, 0x06, 0x10, 0x0b, 0x06, 0x0b, 0x05, 0x11, 0x0b, 0x06, 0x11, 0x0b,
    0x06, 0x06, 0x23, 0x05, 0x0c, 0x05, 0x16, 0x06, 0x0b, 0x0c, 0x11, 0x0b,
    0x05, 0x06, 0x12, 0x05, 0x11, 0x12, 0x05, 0x11, 0x0b, 0x06, 0x0c, 0x05,
    0x11, 0x0b, 0x10, 0x06, 0x12, 0x05, 0x06, 0x0b, 0x05, 0x16, 0x05, 0x0c,
    0x11, 0x05, 0x16, 0x05, 0x05, 0x0c, 0x0b, 0x10, 0x06, 0x0c, 0x10, 0x06,
    0x12, 0x05, 0x11, 0x0b, 0x05, 0x06, 0x0c, 0x10, 0x0c, 0x05, 0x12, 0x06,
    0x06, 0x0b, 0x06, 0x10, 0x0b, 0x06, 0x16, 0x05, 0x11, 0x0c, 0x05, 0x11,
    0x0c, 0x05, 0x06, 0x0c, 0x10, 0x0c, 0x06, 0x0b, 0x11, 0x06, 0x0b, 0x11,
    0x06, 0x0b, 0x0c, 0x11, 0x05, 0x16, 0x06, 0x05, 0x0c, 0x06, 0x05, 0x0c,
    0x06, 0x0b, 0x0c, 0x06, 0x10, 0x0c, 0x06, 0x0b, 0x11, 0x06, 0x0b, 0x11,
    0x06, 0x0b, 0x11, 0x0c, 0x05, 0x06, 0x16, 0x05, 0x06, 0x0c, 0x05, 0x0c,
    0x11, 0x05, 0x0c, 0x06, 0x0b, 0x06, 0x16, 0x05, 0x06, 0x16, 0x05, 0x06,
    0x16, 0x05, 0x06, 0x0c, 0x05, 0x06, 0x16, 0x05, 0x06, 0x0c, 0x05, 0x0c,
    0x11, 0x0b, 0x06, 0x06, 0x12, 0x06, 0x06, 0x10, 0x06, 0x16, 0x05, 0x06,
    0x12, 0x05, 0x06, 0x0b, 0x06, 0x0b, 0x11, 0x0c, 0x05, 0x0c, 0x05, 0x05,
    0x0c, 0x05, 0x05, 0x0c, 0x10, 0x05, 0x0c, 0x10, 0x05, 0x16, 0x05, 0x0c,
    0x10, 0x0c, 0x06, 0x05, 0x0b, 0x06, 0x16, 0x05, 0x06, 0x0b, 0x11, 0x05,
    0x0b, 0x06, 0x0c, 0x06, 0x10, 0x0c, 0x06, 0x05, 0x16, 0x06, 0x05, 0x16,
    0x05, 0x0b, 0x06, 0x0b, 0x05, 0x16, 0x06, 0x22, 0x06, 0x05, 0x12, 0x05,
    0x06, 0x05, 0x05, 0x0c, 0x11, 0x0c, 0x05, 0x06, 0x0c, 0x05, 0x06, 0x0c,
    0x05, 0x10, 0x0c, 0x05, 0x06, 0x0c, 0x05, 0x06, 0x16, 0x05, 0x06, 0x16,
    0x10, 0x06, 0x05, 0x0b, 0x06, 0x12, 0x06, 0x0c, 0x10, 0x06, 0x0c, 0x10,
    0x06, 0x0b, 0x06, 0x06, 0x0b, 0x06, 0x10, 0x0c, 0x06, 0x12, 0x05, 0x06,
    0x0c, 0x05, 0x06, 0x12, 0x05, 0x0c, 0x11, 0x05, 0x0c, 0x05, 0x05, 0x0c,
    0x10, 0x06, 0x0b, 0x05, 0x0c, 0x10, 0x05, 0x0c, 0x10, 0x05, 0x0c, 0x05,
    0x05, 0x16, 0x05, 0x0b, 0x11, 0x05, 0x0c, 0x10, 0x06, 0x0b, 0x05, 0x16,
    0x10, 0x05, 0x16, 0x05, 0x10, 0x0c, 0x05, 0x10, 0x0c, 0x05, 0x10, 0x0c,
    0x05, 0x05, 0x0c, 0x05, 0x12, 0x06, 0x05, 0x0b, 0x11, 0x05, 0x0b, 0x06,
    0x12, 0x05, 0x06, 0x12, 0x05, 0x06, 0x12, 0x05, 0x06, 0x12, 0x05, 0x06,
    0x0b, 0x10, 0x0c, 0x05, 0x05, 0x0c, 0x10, 0x0b, 0x06, 0x10, 0x0b, 0x06,
    0x10, 0x0b, 0x11, 0x05, 0x0b, 0x06, 0x10, 0x0b, 0x06, 0x05, 0x12, 0x0c,
    0x05, 0x10, 0x0c, 0x06, 0x10, 0x0c, 0x06, 0x12, 0x11, 0x05, 0x0b, 0x06,
    0x05, 0x16, 0x06, 0x0b, 0x11, 0x06, 0x0b, 0x11, 0x06, 0x0b, 0x11, 0x0b,
    0x06, 0x16, 0x05, 0x06, 0x12, 0x06, 0x05, 0x16, 0x11, 0x05, 0x0b, 0x06,
    0x12, 0x05, 0x06, 0x0c, 0x10, 0x05, 0x16, 0x05, 0x05, 0x0c, 0x06, 0x05,
    0x12, 0x06, 0x05, 0x16, 0x06, 0x05, 0x16, 0x06, 0x05, 0x16, 0x05, 0x0b,
    0x03, 0x05, 0x0c, 0x06, 0x05, 0x16, 0x11, 0x05, 0x05, 0x0c, 0x10, 0x05,
    0x0c, 0x10, 0x0b, 0x06, 0x0c, 0x05, 0x06, 0x12, 0x05, 0x16, 0x05, 0x05,
    0x0c, 0x0b, 0x05, 0x06, 0x0b, 0x06, 0x0c, 0x10, 0x06, 0x0b, 0x05, 0x06,
    0x0b, 0x10, 0x06, 0x0b, 0x06, 0x05, 0x12, 0x05, 0x06, 0x12, 0x06, 0x0b,
    0x05, 0x06, 0x16, 0x05, 0x10, 0x0c, 0x05, 0x11, 0x0c, 0x05, 0x10, 0x0c,
    0x05, 0x16, 0x06, 0x05, 0x0c, 0x05, 0x0c, 0x11, 0x05, 0x0c, 0x06, 0x12,
    0x0c, 0x06, 0x05, 0x16, 0x06, 0x05, 0x0c, 0x06, 0x05, 0x0c, 0x10, 0x05,
    0x0c, 0x05, 0x06, 0x0c, 0x05, 0x0c, 0x06, 0x0b, 0x11, 0x06, 0x0b, 0x11,
    0x06, 0x0b, 0x06, 0x06, 0x12, 0x06, 0x16, 0x05, 0x06, 0x0c, 0x05, 0x06,
    0x0c, 0x05, 0x16, 0x06, 0x05, 0x0c, 0x11, 0x05, 0x0c, 0x06, 0x0b, 0x06,
    0x11, 0x0b, 0x06, 0x11, 0x0b, 0x06, 0x06, 0x12, 0x06, 0x06, 0x12, 0x06,
    0x06, 0x12, 0x0c, 0x06, 0x0b, 0x06, 0x0c, 0x10, 0x06, 0x0c, 0x05, 0x06,
    0x16, 0x0b, 0x06, 0x06, 0x0b, 0x06, 0x0b, 0x05, 0x0c, 0x05, 0x05, 0x0c,
    0x05, 0x06, 0x16, 0x05, 0x05, 0x16, 0x05, 0x05, 0x16, 0x05, 0x05, 0x16,
    0x05, 0x05, 0x0c, 0x06, 0x05, 0x0b, 0x06, 0x05, 0x0b, 0x06, 0x05, 0x0b,
    0x0b, 0x06, 0x11, 0x0b, 0x06, 0x06, 0x12, 0x06, 0x0b, 0x06, 0x06, 0x12,
    0x06, 0x05, 0x12, 0x06, 0x0b, 0x11, 0x05, 0x0b, 0x0c, 0x05, 0x05, 0x16,
    0x05, 0x06, 0x0c, 0x05, 0x06, 0x23, 0x05, 0x16, 0x06, 0x0b, 0x0b, 0x06,
    0x16, 0x0b, 0x05, 0x06, 0x16, 0x05, 0x06, 0x12, 0x10, 0x06, 0x0b, 0x11,
    0x06, 0x0b, 0x06, 0x12, 0x11, 0x06, 0x0b, 0x11, 0x0b, 0x05, 0x06, 0x12,
    0x0c, 0x06, 0x10, 0x0c, 0x06, 0x10, 0x0c, 0x05, 0x12, 0x06, 0x06, 0x12,
    0x06, 0x0b, 0x11, 0x05, 0x0c, 0x10, 0x05, 0x0c, 0x06, 0x0b, 0x10, 0x06,
    0x0b, 0x06, 0x06, 0x0b, 0x05, 0x06, 0x12, 0x06, 0x16, 0x10, 0x05, 0x0c,
    0x10, 0x05, 0x0c, 0x05, 0x05, 0x11, 0x0b, 0x05, 0x11, 0x0b, 0x10, 0x0c,
    0x10, 0x06, 0x0c, 0x05, 0x16, 0x06, 0x05, 0x12, 0x06, 0x05, 0x11, 0x0b,
    0x05, 0x0c, 0x05, 0x05, 0x0c, 0x05, 0x10, 0x0c, 0x05, 0x05, 0x0c, 0x10,
    0x05, 0x0c, 0x10, 0x12, 0x06, 0x05, 0x12, 0x06, 0x05, 0x12, 0x06, 0x0b,
    0x10, 0x06, 0x0b, 0x10, 0x06, 0x0b, 0x05, 0x06, 0x0b, 0x12, 0x06, 0x05,
    0x0b, 0x11, 0x0b, 0x05, 0x06, 0x0b, 0x05, 0x06, 0x10, 0x0b, 0x06, 0x05,
    0x0b, 0x11, 0x0b, 0x05, 0x11, 0x0b, 0x05, 0x11, 0x0b, 0x11, 0x06, 0x10,
    0x0c, 0x11, 0x0b, 0x11, 0x0b, 0x05, 0x0c, 0x05, 0x11, 0x0c, 0x05, 0x06,
    0x0b, 0x06, 0x0c, 0x05, 0x0c, 0x11, 0x05, 0x0b, 0x11, 0x05, 0x16, 0x06,
    0x12, 0x06, 0x11, 0x0c, 0x05, 0x06, 0x0b, 0x05, 0x11, 0x0b, 0x05, 0x06,
    0x12, 0x05, 0x06, 0x0b, 0x06, 0x16, 0x05, 0x06, 0x12, 0x06, 0x06, 0x0b,
    0x11, 0x06, 0x0b, 0x11, 0x05, 0x0b, 0x11, 0x05, 0x16, 0x05, 0x03, 0x05,
    0x05, 0x16, 0x05, 0x05, 0x06, 0x05, 0x16, 0x06, 0x05, 0x0c, 0x05, 0x06,
    0x0c, 0x05, 0x06, 0x12, 0x0b, 0x06, 0x05, 0x0c, 0x05, 0x06, 0x12, 0x06,
    0x06, 0x12, 0x06, 0x10, 0x05, 0x0c, 0x05, 0x10, 0x0c, 0x05, 0x06, 0x0c,
    0x05, 0x11, 0x0c, 0x05, 0x06, 0x0c, 0x05, 0x06, 0x0c, 0x05, 0x16, 0x05,
    0x06, 0x12, 0x06, 0x06, 0x12, 0x0b, 0x06, 0x10, 0x0c, 0x06, 0x10, 0x0b,
    0x05, 0x06, 0x0b, 0x06, 0x06, 0x0b, 0x11, 0x06, 0x0b, 0x11, 0x06, 0x0b,
    0x06, 0x0c, 0x05, 0x06, 0x12, 0x05, 0x0c, 0x10, 0x05, 0x0c, 0x05, 0x16,
    0x05, 0x0c, 0x10, 0x05, 0x0c, 0x11, 0x05, 0x16, 0x06, 0x0b, 0x11, 0x06,
    0x0b, 0x16, 0x06, 0x05, 0x0c, 0x06, 0x05, 0x0c, 0x06, 0x12, 0x06, 0x06,
    0x0b, 0x06, 0x11, 0x0b, 0x06, 0x0c, 0x10, 0x06, 0x0c, 0x10, 0x0c, 0x06,
    0x10, 0x0c, 0x06, 0x10, 0x0c, 0x06, 0x05, 0x16, 0x06, 0x05, 0x16, 0x06,
    0x05, 0x16, 0x06, 0x10, 0x0c, 0x06, 0x10, 0x0c, 0x06, 0x05, 0x0c, 0x06,
    0x05, 0x12, 0x06, 0x05, 0x0b, 0x11, 0x05, 0x06, 0x0c, 0x10, 0x06, 0x0b,
    0x10, 0x0c, 0x05, 0x11, 0x0b, 0x11, 0x05, 0x12, 0x06, 0x05, 0x0c, 0x11,
    0x0b, 0x06, 0x10, 0x0b, 0x06, 0x05, 0x12, 0x06, 0x12, 0x06, 0x11, 0x0b,
    0x06, 0x06, 0x12, 0x06, 0x06, 0x0b, 0x11, 0x0b, 0x10, 0x06, 0x0b, 0x06,
    0x06, 0x0b, 0x10, 0x0c, 0x05, 0x05, 0x16, 0x05, 0x06, 0x0c, 0x05, 0x0b,
    0x11, 0x05, 0x0c, 0x22, 0x06, 0x0b, 0x06, 0x11, 0x0c, 0x05, 0x05, 0x0c,
    0x10, 0x0b, 0x06, 0x12, 0x05, 0x0c, 0x06, 0x10, 0x0c, 0x05, 0x11, 0x0c,
    0x10, 0x06, 0x0b, 0x05, 0x06, 0x0b, 0x06, 0x16, 0x05, 0x06, 0x0c, 0x10,
    0x06, 0x0b, 0x10, 0x0c, 0x05, 0x10, 0x0c, 0x0b, 0x10, 0x06, 0x12, 0x05,
    0x16, 0x05, 0x06, 0x0c, 0x05, 0x05, 0x16, 0x05, 0x06, 0x0c, 0x05, 0x10,
    0x0c, 0x05, 0x16, 0x06, 0x05, 0x0c, 0x05, 0x16, 0x05, 0x0b, 0x16, 0x05,
    0x05, 0x16, 0x0b, 0x05, 0x11, 0x0b, 0x05, 0x11, 0x0c, 0x05, 0x06, 0x0c,
    0x10, 0x06, 0x0b, 0x06, 0x05, 0x0c, 0x06, 0x0b, 0x06, 0x06, 0x0b, 0x05,
    0x11, 0x0b, 0x05, 0x0c, 0x05, 0x05, 0x16, 0x05, 0x05, 0x16, 0x10, 0x05,
    0x0c, 0x05, 0x05, 0x16, 0x05, 0x0b, 0x11, 0x05, 0x0b, 0x06, 0x05, 0x0b,
    0x06, 0x05, 0x0b, 0x11, 0x0b, 0x05, 0x06, 0x0b, 0x05, 0x16, 0x05, 0x05,
    0x0c, 0x10, 0x0b, 0x06, 0x12, 0x05, 0x0c, 0x05, 0x0b, 0x11, 0x05, 0x0b,
    0x06, 0x12, 0x05, 0x16, 0x06, 0x05, 0x0c, 0x06, 0x0b, 0x0c, 0x05, 0x05,
    0x0c, 0x05, 0x11, 0x0c, 0x05, 0x06, 0x0b, 0x06, 0x0b, 0x16, 0x05, 0x06,
    0x0c, 0x10, 0x05, 0x0b, 0x06, 0x05, 0x0c, 0x06, 0x05, 0x0c, 0x06, 0x05,
    0x0b, 0x06, 0x05, 0x12, 0x06, 0x0b, 0x10, 0x0c, 0x05, 0x12, 0x06, 0x06,
    0x0b, 0x06, 0x10, 0x0b, 0x11, 0x0b, 0x06, 0x05, 0x16, 0x06, 0x05, 0x0b,
    0x11, 0x0b, 0x06, 0x11, 0x0b, 0x06, 0x06, 0x0b, 0x03, 0x06, 0x0b, 0x05,
    0x06, 0x12, 0x16, 0x06, 0x05, 0x0c, 0x11, 0x05, 0x0c, 0x10, 0x05, 0x16,
    0x05, 0x06, 0x0b, 0x05, 0x06, 0x0b, 0x11, 0x0c, 0x05, 0x10, 0x0c, 0x05,
    0x05, 0x0c, 0x0b, 0x10, 0x06, 0x0c, 0x05, 0x11, 0x0c, 0x05, 0x06, 0x0c,
    0x05, 0x06, 0x12, 0x06, 0x06, 0x0b, 0x10, 0x06, 0x12, 0x06, 0x0c, 0x05,
    0x0b, 0x11, 0x05, 0x0c, 0x06, 0x05, 0x0b, 0x06, 0x0b, 0x11, 0x06, 0x0b,
    0x11, 0x06, 0x05, 0x06, 0x0c, 0x05, 0x06, 0x0c, 0x05, 0x11, 0x0c, 0x05,
    0x16, 0x05, 0x05, 0x16, 0x05, 0x0c, 0x05, 0x11, 0x12, 0x05, 0x11, 0x12,
    0x05, 0x16, 0x05, 0x0b, 0x06, 0x06, 0x12, 0x06, 0x11, 0x0b, 0x06, 0x06,
    0x0b, 0x06, 0x0c, 0x05, 0x16, 0x06, 0x05, 0x16, 0x06, 0x05, 0x0c, 0x06,
    0x0b, 0x11, 0x06, 0x12, 0x0c, 0x11, 0x05, 0x0c, 0x06, 0x10, 0x0c, 0x11,
    0x05, 0x0c, 0x06, 0x10, 0x0c, 0x06, 0x05, 0x0c, 0x06, 0x05, 0x16, 0x06,
    0x05, 0x0c, 0x06, 0x0b, 0x06, 0x11, 0x0b, 0x06, 0x05, 0x12, 0x06, 0x05,
    0x12, 0x11, 0x06, 0x0b, 0x11, 0x0b, 0x05, 0x06, 0x12, 0x06, 0x06, 0x12,
    0x05, 0x06, 0x05, 0x0c, 0x05, 0x06, 0x16, 0x05, 0x0c, 0x10, 0x05, 0x16,
    0x0b, 0x10, 0x16, 0x06, 0x05, 0x16, 0x06, 0x0b, 0x06, 0x06, 0x12, 0x06,
    0x06, 0x0b, 0x05, 0x11, 0x0b, 0x06, 0x0c, 0x05, 0x06, 0x0b, 0x11, 0x05,
    0x0c, 0x05, 0x16, 0x06, 0x05, 0x0c, 0x10, 0x05, 0x0c, 0x10, 0x0b, 0x06,
    0x10, 0x23, 0x05, 0x11, 0x0b, 0x05, 0x06, 0x0b, 0x10, 0x06, 0x0b, 0x06,
    0x05, 0x0c, 0x06, 0x05, 0x0c, 0x06, 0x10, 0x0c, 0x05, 0x10, 0x0c, 0x05,
    0x11, 0x0c, 0x05, 0x11, 0x0b, 0x11, 0x06, 0x0b, 0x05, 0x06, 0x0b, 0x05,
    0x0c, 0x10, 0x0b, 0x06, 0x10, 0x0c, 0x05, 0x0c, 0x05, 0x06, 0x0b, 0x06,
    0x0b, 0x10, 0x06, 0x0c, 0x10, 0x06, 0x0b, 0x10, 0x0c, 0x11, 0x10, 0x0c,
    0x05, 0x10, 0x0c, 0x05, 0x05, 0x0c, 0x10, 0x05, 0x0c, 0x10, 0x10, 0x0c,
    0x05, 0x05, 0x0c, 0x05, 0x06, 0x0b, 0x06, 0x0c, 0x10, 0x06, 0x0b, 0x06,
    0x06, 0x0b, 0x06, 0x06, 0x0b, 0x06, 0x11, 0x0b, 0x11, 0x0c, 0x05, 0x05,
    0x0c, 0x10, 0x0b, 0x06, 0x10, 0x12, 0x06, 0x05, 0x0b, 0x06, 0x10, 0x0b,
    0x0c, 0x05, 0x10, 0x0c, 0x05, 0x10, 0x0c, 0x05, 0x05, 0x16, 0x05, 0x0b,
    0x11, 0x05, 0x0b, 0x06, 0x0b, 0x10, 0x06, 0x0b, 0x05, 0x16, 0x05, 0x05,
    0x16, 0x05, 0x05, 0x0c, 0x10, 0x05, 0x16, 0x05, 0x05, 0x16, 0x05, 0x06,
    0x0c, 0x05, 0x16, 0x06, 0x05, 0x0b, 0x06, 0x05, 0x16, 0x06, 0x10, 0x0c,
    0x05, 0x0b, 0x11, 0x0b, 0x06, 0x11, 0x0b, 0x06, 0x10, 0x0b, 0x06, 0x05,
    0x0c, 0x11, 0x0b, 0x06, 0x06, 0x05, 0x0c, 0x05, 0x05, 0x16, 0x05, 0x05,
    0x16, 0x05, 0x05, 0x0c, 0x05, 0x11, 0x0c, 0x06, 0x0b, 0x10, 0x06, 0x12,
    0x06, 0x06, 0x0b, 0x10, 0x0c, 0x05, 0x05, 0x0c, 0x10, 0x06, 0x0c, 0x05,
    0x0c, 0x06, 0x05, 0x16, 0x06, 0x05, 0x24, 0x06, 0x0c, 0x10, 0x06, 0x0c,
    0x05, 0x06, 0x12, 0x06, 0x10, 0x12, 0x06, 0x12, 0x06, 0x0b, 0x10, 0x0c,
    0x06, 0x16, 0x05, 0x0c, 0x05, 0x05, 0x0c, 0x05, 0x0c, 0x11, 0x05, 0x0c,
    0x11, 0x05, 0x16, 0x11, 0x05, 0x0c, 0x06, 0x10, 0x0b, 0x06, 0x10, 0x0c,
    0x05, 0x12, 0x11, 0x06, 0x0b, 0x06, 0x05, 0x0b, 0x11, 0x05, 0x0c, 0x06,
    0x05, 0x0b, 0x06, 0x0b, 0x06, 0x11, 0x0b, 0x06, 0x12, 0x06, 0x0c, 0x12,
    0x06, 0x0c, 0x05, 0x0c, 0x11, 0x05, 0x16, 0x05, 0x11, 0x0b, 0x10, 0x06,
    0x0b, 0x06, 0x05, 0x12, 0x06, 0x0b, 0x10, 0x0c, 0x05, 0x05, 0x0c, 0x05,
    0x05, 0x06, 0x12, 0x05, 0x06, 0x0c, 0x05, 0x06, 0x0c, 0x05, 0x06, 0x16,
    0x05, 0x06, 0x16, 0x05, 0x06, 0x06, 0x12, 0x06, 0x06, 0x12, 0x06, 0x0c,
    0x05, 0x06, 0x06, 0x0b, 0x06, 0x06, 0x12, 0x06, 0x06, 0x0b, 0x06, 0x11,
    0x0b, 0x06, 0x06, 0x12, 0x06, 0x0c, 0x10, 0x06, 0x0c, 0x05, 0x06, 0x16,
    0x05, 0x06, 0x12, 0x05, 0x06, 0x12, 0x05, 0x06, 0x12, 0x06, 0x0c, 0x05,
    0x10, 0x0c, 0x05, 0x06, 0x16, 0x05, 0x06, 0x0b, 0x05, 0x06, 0x12, 0x0c,
    0x06, 0x10, 0x0c, 0x12, 0x05, 0x06, 0x0b, 0x11, 0x0b, 0x05, 0x11, 0x0c,
    0x05, 0x0c, 0x06, 0x05, 0x0c, 0x11, 0x0b, 0x06, 0x10, 0x0b, 0x05, 0x11,
    0x0b, 0x06, 0x06, 0x0b, 0x10, 0x0c, 0x05, 0x11, 0x0c, 0x05, 0x11, 0x0c,
    0x05, 0x0b, 0x11, 0x05, 0x0b, 0x11, 0x05, 0x0b, 0x06, 0x0b, 0x05, 0x03,
    0x05, 0x0b, 0x06, 0x12, 0x06, 0x05, 0x0c, 0x0c, 0x05, 0x06, 0x0c, 0x05,
    0x11, 0x0b, 0x06, 0x05, 0x0b, 0x06, 0x05, 0x16, 0x05, 0x0c, 0x10, 0x10,
    0x0c, 0x05, 0x05, 0x0b, 0x06, 0x10, 0x0b, 0x0c, 0x05, 0x06, 0x12, 0x06,
    0x06, 0x0b, 0x06, 0x10, 0x0c, 0x06, 0x05, 0x0b, 0x11, 0x12, 0x06, 0x06,
    0x12, 0x05, 0x0c, 0x10, 0x06, 0x0c, 0x10, 0x05, 0x0c, 0x05, 0x0c, 0x06,
    0x05, 0x16, 0x05, 0x05, 0x06, 0x12, 0x05, 0x06, 0x0b, 0x05, 0x0c, 0x06,
    0x12, 0x06, 0x0c, 0x05, 0x11, 0x0b, 0x06, 0x16, 0x05, 0x06, 0x16, 0x05,
    0x06, 0x16, 0x10, 0x0c, 0x06, 0x10, 0x0c, 0x06, 0x12, 0x06, 0x10, 0x0c,
    0x10, 0x12, 0x06, 0x0b, 0x05, 0x16, 0x05, 0x0c, 0x0b, 0x11, 0x05, 0x0b,
    0x06, 0x0b, 0x05, 0x06, 0x12, 0x12, 0x06, 0x05, 0x12, 0x06, 0x0b, 0x05,
    0x11, 0x0b, 0x05, 0x16, 0x05, 0x0b, 0x11, 0x05, 0x0b, 0x06, 0x05, 0x12,
    0x06, 0x0b, 0x10, 0x0c, 0x05, 0x0c, 0x06, 0x0b, 0x06, 0x16, 0x05, 0x06,
    0x0b, 0x05, 0x11, 0x0c, 0x05, 0x11, 0x0b, 0x05, 0x0c, 0x05, 0x11, 0x0c,
    0x10, 0x06, 0x0b, 0x05, 0x06, 0x0b, 0x06, 0x06, 0x12, 0x06, 0x05, 0x11,
    0x0b, 0x06, 0x12, 0x06, 0x05, 0x12, 0x11, 0x05, 0x0b, 0x11, 0x05, 0x0c,
    0x06, 0x16, 0x05, 0x0c, 0x05, 0x10, 0x0c, 0x06, 0x05, 0x0c, 0x10, 0x0b,
    0x06, 0x05, 0x0b, 0x11, 0x06, 0x0b, 0x11, 0x0b, 0x06, 0x11, 0x0b, 0x06,
    0x11, 0x0b, 0x11, 0x0b, 0x22, 0x05, 0x06, 0x0c, 0x05, 0x10, 0x16, 0x05,
    0x05, 0x16, 0x05, 0x05, 0x0c, 0x05, 0x11, 0x0c, 0x05, 0x11, 0x0b, 0x05,
    0x06, 0x16, 0x05, 0x0c, 0x06, 0x12, 0x06, 0x0c, 0x12, 0x06, 0x05, 0x0c,
    0x05, 0x06, 0x12, 0x05, 0x0c, 0x10, 0x0c, 0x05, 0x0c, 0x10, 0x06, 0x0c,
    0x05, 0x05, 0x0c, 0x05, 0x16, 0x06, 0x05, 0x0c, 0x10, 0x0b, 0x06, 0x11,
    0x0b, 0x11, 0x10, 0x0b, 0x06, 0x10, 0x0c, 0x05, 0x06, 0x0c, 0x05, 0x11,
    0x0c, 0x10, 0x05, 0x0c, 0x05, 0x05, 0x0c, 0x05, 0x06, 0x12, 0x05, 0x06,
    0x0b, 0x05, 0x06, 0x0b, 0x05, 0x06, 0x0b, 0x05, 0x06, 0x12, 0x0b, 0x06,
    0x05, 0x0c, 0x10, 0x0c, 0x05, 0x06, 0x06, 0x0b, 0x11, 0x06, 0x05, 0x12,
    0x06, 0x05, 0x0b, 0x11, 0x06, 0x12, 0x06, 0x06, 0x0b, 0x06, 0x06, 0x0b,
    0x11, 0x06, 0x0b, 0x11, 0x06, 0x0b, 0x11, 0x06, 0x0b, 0x06, 0x06, 0x0b,
    0x11, 0x0c, 0x05, 0x11, 0x0c, 0x05, 0x06, 0x16, 0x05, 0x05, 0x11, 0x0b,
    0x05, 0x11, 0x0b, 0x06, 0x16, 0x05, 0x06, 0x0b, 0x10, 0x0c, 0x06, 0x05,
    0x16, 0x05, 0x05, 0x0c, 0x0b, 0x11, 0x06, 0x0b, 0x11, 0x10, 0x0b, 0x06,
    0x05, 0x0c, 0x05, 0x16, 0x05, 0x06, 0x0c, 0x05, 0x06, 0x0b, 0x06, 0x06,
    0x0b, 0x16, 0x05, 0x05, 0x0b, 0x11, 0x05, 0x0c, 0x06, 0x0b, 0x06, 0x12,
    0x05, 0x11, 0x0c, 0x05, 0x06, 0x16, 0x05, 0x0c, 0x05, 0x05, 0x16, 0x05,
    0x06, 0x0b, 0x05, 0x0c, 0x10, 0x05, 0x0c, 0x06, 0x06, 0x23, 0x06, 0x12,
    0x06, 0x05, 0x0c, 0x06, 0x05, 0x16, 0x06, 0x0b, 0x11, 0x0b, 0x05, 0x06,
    0x12, 0x06, 0x06, 0x12, 0x06, 0x05, 0x05, 0x0c, 0x05, 0x06, 0x05, 0x16,
    0x05, 0x06, 0x12, 0x06, 0x06, 0x12, 0x06, 0x06, 0x0b, 0x05, 0x11, 0x05,
    0x0c, 0x05, 0x05, 0x12, 0x06, 0x11, 0x0b, 0x06, 0x05, 0x0b, 0x06, 0x06,
    0x0b, 0x06, 0x05, 0x0b, 0x06, 0x0c, 0x05, 0x06, 0x0b, 0x10, 0x0c, 0x05,
    0x11, 0x0b, 0x05, 0x11, 0x0b, 0x06, 0x06, 0x12, 0x11, 0x06, 0x12, 0x05,
    0x11, 0x0c, 0x0b, 0x11, 0x06, 0x12, 0x06, 0x16, 0x05, 0x16, 0x06, 0x05,
    0x0c, 0x11, 0x05, 0x0c, 0x10, 0x06, 0x0b, 0x06, 0x05, 0x0b, 0x11, 0x0b,
    0x05, 0x0c, 0x06, 0x05, 0x0c, 0x11, 0x05, 0x0c, 0x06, 0x05, 0x12, 0x06,
    0x10, 0x12, 0x06, 0x05, 0x0b, 0x06, 0x05, 0x12, 0x06, 0x0b, 0x0b, 0x06,
    0x10, 0x0b, 0x06, 0x10, 0x0b, 0x06, 0x05, 0x12, 0x06, 0x0b, 0x05, 0x11,
    0x0c, 0x05, 0x0c, 0x11, 0x05, 0x0c, 0x05, 0x05, 0x0c, 0x10, 0x0c, 0x06,
    0x05, 0x0b, 0x11, 0x0b, 0x06, 0x06, 0x12, 0x06, 0x05, 0x05, 0x0c, 0x05,
    0x06, 0x0c, 0x05, 0x11, 0x0b, 0x10, 0x06, 0x0c, 0x05, 0x0b, 0x11, 0x05,
    0x0b, 0x11, 0x0c, 0x05, 0x10, 0x0c, 0x06, 0x06, 0x0b, 0x11, 0x05, 0x0b,
    0x11, 0x05, 0x06, 0x16, 0x05, 0x0b, 0x06, 0x10, 0x0b, 0x06, 0x10, 0x0c,
    0x06, 0x12, 0x06, 0x05, 0x0c, 0x11, 0x05, 0x0c, 0x11, 0x0b, 0x05, 0x06,
    0x12, 0x05, 0x03, 0x05, 0x0c, 0x10, 0x0c, 0x0b, 0x05, 0x11, 0x0b, 0x05,
    0x06, 0x16, 0x05, 0x0c, 0x05, 0x0b, 0x06, 0x0b, 0x11, 0x0c, 0x0b, 0x11,
    0x10, 0x0c, 0x05, 0x06, 0x0b, 0x05, 0x06, 0x0b, 0x10, 0x06, 0x0b, 0x10,
    0x06, 0x0c, 0x05, 0x0c, 0x11, 0x05, 0x0c, 0x11, 0x0b, 0x05, 0x0c, 0x11,
    0x05, 0x16, 0x05, 0x12, 0x11, 0x05, 0x0c, 0x11, 0x05, 0x0b, 0x11, 0x05,
    0x0c, 0x06, 0x05, 0x0c, 0x06, 0x12, 0x06, 0x0b, 0x06, 0x0b, 0x05, 0x0c,
    0x05, 0x05, 0x0c, 0x06, 0x10, 0x0c, 0x05, 0x05, 0x0c, 0x05, 0x05, 0x16,
    0x05, 0x05, 0x0c, 0x10, 0x0b, 0x11, 0x05, 0x0c, 0x06, 0x05, 0x12, 0x06,
    0x06, 0x12, 0x06, 0x0c, 0x10, 0x06, 0x0b, 0x12, 0x06, 0x05, 0x0b, 0x11,
    0x05, 0x0b, 0x06, 0x0c, 0x05, 0x0c, 0x06, 0x10, 0x0c, 0x11, 0x0b, 0x06,
    0x06, 0x0b, 0x11, 0x06, 0x0b, 0x06, 0x11, 0x0b, 0x06, 0x16, 0x05, 0x06,
    0x0c, 0x05, 0x06, 0x12, 0x05, 0x06, 0x0b, 0x10, 0x0c, 0x06, 0x12, 0x06,
    0x06, 0x12, 0x05, 0x06, 0x12, 0x06, 0x06, 0x0b, 0x10, 0x0c, 0x05, 0x0c,
    0x16, 0x05, 0x11, 0x0b, 0x10, 0x16, 0x05, 0x0c, 0x06, 0x0b, 0x11, 0x05,
    0x0c, 0x10, 0x06, 0x0c, 0x10, 0x06, 0x0b, 0x10, 0x0c, 0x05, 0x10, 0x0c,
    0x05, 0x16, 0x06, 0x05, 0x0c, 0x10, 0x05, 0x0c, 0x10, 0x06, 0x0c, 0x05,
    0x06, 0x0c, 0x05, 0x05, 0x0c, 0x10, 0x06, 0x0b, 0x05, 0x16, 0x05, 0x05,
    0x16, 0x05, 0x06, 0x0c, 0x10, 0x0c, 0x05, 0x03, 0x05, 0x06, 0x05, 0x11,
    0x0b, 0x06, 0x11, 0x0b, 0x05, 0x06, 0x05, 0x16, 0x06, 0x10, 0x06, 0x0b,
    0x10, 0x06, 0x05, 0x0c, 0x05, 0x06, 0x12, 0x16, 0x06, 0x10, 0x0c, 0x06,
    0x10, 0x0c, 0x06, 0x0b, 0x05, 0x16, 0x05, 0x05, 0x16, 0x0b, 0x05, 0x11,
    0x0c, 0x05, 0x06, 0x0b, 0x05, 0x0c, 0x06, 0x05, 0x0c, 0x05, 0x10, 0x0c,
    0x06, 0x10, 0x0c, 0x05, 0x12, 0x06, 0x10, 0x0c, 0x05, 0x10, 0x0c, 0x06,
    0x10, 0x0c, 0x11, 0x10, 0x0c, 0x06, 0x12, 0x05, 0x0c, 0x05, 0x0c, 0x10,
    0x06, 0x0c, 0x10, 0x06, 0x0c, 0x05, 0x06, 0x0c, 0x05, 0x06, 0x0b, 0x05,
    0x16, 0x05, 0x06, 0x0b, 0x11, 0x0b, 0x05, 0x06, 0x0b, 0x06, 0x11, 0x05,
    0x0c, 0x11, 0x05, 0x0c, 0x06, 0x12, 0x06, 0x10, 0x0c, 0x05, 0x05, 0x0c,
    0x05, 0x06, 0x12, 0x05, 0x0c, 0x10, 0x05, 0x06, 0x10, 0x0b, 0x06, 0x0b,
    0x05, 0x06, 0x0b, 0x10, 0x0c, 0x05, 0x11, 0x0c, 0x0b, 0x06, 0x06, 0x12,
    0x05, 0x06, 0x0b, 0x10, 0x06, 0x0c, 0x05, 0x06, 0x0b, 0x10, 0x0c, 0x06,
    0x05, 0x0c, 0x10, 0x05, 0x06, 0x0b, 0x11, 0x0c, 0x05, 0x06, 0x0b, 0x05,
    0x11, 0x0b, 0x06, 0x0b, 0x06, 0x10, 0x0c, 0x05, 0x0b, 0x06, 0x06, 0x0b,
    0x11, 0x06, 0x0b, 0x06, 0x05, 0x12, 0x06, 0x05, 0x0c, 0x06, 0x0b, 0x0c,
    0x05, 0x05, 0x0c, 0x10, 0x0b, 0x11, 0x0c, 0x10, 0x0c, 0x05, 0x05, 0x16,
    0x06, 0x05, 0x0c, 0x05, 0x0c, 0x05, 0x05, 0x0c, 0x10, 0x06, 0x0b, 0x06,
    0x23, 0x0c, 0x05, 0x0c, 0x10, 0x06, 0x0b, 0x06, 0x16, 0x0b, 0x06, 0x10,
    0x0b, 0x06, 0x11, 0x0b, 0x06, 0x16, 0x05, 0x05, 0x16, 0x06, 0x05, 0x0b,
    0x06, 0x05, 0x12, 0x06, 0x05, 0x0c, 0x05, 0x11, 0x06, 0x0b, 0x11, 0x06,
    0x0b, 0x11, 0x05, 0x0c, 0x05, 0x05, 0x16, 0x11, 0x05, 0x0b, 0x11, 0x05,
    0x0c, 0x06, 0x0b, 0x06, 0x0b, 0x0b, 0x11, 0x06, 0x0b, 0x06, 0x0b, 0x11,
    0x0b, 0x06, 0x05, 0x0b, 0x06, 0x05, 0x0b, 0x06, 0x05, 0x0b, 0x11, 0x06,
    0x0b, 0x11, 0x06, 0x0b, 0x11, 0x05, 0x0b, 0x11, 0x0b, 0x05, 0x16, 0x10,
    0x05, 0x16, 0x06, 0x05, 0x16, 0x05, 0x0c, 0x10, 0x06, 0x0c, 0x10, 0x06,
    0x12, 0x05, 0x0c, 0x05, 0x05, 0x0c, 0x10, 0x05, 0x0c, 0x10, 0x06, 0x0b,
    0x06, 0x10, 0x16, 0x06, 0x12, 0x06, 0x05, 0x0c, 0x06, 0x10, 0x0c, 0x0c,
    0x05, 0x0c, 0x11, 0x05, 0x0c, 0x11, 0x05, 0x0c, 0x06, 0x10, 0x0b, 0x06,
    0x10, 0x05, 0x0c, 0x11, 0x05, 0x0c, 0x06, 0x05, 0x0b, 0x11, 0x0b, 0x05,
    0x16, 0x06, 0x05, 0x12, 0x06, 0x05, 0x16, 0x06, 0x05, 0x16, 0x05, 0x05,
    0x0c, 0x06, 0x10, 0x0c, 0x06, 0x10, 0x0b, 0x06, 0x11, 0x0b, 0x06, 0x05,
    0x16, 0x05, 0x12, 0x06, 0x05, 0x0c, 0x05, 0x16, 0x06, 0x05, 0x0c, 0x05,
    0x12, 0x06, 0x10, 0x06, 0x16, 0x05, 0x06, 0x16, 0x05, 0x06, 0x0b, 0x10,
    0x06, 0x0c, 0x10, 0x0c, 0x05, 0x11, 0x0c, 0x05, 0x11, 0x16, 0x05, 0x0c,
    0x10, 0x06, 0x0b, 0x11, 0x05, 0x03, 0x05, 0x0c, 0x10, 0x0c, 0x05, 0x05,
    0x06, 0x05, 0x16, 0x06, 0x0b, 0x05, 0x0c, 0x0b, 0x05, 0x06, 0x0c, 0x05,
    0x16, 0x05, 0x0b, 0x11, 0x06, 0x0b, 0x06, 0x0c, 0x10, 0x0b, 0x06, 0x12,
    0x05, 0x0c, 0x05, 0x05, 0x0c, 0x06, 0x05, 0x06, 0x16, 0x05, 0x05, 0x0c,
    0x05, 0x06, 0x16, 0x05, 0x12, 0x11, 0x05, 0x16, 0x06, 0x05, 0x12, 0x06,
    0x05, 0x16, 0x06, 0x05, 0x0c, 0x11, 0x05, 0x0c, 0x11, 0x0b, 0x11, 0x05,
    0x0c, 0x06, 0x10, 0x0b, 0x06, 0x05, 0x0b, 0x11, 0x05, 0x0c, 0x05, 0x06,
    0x0c, 0x05, 0x06, 0x0c, 0x05, 0x05, 0x16, 0x05, 0x06, 0x0c, 0x05, 0x06,
    0x12, 0x05, 0x0c, 0x05, 0x06, 0x0c, 0x10, 0x06, 0x12, 0x06, 0x0c, 0x05,
    0x0c, 0x05, 0x06, 0x0b, 0x06, 0x0b, 0x05, 0x06, 0x0b, 0x05, 0x16, 0x05,
    0x05, 0x16, 0x05, 0x06, 0x12, 0x05, 0x06, 0x0b, 0x10, 0x06, 0x0b, 0x10,
    0x06, 0x0c, 0x05, 0x0c, 0x0c, 0x10, 0x06, 0x0b, 0x05, 0x06, 0x12, 0x11,
    0x06, 0x0b, 0x06, 0x11, 0x0b, 0x06, 0x06, 0x0b, 0x11, 0x0b, 0x05, 0x06,
    0x0b, 0x06, 0x0c, 0x10, 0x05, 0x0c, 0x10, 0x05, 0x0c, 0x06, 0x05, 0x0c,
    0x10, 0x05, 0x0c, 0x05, 0x11, 0x0c, 0x05, 0x06, 0x12, 0x06, 0x05, 0x12,
    0x06, 0x05, 0x16, 0x06, 0x05, 0x0c, 0x10, 0x05, 0x0c, 0x05, 0x10, 0x0c,
    0x05, 0x06, 0x0c, 0x05, 0x05, 0x0c, 0x05, 0x11, 0x0b, 0x05, 0x0c, 0x10,
    0x05, 0x0c, 0x05, 0x06, 0x16, 0x05, 0x0c, 0x05, 0x0c, 0x10, 0x22, 0x05,
    0x06, 0x06, 0x0b, 0x16, 0x11, 0x0b, 0x05, 0x06, 0x12, 0x06, 0x06, 0x10,
    0x0c, 0x10, 0x05, 0x0c, 0x10, 0x06, 0x0c, 0x05, 0x06, 0x12, 0x05, 0x06,
    0x06, 0x0b, 0x11, 0x06, 0x0b, 0x06, 0x11, 0x0b, 0x10, 0x0c, 0x12, 0x05,
    0x0c, 0x10, 0x0c, 0x06, 0x12, 0x05, 0x0c, 0x06, 0x05, 0x0c, 0x05, 0x05,
    0x16, 0x05, 0x06, 0x06, 0x0b, 0x05, 0x06, 0x12, 0x05, 0x06, 0x0b, 0x10,
    0x06, 0x0b, 0x11, 0x0b, 0x06, 0x12, 0x06, 0x06, 0x0b, 0x11, 0x06, 0x0b,
    0x05, 0x06, 0x12, 0x0c, 0x05, 0x10, 0x0c, 0x10, 0x06, 0x0c, 0x0b, 0x06,
    0x12, 0x05, 0x11, 0x0b, 0x06, 0x06, 0x0b, 0x10, 0x0c, 0x05, 0x06, 0x0c,
    0x10, 0x06, 0x0b, 0x10, 0x06, 0x16, 0x10, 0x0b, 0x11, 0x11, 0x0b, 0x06,
    0x11, 0x0b, 0x06, 0x06, 0x12, 0x06, 0x0b, 0x06, 0x05, 0x16, 0x06, 0x05,
    0x16, 0x06, 0x0b, 0x0c, 0x10, 0x05, 0x0c, 0x10, 0x05, 0x0c, 0x05, 0x16,
    0x06, 0x0b, 0x06, 0x0b, 0x05, 0x16, 0x05, 0x05, 0x0c, 0x10, 0x05, 0x0c,
    0x10, 0x06, 0x0c, 0x10, 0x0c, 0x10, 0x05, 0x0c, 0x06, 0x05, 0x16, 0x06,
    0x0b, 0x10, 0x0c, 0x05, 0x16, 0x06, 0x0b, 0x06, 0x12, 0x05, 0x06, 0x0c,
    0x05, 0x16, 0x06, 0x05, 0x16, 0x05, 0x0b, 0x11, 0x05, 0x0c, 0x06, 0x0b,
    0x0c, 0x06, 0x05, 0x0c, 0x12, 0x05, 0x11, 0x12, 0x06, 0x06, 0x12, 0x05,
    0x06, 0x0c, 0x05, 0x06, 0x0b, 0x11, 0x0b, 0x05, 0x06, 0x0b, 0x05, 0x11,
    0x0c, 0x05, 0x0c, 0x24, 0x05, 0x16, 0x05, 0x05, 0x06, 0x0b, 0x11, 0x0c,
    0x05, 0x05, 0x0c, 0x10, 0x06, 0x0c, 0x10, 0x06, 0x0b, 0x05, 0x06, 0x12,
    0x06, 0x05, 0x0c, 0x10, 0x0b, 0x06, 0x10, 0x0b, 0x06, 0x05, 0x12, 0x06,
    0x06, 0x0c, 0x10, 0x06, 0x0c, 0x05, 0x05, 0x0c, 0x11, 0x05, 0x0c, 0x10,
    0x05, 0x0c, 0x06, 0x05, 0x0c, 0x05, 0x12, 0x06, 0x16, 0x05, 0x0c, 0x11,
    0x0b, 0x06, 0x05, 0x0c, 0x06, 0x05, 0x0b, 0x06, 0x06, 0x0b, 0x10, 0x0b,
    0x06, 0x12, 0x05, 0x0c, 0x11, 0x0b, 0x06, 0x11, 0x0b, 0x06, 0x11, 0x0b,
    0x05, 0x11, 0x0b, 0x06, 0x06, 0x0b, 0x06, 0x05, 0x12, 0x06, 0x06, 0x12,
    0x06, 0x06, 0x12, 0x05, 0x0c, 0x05, 0x06, 0x0b, 0x10, 0x06, 0x0b, 0x06,
    0x05, 0x0c, 0x05, 0x05, 0x16, 0x05, 0x05, 0x16, 0x05, 0x06, 0x0c, 0x10,
    0x05, 0x0c, 0x05, 0x0c, 0x05, 0x05, 0x0c, 0x06, 0x10, 0x0c, 0x06, 0x10,
    0x0c, 0x10, 0x06, 0x05, 0x05, 0x16, 0x10, 0x06, 0x06, 0x0b, 0x06, 0x11,
    0x0b, 0x06, 0x0b, 0x11, 0x0b, 0x05, 0x06, 0x0b, 0x06, 0x11, 0x0b, 0x05,
    0x11, 0x0b, 0x05, 0x06, 0x0c, 0x05, 0x11, 0x0b, 0x05, 0x06, 0x0b, 0x11,
    0x05, 0x0c, 0x05, 0x10, 0x0c, 0x05, 0x05, 0x0c, 0x05, 0x06, 0x0c, 0x05,
    0x05, 0x16, 0x05, 0x10, 0x06, 0x12, 0x10, 0x06, 0x0c, 0x05, 0x06, 0x0b,
    0x05, 0x0c, 0x11, 0x0b, 0x06, 0x12, 0x06, 0x11, 0x0b, 0x06, 0x06, 0x12,
    0x06, 0x16, 0x05, 0x06, 0x12, 0x05, 0x06, 0x05, 0x22, 0x06, 0x0b, 0x16,
    0x06, 0x05, 0x05, 0x0c, 0x10, 0x06, 0x0c, 0x10, 0x0b, 0x06, 0x05, 0x0c,
    0x11, 0x05, 0x0c, 0x10, 0x0b, 0x06, 0x16, 0x05, 0x06, 0x16, 0x0b, 0x06,
    0x0b, 0x11, 0x06, 0x0b, 0x0b, 0x06, 0x05, 0x05, 0x06, 0x12, 0x06, 0x05,
    0x12, 0x06, 0x05, 0x0c, 0x11, 0x0b, 0x10, 0x11, 0x0c, 0x05, 0x11, 0x0c,
    0x05, 0x05, 0x16, 0x05, 0x05, 0x0c, 0x10, 0x16, 0x05, 0x16, 0x05, 0x11,
    0x0b, 0x06, 0x11, 0x05, 0x0c, 0x06, 0x05, 0x0b, 0x06, 0x10, 0x0b, 0x06,
    0x05, 0x0b, 0x06, 0x06, 0x0b, 0x06, 0x0b, 0x10, 0x06, 0x10, 0x0c, 0x06,
    0x0b, 0x16, 0x05, 0x0b, 0x06, 0x05, 0x0c, 0x10, 0x05, 0x0c, 0x10, 0x0c,
    0x06, 0x0c, 0x05, 0x06, 0x0b, 0x06, 0x12, 0x06, 0x0c, 0x0b, 0x06, 0x06,
    0x0b, 0x10, 0x06, 0x0b, 0x11, 0x0c, 0x05, 0x10, 0x16, 0x06, 0x10, 0x0b,
    0x06, 0x05, 0x0c, 0x05, 0x06, 0x0b, 0x06, 0x16, 0x0b, 0x06, 0x05, 0x0b,
    0x11, 0x0b, 0x05, 0x06, 0x0b, 0x11, 0x05, 0x0c, 0x06, 0x05, 0x16, 0x05,
    0x05, 0x0c, 0x05, 0x0c, 0x06, 0x10, 0x0c, 0x0b, 0x10, 0x06, 0x0b, 0x06,
    0x11, 0x0b, 0x05, 0x11, 0x0b, 0x06, 0x06, 0x12, 0x06, 0x0c, 0x10, 0x06,
    0x12, 0x0b, 0x06, 0x11, 0x0b, 0x06, 0x0c, 0x0b, 0x06, 0x06, 0x0b, 0x05,
    0x11, 0x0b, 0x06, 0x11, 0x0b, 0x06, 0x05, 0x0b, 0x06, 0x05, 0x0b, 0x11,
    0x0b, 0x05, 0x11, 0x0b, 0x05, 0x06, 0x0b, 0x11, 0x06, 0x0b, 0x11, 0x0c,
    0x05, 0x03, 0x05, 0x06, 0x0b, 0x11, 0x0b, 0x06, 0x05, 0x0b, 0x11, 0x05,
    0x0c, 0x06, 0x12, 0x05, 0x0c, 0x05, 0x16, 0x06, 0x05, 0x06, 0x0b, 0x10,
    0x06, 0x0b, 0x05, 0x11, 0x06, 0x0b, 0x05, 0x11, 0x0c, 0x10, 0x10, 0x0c,
    0x0c, 0x10, 0x05, 0x0c, 0x11, 0x05, 0x0c, 0x05, 0x05, 0x0c, 0x06, 0x05,
    0x0b, 0x0c, 0x10, 0x05, 0x0c, 0x05, 0x06, 0x0c, 0x10, 0x06, 0x0b, 0x06,
    0x05, 0x0b, 0x06, 0x16, 0x05, 0x0b, 0x10, 0x06, 0x0b, 0x11, 0x06, 0x0b,
    0x11, 0x06, 0x0b, 0x06, 0x11, 0x0b, 0x10, 0x0c, 0x05, 0x10, 0x0c, 0x06,
    0x0b, 0x10, 0x0c, 0x10, 0x05, 0x06, 0x06, 0x10, 0x0c, 0x05, 0x10, 0x0c,
    0x06, 0x05, 0x16, 0x05, 0x05, 0x16, 0x05, 0x12, 0x11, 0x06, 0x0b, 0x11,
    0x05, 0x06, 0x12, 0x05, 0x0c, 0x06, 0x0b, 0x05, 0x06, 0x0b, 0x06, 0x06,
    0x0b, 0x06, 0x0c, 0x10, 0x06, 0x0b, 0x11, 0x05, 0x12, 0x06, 0x05, 0x0b,
    0x06, 0x11, 0x0b, 0x06, 0x06, 0x0b, 0x11, 0x16, 0x05, 0x0b, 0x06, 0x10,
    0x0b, 0x06, 0x11, 0x0b, 0x06, 0x16, 0x10, 0x05, 0x0c, 0x10, 0x06, 0x0c,
    0x10, 0x06, 0x0b, 0x10, 0x0c, 0x06, 0x05, 0x16, 0x06, 0x0b, 0x05, 0x11,
    0x0b, 0x05, 0x06, 0x12, 0x06, 0x06, 0x12, 0x05, 0x06, 0x12, 0x05, 0x06,
    0x12, 0x05, 0x06, 0x0c, 0x06, 0x05, 0x12, 0x06, 0x05, 0x16, 0x06, 0x10,
    0x0c, 0x11, 0x05, 0x0c, 0x06, 0x05, 0x0c, 0x10, 0x0c, 0x06, 0x10, 0x0b,
    0x06, 0x0b, 0x05, 0x06, 0x12, 0x0c, 0x22, 0x05, 0x06, 0x05, 0x0b, 0x11,
    0x0c, 0x10, 0x0c, 0x05, 0x05, 0x0c, 0x10, 0x06, 0x0c, 0x05, 0x05, 0x0c,
    0x10, 0x0c, 0x06, 0x10, 0x0c, 0x06, 0x05, 0x0b, 0x06, 0x10, 0x0c, 0x05,
    0x05, 0x0c, 0x06, 0x05, 0x0c, 0x11, 0x05, 0x0c, 0x05, 0x0c, 0x06, 0x12,
    0x06, 0x10, 0x0b, 0x06, 0x11, 0x0b, 0x06, 0x06, 0x0b, 0x11, 0x12, 0x05,
    0x06, 0x0b, 0x11, 0x06, 0x0b, 0x11, 0x06, 0x0b, 0x05, 0x06, 0x0c, 0x05,
    0x0c, 0x0b, 0x10, 0x06, 0x0b, 0x10, 0x06, 0x0b, 0x11, 0x0b, 0x06, 0x06,
    0x12, 0x06, 0x05, 0x16, 0x06, 0x05, 0x0c, 0x06, 0x0b, 0x12, 0x06, 0x05,
    0x0c, 0x11, 0x0b, 0x06, 0x12, 0x06, 0x0c, 0x05, 0x06, 0x12, 0x06, 0x05,
    0x0c, 0x05, 0x05, 0x0c, 0x05, 0x05, 0x16, 0x06, 0x10, 0x10, 0x0c, 0x11,
    0x0b, 0x11, 0x05, 0x12, 0x06, 0x05, 0x0b, 0x05, 0x0c, 0x05, 0x16, 0x06,
    0x05, 0x16, 0x0c, 0x10, 0x05, 0x06, 0x0b, 0x10, 0x0c, 0x05, 0x05, 0x0c,
    0x06, 0x10, 0x0c, 0x06, 0x0b, 0x10, 0x0c, 0x05, 0x05, 0x0c, 0x06, 0x05,
    0x0c, 0x10, 0x0b, 0x06, 0x05, 0x0c, 0x06, 0x05, 0x16, 0x05, 0x05, 0x0c,
    0x05, 0x06, 0x12, 0x06, 0x0c, 0x05, 0x06, 0x12, 0x0b, 0x06, 0x06, 0x0b,
    0x06, 0x06, 0x12, 0x06, 0x06, 0x10, 0x12, 0x06, 0x12, 0x05, 0x0c, 0x06,
    0x0b, 0x05, 0x0c, 0x05, 0x05, 0x16, 0x05, 0x05, 0x16, 0x05, 0x06, 0x12,
    0x06, 0x05, 0x0c, 0x05, 0x11, 0x0b, 0x06, 0x11, 0x0b, 0x05, 0x06, 0x23,
    0x0c, 0x10, 0x0c, 0x05, 0x06, 0x0b, 0x06, 0x11, 0x0b, 0x06, 0x10, 0x0b,
    0x06, 0x10, 0x16, 0x06, 0x05, 0x0b, 0x11, 0x0b, 0x05, 0x0c, 0x10, 0x06,
    0x0c, 0x12, 0x06, 0x06, 0x12, 0x06, 0x0b, 0x10, 0x06, 0x0b, 0x05, 0x06,
    0x12, 0x05, 0x06, 0x12, 0x05, 0x0c, 0x06, 0x12, 0x05, 0x06, 0x12, 0x05,
    0x06, 0x0c, 0x05, 0x06, 0x16, 0x05, 0x0b, 0x06, 0x05, 0x12, 0x06, 0x05,
    0x16, 0x05, 0x11, 0x0c, 0x05, 0x11, 0x06, 0x0b, 0x06, 0x0c, 0x05, 0x0c,
    0x05, 0x05, 0x0c, 0x05, 0x06, 0x12, 0x06, 0x0b, 0x05, 0x11, 0x0b, 0x05,
    0x06, 0x06, 0x12, 0x06, 0x0b, 0x05, 0x06, 0x0b, 0x06, 0x10, 0x0b, 0x06,
    0x10, 0x0c, 0x06, 0x05, 0x0c, 0x11, 0x0b, 0x06, 0x16, 0x05, 0x0c, 0x05,
    0x06, 0x0c, 0x05, 0x05, 0x0c, 0x11, 0x0b, 0x06, 0x12, 0x06, 0x11, 0x12,
    0x06, 0x06, 0x12, 0x05, 0x0c, 0x05, 0x05, 0x0c, 0x06, 0x16, 0x0b, 0x06,
    0x06, 0x12, 0x06, 0x10, 0x0b, 0x05, 0x06, 0x12, 0x06, 0x06, 0x0b, 0x11,
    0x0c, 0x10, 0x0b, 0x06, 0x12, 0x06, 0x06, 0x0b, 0x11, 0x05, 0x0b, 0x11,
    0x06, 0x0b, 0x11, 0x0b, 0x11, 0x05, 0x0b, 0x11, 0x05, 0x0b, 0x11, 0x06,
    0x0b, 0x06, 0x10, 0x0b, 0x11, 0x05, 0x0b, 0x06, 0x0b, 0x06, 0x0c, 0x05,
    0x06, 0x10, 0x0b, 0x06, 0x11, 0x10, 0x0c, 0x05, 0x16, 0x06, 0x0b, 0x06,
    0x0c, 0x10, 0x0b, 0x06, 0x0b, 0x05, 0x11, 0x0b, 0x0c, 0x05, 0x11, 0x0b,
    0x06, 0x12, 0x06, 0x06, 0x22, 0x05, 0x0c, 0x11, 0x05, 0x12, 0x06, 0x05,
    0x0b, 0x16, 0x06, 0x05, 0x0c, 0x05, 0x05, 0x0c, 0x10, 0x06, 0x0c, 0x05,
    0x06, 0x0c, 0x10, 0x0b, 0x06, 0x10, 0x0b, 0x06, 0x05, 0x16, 0x06, 0x05,
    0x16, 0x06, 0x0b, 0x11, 0x0c, 0x05, 0x11, 0x0c, 0x05, 0x06, 0x05, 0x0c,
    0x06, 0x0b, 0x06, 0x0c, 0x10, 0x10, 0x0c, 0x05, 0x05, 0x0c, 0x11, 0x05,
    0x0c, 0x10, 0x0c, 0x05, 0x06, 0x0b, 0x06, 0x10, 0x0b, 0x06, 0x10, 0x0b,
    0x06, 0x10, 0x05, 0x16, 0x06, 0x10, 0x0c, 0x11, 0x0b, 0x05, 0x06, 0x16,
    0x05, 0x06, 0x0c, 0x10, 0x12, 0x06, 0x05, 0x06, 0x16, 0x05, 0x11, 0x0b,
    0x06, 0x10, 0x0c, 0x05, 0x05, 0x16, 0x0b, 0x05, 0x11, 0x0b, 0x05, 0x11,
    0x0b, 0x05, 0x11, 0x0c, 0x05, 0x12, 0x0c, 0x06, 0x05, 0x0b, 0x06, 0x05,
    0x0c, 0x05, 0x0b, 0x06, 0x05, 0x0c, 0x10, 0x06, 0x05, 0x16, 0x06, 0x05,
    0x10, 0x06, 0x05, 0x12, 0x06, 0x05, 0x0c, 0x06, 0x16, 0x05, 0x06, 0x0b,
    0x05, 0x11, 0x0b, 0x05, 0x06, 0x06, 0x0b, 0x11, 0x05, 0x0b, 0x11, 0x05,
    0x0c, 0x06, 0x12, 0x05, 0x0c, 0x05, 0x05, 0x0c, 0x06, 0x05, 0x16, 0x0c,
    0x05, 0x06, 0x12, 0x06, 0x05, 0x0c, 0x11, 0x05, 0x0c, 0x06, 0x12, 0x06,
    0x10, 0x0b, 0x11, 0x05, 0x0c, 0x06, 0x0c, 0x05, 0x0b, 0x06, 0x0b, 0x11,
    0x05, 0x05, 0x16, 0x05, 0x05, 0x16, 0x06, 0x05, 0x16, 0x06, 0x0b, 0x11,
    0x06, 0x0b, 0x06, 0x05, 0x0b, 0x06, 0x05, 0x16, 0x05, 0x03, 0x05, 0x06,
    0x0b, 0x06, 0x0c, 0x10, 0x06, 0x0b, 0x06, 0x10, 0x0c, 0x06, 0x12, 0x06,
    0x0b, 0x05, 0x16, 0x05, 0x05, 0x16, 0x05, 0x06, 0x0c, 0x05, 0x06, 0x0c,
    0x05, 0x12, 0x06, 0x05, 0x0b, 0x06, 0x05, 0x10, 0x0c, 0x05, 0x05, 0x0c,
    0x10, 0x0c, 0x10, 0x10, 0x0c, 0x10, 0x05, 0x0c, 0x06, 0x05, 0x0c, 0x10,
    0x0c, 0x05, 0x05, 0x0c, 0x10, 0x06, 0x0c, 0x05, 0x16, 0x05, 0x0c, 0x05,
    0x0c, 0x05, 0x0c, 0x05, 0x0c, 0x11, 0x0b, 0x05, 0x06, 0x12, 0x05, 0x06,
    0x12, 0x06, 0x0b, 0x06, 0x05, 0x12, 0x06, 0x05, 0x0c, 0x06, 0x12, 0x0b,
    0x06, 0x05, 0x0c, 0x10, 0x0c, 0x05, 0x06, 0x0c, 0x06, 0x10, 0x0c, 0x06,
    0x05, 0x16, 0x05, 0x06, 0x0c, 0x05, 0x05, 0x16, 0x05, 0x06, 0x10, 0x05,
    0x16, 0x11, 0x05, 0x0b, 0x11, 0x06, 0x05, 0x16, 0x05, 0x06, 0x0b, 0x0b,
    0x06, 0x05, 0x12, 0x0c, 0x06, 0x12, 0x0c, 0x05, 0x06, 0x12, 0x05, 0x05,
    0x0c, 0x05, 0x11, 0x0c, 0x0b, 0x06, 0x06, 0x12, 0x06, 0x05, 0x12, 0x06,
    0x06, 0x0b, 0x06, 0x05, 0x12, 0x06, 0x05, 0x0c, 0x11, 0x05, 0x16, 0x05,
    0x06, 0x12, 0x05, 0x06, 0x05, 0x0c, 0x11, 0x0b, 0x05, 0x0c, 0x10, 0x05,
    0x0c, 0x05, 0x05, 0x0c, 0x11, 0x05, 0x0c, 0x05, 0x10, 0x0b, 0x16, 0x05,
    0x11, 0x06, 0x0b, 0x06, 0x0b, 0x06, 0x06, 0x0b, 0x06, 0x10, 0x0b, 0x06,
    0x05, 0x10, 0x0c, 0x05, 0x05, 0x16, 0x05, 0x11, 0x0c, 0x10, 0x06, 0x0c,
    0x0b, 0x05, 0x24, 0x06, 0x0b, 0x10, 0x06, 0x0b, 0x06, 0x11, 0x0b, 0x05,
    0x06, 0x12, 0x05, 0x06, 0x16, 0x05, 0x06, 0x0c, 0x10, 0x06, 0x0b, 0x10,
    0x06, 0x12, 0x05, 0x11, 0x0c, 0x05, 0x06, 0x0b, 0x11, 0x0c, 0x0b, 0x11,
    0x0c, 0x05, 0x11, 0x0c, 0x05, 0x05, 0x0c, 0x0c, 0x05, 0x06, 0x16, 0x05,
    0x10, 0x12, 0x06, 0x05, 0x0c, 0x11, 0x0b, 0x11, 0x0b, 0x05, 0x06, 0x0b,
    0x10, 0x06, 0x0c, 0x10, 0x11, 0x05, 0x16, 0x05, 0x06, 0x10, 0x0c, 0x06,
    0x0b, 0x06, 0x0c, 0x05, 0x06, 0x0b, 0x11, 0x06, 0x12, 0x06, 0x0c, 0x10,
    0x05, 0x0c, 0x06, 0x05, 0x16, 0x05, 0x05, 0x0c, 0x06, 0x10, 0x0b, 0x11,
    0x0b, 0x05, 0x06, 0x0b, 0x05, 0x11, 0x0b, 0x06, 0x12, 0x06, 0x06, 0x12,
    0x06, 0x0b, 0x06, 0x0c, 0x05, 0x05, 0x0c, 0x06, 0x12, 0x06, 0x05, 0x16,
    0x06, 0x0b, 0x11, 0x11, 0x0b, 0x06, 0x11, 0x0b, 0x05, 0x06, 0x0b, 0x06,
    0x06, 0x0b, 0x06, 0x11, 0x12, 0x05, 0x06, 0x0b, 0x10, 0x11, 0x0b, 0x05,
    0x0c, 0x11, 0x0b, 0x0b, 0x11, 0x05, 0x0c, 0x11, 0x0b, 0x06, 0x10, 0x0b,
    0x06, 0x05, 0x0c, 0x12, 0x06, 0x05, 0x16, 0x0c, 0x05, 0x10, 0x0c, 0x05,
    0x06, 0x0c, 0x10, 0x06, 0x0b, 0x16, 0x06, 0x05, 0x0b, 0x06, 0x0c, 0x05,
    0x0c, 0x06, 0x05, 0x05, 0x16, 0x05, 0x10, 0x0c, 0x10, 0x06, 0x12, 0x0c,
    0x05, 0x11, 0x0c, 0x05, 0x0c, 0x06, 0x0b, 0x06, 0x06, 0x0b, 0x05, 0x06,
    0x0b, 0x12, 0x06, 0x05, 0x12, 0x06, 0x06, 0x22, 0x05, 0x0c, 0x11, 0x05,
    0x0b, 0x11, 0x05, 0x0c, 0x06, 0x05, 0x0c, 0x05, 0x06, 0x0b, 0x11, 0x05,
    0x0b, 0x06, 0x0c, 0x05, 0x0c, 0x06, 0x0b, 0x10, 0x0c, 0x05, 0x10, 0x0c,
    0x05, 0x11, 0x05, 0x05, 0x0c, 0x05, 0x05, 0x0c, 0x16, 0x05, 0x06, 0x10,
    0x0c, 0x05, 0x05, 0x0c, 0x06, 0x05, 0x0c, 0x06, 0x0b, 0x05, 0x06, 0x16,
    0x05, 0x06, 0x16, 0x05, 0x0c, 0x05, 0x05, 0x0c, 0x05, 0x0b, 0x06, 0x10,
    0x0c, 0x05, 0x0b, 0x06, 0x10, 0x12, 0x06, 0x05, 0x16, 0x05, 0x0b, 0x06,
    0x05, 0x0b, 0x06, 0x05, 0x0c, 0x10, 0x05, 0x0c, 0x05, 0x11, 0x0c, 0x10,
    0x0b, 0x06, 0x05, 0x0c, 0x10, 0x06, 0x12, 0x06, 0x0c, 0x10, 0x0c, 0x06,
    0x05, 0x0b, 0x11, 0x0b, 0x06, 0x05, 0x16, 0x05, 0x0c, 0x11, 0x0b, 0x05,
    0x06, 0x0b, 0x05, 0x0c, 0x05, 0x05, 0x0c, 0x05, 0x05, 0x0c, 0x10, 0x06,
    0x0c, 0x05, 0x10, 0x06, 0x12, 0x10, 0x0c, 0x06, 0x05, 0x0c, 0x11, 0x0b,
    0x06, 0x06, 0x0b, 0x11, 0x05, 0x06, 0x0b, 0x06, 0x06, 0x0b, 0x10, 0x06,
    0x0b, 0x06, 0x0c, 0x05, 0x16, 0x05, 0x06, 0x0b, 0x06, 0x05, 0x0c, 0x05,
    0x06, 0x12, 0x06, 0x05, 0x12, 0x06, 0x05, 0x16, 0x05, 0x06, 0x05, 0x16,
    0x11, 0x05, 0x0b, 0x11, 0x10, 0x0c, 0x0c, 0x10, 0x06, 0x0c, 0x0b, 0x06,
    0x05, 0x0c, 0x10, 0x06, 0x0b, 0x10, 0x06, 0x0b, 0x11, 0x05, 0x16, 0x05,
    0x10, 0x16, 0x0c, 0x05, 0x11, 0x0c, 0x05, 0x06, 0x0c, 0x10, 0x05, 0x0c,
    0x22, 0x05, 0x06, 0x0c, 0x05, 0x0c, 0x05, 0x12, 0x06, 0x12, 0x11, 0x0c,
    0x10, 0x0b, 0x06, 0x06, 0x12, 0x05, 0x06, 0x12, 0x10, 0x06, 0x0c, 0x05,
    0x06, 0x0c, 0x05, 0x11, 0x0c, 0x0b, 0x05, 0x11, 0x0c, 0x05, 0x11, 0x0b,
    0x05, 0x06, 0x12, 0x06, 0x05, 0x16, 0x06, 0x12, 0x05, 0x0c, 0x06, 0x10,
    0x0c, 0x10, 0x05, 0x0c, 0x05, 0x05, 0x0c, 0x10, 0x06, 0x0c, 0x10, 0x11,
    0x0c, 0x05, 0x0c, 0x06, 0x05, 0x16, 0x06, 0x05, 0x0c, 0x05, 0x06, 0x0b,
    0x11, 0x05, 0x0c, 0x11, 0x05, 0x0c, 0x10, 0x10, 0x0c, 0x0c, 0x05, 0x11,
    0x0b, 0x05, 0x06, 0x0c, 0x05, 0x11, 0x0b, 0x06, 0x0c, 0x05, 0x06, 0x0b,
    0x10, 0x06, 0x0b, 0x05, 0x11, 0x0b, 0x06, 0x05, 0x12, 0x06, 0x06, 0x10,
    0x0b, 0x05, 0x11, 0x0c, 0x05, 0x11, 0x0c, 0x10, 0x11, 0x0b, 0x11, 0x06,
    0x0b, 0x11, 0x0b, 0x05, 0x06, 0x0c, 0x10, 0x0c, 0x06, 0x05, 0x0b, 0x06,
    0x12, 0x05, 0x06, 0x0b, 0x10, 0x06, 0x0b, 0x06, 0x0c, 0x10, 0x05, 0x0c,
    0x10, 0x06, 0x0c, 0x05, 0x10, 0x0c, 0x10, 0x05, 0x0c, 0x06, 0x12, 0x06,
    0x10, 0x0c, 0x11, 0x05, 0x0b, 0x11, 0x06, 0x0b, 0x06, 0x16, 0x05, 0x05,
    0x0c, 0x0c, 0x05, 0x05, 0x0b, 0x06, 0x11, 0x0b, 0x05, 0x06, 0x05, 0x12,
    0x06, 0x05, 0x05, 0x16, 0x06, 0x05, 0x0b, 0x06, 0x06, 0x0b, 0x06, 0x0b,
    0x06, 0x05, 0x0b, 0x06, 0x06, 0x0b, 0x05, 0x11, 0x0b, 0x05, 0x11, 0x05,
    0x0b, 0x11, 0x06, 0x0b, 0x11, 0x24, 0x05, 0x0b, 0x11, 0x05, 0x06, 0x16,
    0x05, 0x05, 0x0c, 0x05, 0x05, 0x0c, 0x11, 0x05, 0x0c, 0x0c, 0x10, 0x06,
    0x0c, 0x05, 0x10, 0x0c, 0x10, 0x05, 0x0c, 0x10, 0x05, 0x0c, 0x06, 0x05,
    0x0c, 0x12, 0x06, 0x06, 0x12, 0x06, 0x05, 0x0c, 0x0b, 0x05, 0x06, 0x0c,
    0x05, 0x11, 0x0b, 0x10, 0x06, 0x0b, 0x11, 0x0c, 0x05, 0x11, 0x0c, 0x0b,
    0x05, 0x06, 0x0b, 0x05, 0x0c, 0x10, 0x10, 0x0c, 0x05, 0x12, 0x06, 0x05,
    0x16, 0x10, 0x0c, 0x06, 0x0b, 0x06, 0x05, 0x16, 0x05, 0x0c, 0x11, 0x0b,
    0x06, 0x06, 0x12, 0x06, 0x0c, 0x10, 0x06, 0x0b, 0x10, 0x06, 0x0c, 0x10,
    0x05, 0x16, 0x05, 0x0c, 0x06, 0x10, 0x0c, 0x06, 0x10, 0x0c, 0x06, 0x10,
    0x0c, 0x06, 0x0b, 0x0b, 0x06, 0x06, 0x0b, 0x05, 0x06, 0x12, 0x05, 0x0c,
    0x06, 0x05, 0x0c, 0x0b, 0x10, 0x06, 0x0c, 0x10, 0x06, 0x0b, 0x10, 0x06,
    0x0b, 0x0c, 0x06, 0x05, 0x11, 0x0b, 0x06, 0x06, 0x0b, 0x06, 0x12, 0x05,
    0x06, 0x0b, 0x16, 0x06, 0x05, 0x12, 0x06, 0x05, 0x0c, 0x06, 0x05, 0x0c,
    0x10, 0x06, 0x0b, 0x05, 0x06, 0x0b, 0x10, 0x06, 0x0b, 0x11, 0x0b, 0x05,
    0x06, 0x0b, 0x06, 0x16, 0x05, 0x05, 0x16, 0x11, 0x0b, 0x06, 0x0b, 0x06,
    0x0c, 0x0b, 0x11, 0x05, 0x0c, 0x06, 0x0b, 0x10, 0x06, 0x0b, 0x11, 0x12,
    0x06, 0x10, 0x0c, 0x10, 0x06, 0x16, 0x05, 0x0c, 0x10, 0x0c, 0x06, 0x05,
    0x06, 0x0c, 0x0b, 0x06, 0x0c, 0x10, 0x05, 0x0c, 0x05, 0x05, 0x03, 0x06,
    0x0b, 0x10, 0x0c, 0x05, 0x06, 0x0c, 0x05, 0x06, 0x16, 0x05, 0x06, 0x0b,
    0x10, 0x05, 0x06, 0x0b, 0x05, 0x06, 0x0c, 0x05, 0x06, 0x16, 0x05, 0x0c,
    0x06, 0x05, 0x12, 0x11, 0x05, 0x0b, 0x06, 0x05, 0x0b, 0x11, 0x0c, 0x05,
    0x11, 0x0c, 0x10, 0x05, 0x0b, 0x06, 0x06, 0x0b, 0x06, 0x0b, 0x05, 0x06,
    0x0b, 0x10, 0x06, 0x0c, 0x10, 0x06, 0x16, 0x10, 0x06, 0x0c, 0x05, 0x06,
    0x0c, 0x10, 0x06, 0x0b, 0x0c, 0x05, 0x05, 0x11, 0x0b, 0x10, 0x0c, 0x06,
    0x05, 0x0b, 0x06, 0x05, 0x0b, 0x06, 0x05, 0x05, 0x0c, 0x05, 0x11, 0x0c,
    0x0b, 0x10, 0x0c, 0x05, 0x06, 0x0b, 0x10, 0x06, 0x0b, 0x11, 0x0b, 0x05,
    0x06, 0x0b, 0x0b, 0x06, 0x05, 0x12, 0x06, 0x05, 0x16, 0x06, 0x10, 0x0c,
    0x06, 0x10, 0x0c, 0x05, 0x05, 0x16, 0x05, 0x06, 0x0b, 0x05, 0x06, 0x0b,
    0x06, 0x16, 0x05, 0x06, 0x0b, 0x10, 0x11, 0x0b, 0x06, 0x12, 0x06, 0x0b,
    0x10, 0x06, 0x0c, 0x05, 0x11, 0x0b, 0x05, 0x06, 0x0c, 0x05, 0x0c, 0x10,
    0x05, 0x16, 0x0b, 0x06, 0x06, 0x12, 0x06, 0x05, 0x16, 0x06, 0x0b, 0x06,
    0x0b, 0x06, 0x06, 0x0b, 0x11, 0x05, 0x0b, 0x11, 0x05, 0x0c, 0x05, 0x05,
    0x0c, 0x11, 0x05, 0x10, 0x0b, 0x06, 0x11, 0x0b, 0x06, 0x10, 0x0c, 0x06,
    0x16, 0x05, 0x06, 0x0b, 0x06, 0x0b, 0x06, 0x05, 0x0b, 0x11, 0x05, 0x0c,
    0x10, 0x05, 0x16, 0x0b, 0x10, 0x06, 0x10, 0x05, 0x0c, 0x11, 0x05, 0x0c,
    0x0c, 0x10, 0x0b, 0x03, 0x06, 0x06, 0x0b, 0x11, 0x0b, 0x10, 0x0c, 0x10,
    0x05, 0x0c, 0x10, 0x06, 0x0c, 0x0b, 0x11, 0x06, 0x0b, 0x11, 0x10, 0x0b,
    0x06, 0x0b, 0x05, 0x11, 0x0b, 0x06, 0x0c, 0x05, 0x06, 0x16, 0x05, 0x11,
    0x0c, 0x05, 0x05, 0x0c, 0x10, 0x05, 0x0c, 0x11, 0x05, 0x16, 0x10, 0x0b,
    0x06, 0x11, 0x0b, 0x11, 0x06, 0x0b, 0x06, 0x05, 0x12, 0x06, 0x05, 0x0b,
    0x06, 0x05, 0x12, 0x06, 0x05, 0x0b, 0x06, 0x06, 0x12, 0x06, 0x06, 0x0b,
    0x06, 0x06, 0x12, 0x05, 0x0c, 0x10, 0x11, 0x0b, 0x06, 0x11, 0x12, 0x0c,
    0x10, 0x05, 0x0c, 0x05, 0x06, 0x06, 0x05, 0x0c, 0x10, 0x0c, 0x06, 0x05,
    0x16, 0x05, 0x05, 0x0c, 0x11, 0x05, 0x0c, 0x10, 0x06, 0x0c, 0x05, 0x11,
    0x05, 0x0b, 0x11, 0x05, 0x0b, 0x11, 0x0b, 0x06, 0x06, 0x12, 0x05, 0x0c,
    0x11, 0x11, 0x0b, 0x11, 0x05, 0x0b, 0x06, 0x12, 0x06, 0x0c, 0x05, 0x05,
    0x0c, 0x05, 0x06, 0x0c, 0x10, 0x0b, 0x11, 0x05, 0x0c, 0x11, 0x05, 0x0c,
    0x10, 0x10, 0x0c, 0x06, 0x0b, 0x11, 0x05, 0x12, 0x06, 0x05, 0x0b, 0x06,
    0x11, 0x0b, 0x05, 0x11, 0x0c, 0x10, 0x05, 0x0c, 0x11, 0x0b, 0x06, 0x11,
    0x0b, 0x06, 0x11, 0x0b, 0x06, 0x05, 0x0b, 0x06, 0x11, 0x0b, 0x05, 0x11,
    0x0b, 0x05, 0x11, 0x0b, 0x05, 0x06, 0x0b, 0x11, 0x06, 0x0b, 0x11, 0x06,
    0x0b, 0x06, 0x0b, 0x06, 0x05, 0x0c, 0x06, 0x05, 0x0c, 0x06, 0x12, 0x0c,
    0x05, 0x10, 0x0c, 0x05, 0x05, 0x11, 0x0c, 0x05, 0x22, 0x05, 0x0b, 0x06,
    0x06, 0x0b, 0x06, 0x11, 0x0b, 0x06, 0x0b, 0x05, 0x11, 0x0b, 0x06, 0x05,
    0x12, 0x06, 0x0c, 0x05, 0x11, 0x0c, 0x05, 0x11, 0x0b, 0x05, 0x11, 0x12,
    0x05, 0x0c, 0x05, 0x05, 0x0c, 0x11, 0x05, 0x0c, 0x10, 0x06, 0x0b, 0x05,
    0x06, 0x0c, 0x05, 0x06, 0x0b, 0x11, 0x05, 0x0b, 0x06, 0x12, 0x06, 0x0c,
    0x10, 0x06, 0x0c, 0x05, 0x0c, 0x06, 0x0b, 0x11, 0x0c, 0x05, 0x12, 0x06,
    0x05, 0x12, 0x06, 0x10, 0x0b, 0x0c, 0x06, 0x05, 0x11, 0x0b, 0x06, 0x05,
    0x0c, 0x10, 0x05, 0x0c, 0x06, 0x05, 0x16, 0x05, 0x12, 0x06, 0x12, 0x06,
    0x05, 0x16, 0x05, 0x0c, 0x06, 0x0b, 0x11, 0x06, 0x0b, 0x11, 0x0b, 0x06,
    0x11, 0x0b, 0x05, 0x16, 0x06, 0x0b, 0x06, 0x0c, 0x05, 0x06, 0x0b, 0x05,
    0x16, 0x06, 0x05, 0x0c, 0x05, 0x05, 0x0c, 0x06, 0x0b, 0x11, 0x05, 0x0c,
    0x05, 0x10, 0x0c, 0x06, 0x10, 0x0c, 0x10, 0x05, 0x0c, 0x06, 0x06, 0x0b,
    0x05, 0x0c, 0x05, 0x11, 0x0c, 0x05, 0x05, 0x11, 0x0b, 0x06, 0x06, 0x0b,
    0x06, 0x11, 0x0b, 0x06, 0x12, 0x05, 0x06, 0x0b, 0x06, 0x10, 0x0c, 0x05,
    0x10, 0x0c, 0x05, 0x0b, 0x06, 0x0b, 0x05, 0x11, 0x0b, 0x11, 0x11, 0x0b,
    0x0c, 0x06, 0x05, 0x0c, 0x06, 0x05, 0x0c, 0x06, 0x05, 0x12, 0x06, 0x0b,
    0x05, 0x11, 0x0b, 0x05, 0x16, 0x05, 0x11, 0x0c, 0x10, 0x05, 0x0c, 0x10,
    0x05, 0x06, 0x0b, 0x06, 0x06, 0x0b, 0x06, 0x0c, 0x0b, 0x10, 0x06, 0x0c,
    0x05, 0x03, 0x05, 0x16, 0x10, 0x05, 0x0c, 0x05, 0x05, 0x0c, 0x11, 0x05,
    0x0c, 0x05, 0x11, 0x0b, 0x06, 0x05, 0x16, 0x05, 0x0b, 0x06, 0x12, 0x06,
    0x0c, 0x05, 0x06, 0x0c, 0x05, 0x06, 0x16, 0x05, 0x0b, 0x06, 0x12, 0x05,
    0x0c, 0x06, 0x0b, 0x11, 0x05, 0x0b, 0x16, 0x05, 0x06, 0x0c, 0x05, 0x0c,
    0x06, 0x05, 0x12, 0x06, 0x05, 0x0b, 0x06, 0x10, 0x12, 0x06, 0x10, 0x0b,
    0x06, 0x06, 0x12, 0x06, 0x06, 0x0b, 0x06, 0x0c, 0x05, 0x10, 0x16, 0x05,
    0x05, 0x0c, 0x06, 0x0b, 0x06, 0x12, 0x06, 0x0b, 0x06, 0x05, 0x0c, 0x06,
    0x05, 0x0c, 0x10, 0x0b, 0x06, 0x06, 0x0b, 0x10, 0x05, 0x0c, 0x10, 0x0c,
    0x05, 0x05, 0x0c, 0x05, 0x05, 0x16, 0x05, 0x05, 0x0c, 0x05, 0x10, 0x0c,
    0x05, 0x16, 0x11, 0x05, 0x0c, 0x05, 0x12, 0x06, 0x11, 0x0b, 0x05, 0x11,
    0x0b, 0x05, 0x06, 0x16, 0x05, 0x06, 0x0b, 0x06, 0x10, 0x0c, 0x06, 0x05,
    0x12, 0x06, 0x05, 0x12, 0x06, 0x11, 0x0b, 0x05, 0x0c, 0x05, 0x0c, 0x0c,
    0x05, 0x10, 0x0c, 0x05, 0x0b, 0x06, 0x10, 0x0c, 0x06, 0x05, 0x0c, 0x11,
    0x0b, 0x05, 0x06, 0x0c, 0x05, 0x06, 0x0c, 0x10, 0x06, 0x0c, 0x10, 0x0c,
    0x05, 0x0b, 0x06, 0x05, 0x0b, 0x11, 0x05, 0x12, 0x06, 0x12, 0x05, 0x16,
    0x05, 0x06, 0x16, 0x05, 0x06, 0x0b, 0x06, 0x05, 0x0c, 0x05, 0x10, 0x0c,
    0x05, 0x0c, 0x11, 0x0b, 0x0c, 0x11, 0x10, 0x0b, 0x06, 0x10, 0x0b, 0x11,
    0x06, 0x05, 0x0c, 0x05, 0x10, 0x0c, 0x23, 0x06, 0x06, 0x0b, 0x11, 0x06,
    0x12, 0x05, 0x0c, 0x10, 0x06, 0x0c, 0x05, 0x0b, 0x11, 0x0c, 0x05, 0x06,
    0x16, 0x05, 0x05, 0x06, 0x12, 0x05, 0x06, 0x12, 0x0b, 0x06, 0x05, 0x16,
    0x06, 0x05, 0x16, 0x06, 0x05, 0x10, 0x0c, 0x05, 0x16, 0x06, 0x05, 0x16,
    0x05, 0x10, 0x16, 0x05, 0x10, 0x0c, 0x06, 0x05, 0x16, 0x05, 0x0c, 0x06,
    0x05, 0x0c, 0x06, 0x05, 0x12, 0x06, 0x05, 0x0b, 0x11, 0x0b, 0x10, 0x06,
    0x0c, 0x05, 0x06, 0x0c, 0x10, 0x0c, 0x05, 0x10, 0x16, 0x05, 0x06, 0x0c,
    0x10, 0x05, 0x16, 0x10, 0x05, 0x0c, 0x06, 0x05, 0x0c, 0x10, 0x0c, 0x06,
    0x10, 0x0c, 0x05, 0x06, 0x0b, 0x11, 0x06, 0x12, 0x06, 0x0b, 0x06, 0x11,
    0x0b, 0x06, 0x11, 0x0b, 0x05, 0x06, 0x0b, 0x05, 0x11, 0x0c, 0x05, 0x05,
    0x0c, 0x05, 0x16, 0x06, 0x05, 0x16, 0x05, 0x0c, 0x05, 0x11, 0x0b, 0x06,
    0x10, 0x0b, 0x0c, 0x05, 0x06, 0x16, 0x05, 0x0c, 0x10, 0x06, 0x0c, 0x10,
    0x06, 0x12, 0x05, 0x11, 0x0c, 0x05, 0x06, 0x16, 0x05, 0x11, 0x0b, 0x05,
    0x16, 0x05, 0x05, 0x16, 0x05, 0x06, 0x12, 0x06, 0x12, 0x05, 0x0c, 0x10,
    0x05, 0x0c, 0x10, 0x06, 0x06, 0x0b, 0x11, 0x0c, 0x05, 0x06, 0x0c, 0x10,
    0x06, 0x0c, 0x05, 0x06, 0x0b, 0x10, 0x0c, 0x05, 0x11, 0x0b, 0x16, 0x05,
    0x11, 0x0c, 0x05, 0x0c, 0x05, 0x05, 0x0c, 0x10, 0x05, 0x0c, 0x06, 0x0b,
    0x06, 0x11, 0x0b, 0x05, 0x11, 0x0b, 0x11, 0x06, 0x0b, 0x11, 0x06, 0x22,
    0x05, 0x0b, 0x06, 0x0b, 0x06, 0x06, 0x12, 0x06, 0x0b, 0x10, 0x06, 0x0c,
    0x10, 0x06, 0x0b, 0x05, 0x06, 0x0c, 0x10, 0x0c, 0x06, 0x05, 0x16, 0x06,
    0x05, 0x11, 0x0b, 0x05, 0x06, 0x0b, 0x10, 0x06, 0x0c, 0x05, 0x16, 0x05,
    0x06, 0x0b, 0x06, 0x06, 0x0b, 0x06, 0x05, 0x0c, 0x06, 0x10, 0x0b, 0x06,
    0x11, 0x0b, 0x06, 0x10, 0x12, 0x0c, 0x05, 0x06, 0x0c, 0x10, 0x06, 0x0c,
    0x05, 0x06, 0x0c, 0x10, 0x05, 0x16, 0x05, 0x05, 0x0c, 0x06, 0x10, 0x0c,
    0x06, 0x05, 0x0b, 0x06, 0x10, 0x0c, 0x06, 0x0b, 0x06, 0x12, 0x06, 0x10,
    0x0c, 0x05, 0x10, 0x0c, 0x05, 0x06, 0x16, 0x05, 0x05, 0x16, 0x05, 0x0b,
    0x06, 0x11, 0x0b, 0x05, 0x0c, 0x10, 0x06, 0x0c, 0x05, 0x11, 0x0c, 0x05,
    0x05, 0x0c, 0x11, 0x05, 0x0c, 0x11, 0x05, 0x0b, 0x06, 0x0b, 0x06, 0x11,
    0x0b, 0x05, 0x0c, 0x11, 0x0b, 0x06, 0x06, 0x12, 0x05, 0x0c, 0x05, 0x06,
    0x0b, 0x06, 0x0b, 0x05, 0x06, 0x0c, 0x05, 0x11, 0x05, 0x0b, 0x11, 0x05,
    0x0b, 0x06, 0x06, 0x0b, 0x06, 0x06, 0x12, 0x06, 0x0b, 0x06, 0x05, 0x0c,
    0x10, 0x06, 0x0c, 0x10, 0x06, 0x0c, 0x05, 0x0b, 0x11, 0x05, 0x0b, 0x11,
    0x05, 0x0b, 0x11, 0x0b, 0x05, 0x06, 0x0b, 0x11, 0x06, 0x0b, 0x06, 0x05,
    0x0c, 0x05, 0x06, 0x05, 0x16, 0x05, 0x05, 0x16, 0x06, 0x10, 0x0c, 0x06,
    0x05, 0x05, 0x11, 0x0b, 0x05, 0x06, 0x0b, 0x06, 0x06, 0x0b, 0x0b, 0x06,
    0x10, 0x0b, 0x0c, 0x05, 0x03, 0x05, 0x06, 0x16, 0x05, 0x0b, 0x06, 0x06,
    0x0b, 0x06, 0x0b, 0x10, 0x06, 0x0b, 0x06, 0x10, 0x12, 0x06, 0x05, 0x0b,
    0x11, 0x0b, 0x05, 0x0c, 0x0b, 0x06, 0x11, 0x0b, 0x06, 0x11, 0x0b, 0x05,
    0x06, 0x0b, 0x06, 0x05, 0x16, 0x05, 0x05, 0x16, 0x05, 0x05, 0x16, 0x06,
    0x0b, 0x06, 0x0b, 0x05, 0x16, 0x05, 0x0b, 0x06, 0x06, 0x0b, 0x10, 0x06,
    0x12, 0x05, 0x0c, 0x10, 0x0b, 0x11, 0x05, 0x0c, 0x06, 0x0b, 0x06, 0x16,
    0x05, 0x05, 0x16, 0x05, 0x0b, 0x06, 0x11, 0x0b, 0x05, 0x0c, 0x05, 0x05,
    0x0c, 0x06, 0x05, 0x0b, 0x11, 0x0c, 0x05, 0x06, 0x0b, 0x05, 0x0c, 0x05,
    0x11, 0x0c, 0x05, 0x06, 0x0b, 0x06, 0x10, 0x0c, 0x06, 0x05, 0x0b, 0x11,
    0x0b, 0x05, 0x16, 0x06, 0x10, 0x0c, 0x0b, 0x05, 0x11, 0x0b, 0x06, 0x10,
    0x0c, 0x10, 0x05, 0x0c, 0x05, 0x10, 0x0c, 0x05, 0x05, 0x16, 0x05, 0x06,
    0x11, 0x0b, 0x06, 0x10, 0x12, 0x06, 0x06, 0x12, 0x05, 0x16, 0x05, 0x0c,
    0x06, 0x0b, 0x06, 0x16, 0x05, 0x0b, 0x11, 0x0b, 0x11, 0x05, 0x0b, 0x06,
    0x11, 0x0b, 0x11, 0x0c, 0x05, 0x05, 0x0c, 0x05, 0x05, 0x0c, 0x11, 0x05,
    0x0c, 0x05, 0x0c, 0x06, 0x05, 0x0c, 0x11, 0x05, 0x0c, 0x11, 0x0b, 0x05,
    0x11, 0x0b, 0x06, 0x11, 0x0b, 0x12, 0x06, 0x05, 0x0c, 0x06, 0x0b, 0x05,
    0x06, 0x12, 0x06, 0x0b, 0x11, 0x0c, 0x0b, 0x11, 0x05, 0x16, 0x10, 0x0b,
    0x11, 0x06, 0x0b, 0x11, 0x05, 0x0c, 0x06, 0x05, 0x0b, 0x03, 0x06, 0x0b,
    0x11, 0x05, 0x12, 0x11, 0x05, 0x12, 0x06, 0x06, 0x0b, 0x11, 0x0b, 0x06,
    0x06, 0x0b, 0x16, 0x05, 0x06, 0x0c, 0x10, 0x06, 0x05, 0x12, 0x06, 0x0b,
    0x05, 0x16, 0x05, 0x0c, 0x11, 0x0b, 0x10, 0x06, 0x0c, 0x05, 0x16, 0x06,
    0x0b, 0x11, 0x05, 0x0c, 0x10, 0x05, 0x16, 0x06, 0x05, 0x0c, 0x06, 0x10,
    0x0b, 0x06, 0x06, 0x0b, 0x06, 0x05, 0x0c, 0x06, 0x05, 0x0c, 0x10, 0x0b,
    0x06, 0x10, 0x05, 0x0c, 0x10, 0x0c, 0x06, 0x05, 0x0c, 0x10, 0x0b, 0x06,
    0x11, 0x0b, 0x11, 0x06, 0x12, 0x10, 0x06, 0x0c, 0x05, 0x06, 0x12, 0x06,
    0x0c, 0x10, 0x11, 0x0b, 0x05, 0x0c, 0x10, 0x06, 0x16, 0x05, 0x0b, 0x06,
    0x10, 0x0c, 0x05, 0x11, 0x0c, 0x05, 0x05, 0x0c, 0x05, 0x06, 0x16, 0x05,
    0x06, 0x0b, 0x06, 0x0b, 0x06, 0x06, 0x0b, 0x11, 0x0c, 0x05, 0x06, 0x16,
    0x05, 0x06, 0x0b, 0x0b, 0x06, 0x05, 0x0c, 0x06, 0x05, 0x0c, 0x10, 0x06,
    0x0c, 0x10, 0x06, 0x0b, 0x10, 0x06, 0x0b, 0x10, 0x06, 0x0c, 0x05, 0x11,
    0x0b, 0x06, 0x16, 0x05, 0x05, 0x0c, 0x05, 0x05, 0x16, 0x05, 0x16, 0x06,
    0x12, 0x05, 0x0c, 0x10, 0x05, 0x0c, 0x10, 0x11, 0x0b, 0x05, 0x16, 0x05,
    0x05, 0x0c, 0x06, 0x10, 0x0c, 0x05, 0x0b, 0x11, 0x05, 0x0c, 0x06, 0x10,
    0x12, 0x06, 0x05, 0x16, 0x06, 0x05, 0x0c, 0x05, 0x05, 0x16, 0x05, 0x06,
    0x0b, 0x06, 0x06, 0x0b, 0x06, 0x0b, 0x10, 0x06, 0x0b, 0x11, 0x05, 0x16,
    0x05, 0x06, 0x23, 0x05, 0x0c, 0x05, 0x06, 0x0c, 0x05, 0x0c, 0x05, 0x11,
    0x0b, 0x06, 0x05, 0x16, 0x05, 0x06, 0x0c, 0x05, 0x11, 0x0b, 0x05, 0x06,
    0x16, 0x05, 0x06, 0x11, 0x05, 0x0c, 0x05, 0x05, 0x06, 0x0c, 0x10, 0x0c,
    0x05, 0x10, 0x0c, 0x05, 0x05, 0x0c, 0x11, 0x0b, 0x06, 0x05, 0x0c, 0x05,
    0x11, 0x0b, 0x05, 0x11, 0x0c, 0x05, 0x12, 0x11, 0x0c, 0x05, 0x11, 0x12,
    0x05, 0x06, 0x0c, 0x05, 0x06, 0x16, 0x05, 0x0c, 0x05, 0x05, 0x16, 0x05,
    0x05, 0x16, 0x06, 0x05, 0x0c, 0x05, 0x0b, 0x06, 0x06, 0x0b, 0x05, 0x16,
    0x05, 0x06, 0x12, 0x05, 0x06, 0x0b, 0x06, 0x06, 0x12, 0x06, 0x05, 0x0b,
    0x06, 0x05, 0x16, 0x06, 0x0b, 0x10, 0x0c, 0x05, 0x05, 0x0c, 0x11, 0x05,
    0x0c, 0x10, 0x0b, 0x06, 0x10, 0x0c, 0x11, 0x05, 0x12, 0x06, 0x0b, 0x05,
    0x11, 0x0b, 0x06, 0x0b, 0x06, 0x11, 0x0b, 0x06, 0x11, 0x0b, 0x10, 0x16,
    0x05, 0x0c, 0x05, 0x0b, 0x06, 0x05, 0x0c, 0x05, 0x06, 0x12, 0x06, 0x06,
    0x0b, 0x05, 0x06, 0x16, 0x05, 0x05, 0x0c, 0x06, 0x12, 0x06, 0x0b, 0x11,
    0x05, 0x0c, 0x05, 0x06, 0x16, 0x05, 0x06, 0x0c, 0x05, 0x16, 0x05, 0x06,
    0x0b, 0x06, 0x11, 0x0b, 0x06, 0x12, 0x05, 0x05, 0x0c, 0x11, 0x05, 0x0c,
    0x05, 0x05, 0x0c, 0x06, 0x05, 0x0c, 0x05, 0x10, 0x0c, 0x10, 0x0c, 0x06,
    0x10, 0x0c, 0x05, 0x05, 0x11, 0x0b, 0x05, 0x06, 0x0c, 0x05, 0x06, 0x0b,
    0x06, 0x0c, 0x05, 0x05, 0x0c, 0x11, 0x05, 0x24, 0x05, 0x06, 0x12, 0x06,
    0x05, 0x0c, 0x05, 0x06, 0x12, 0x06, 0x05, 0x0c, 0x05, 0x12, 0x05, 0x06,
    0x0b, 0x06, 0x11, 0x0b, 0x05, 0x0c, 0x0b, 0x06, 0x0b, 0x11, 0x06, 0x12,
    0x06, 0x0b, 0x10, 0x06, 0x0c, 0x05, 0x11, 0x0c, 0x05, 0x10, 0x0c, 0x05,
    0x05, 0x16, 0x06, 0x0b, 0x06, 0x10, 0x0c, 0x05, 0x0b, 0x06, 0x06, 0x05,
    0x0b, 0x06, 0x05, 0x0c, 0x06, 0x12, 0x05, 0x11, 0x0b, 0x06, 0x05, 0x16,
    0x06, 0x05, 0x0c, 0x11, 0x0b, 0x06, 0x05, 0x0c, 0x10, 0x06, 0x0c, 0x10,
    0x0b, 0x06, 0x06, 0x0b, 0x11, 0x0b, 0x06, 0x0c, 0x05, 0x10, 0x0c, 0x05,
    0x0b, 0x06, 0x11, 0x0b, 0x0c, 0x10, 0x05, 0x0c, 0x06, 0x05, 0x0c, 0x11,
    0x0b, 0x06, 0x12, 0x05, 0x0c, 0x11, 0x05, 0x0c, 0x05, 0x05, 0x0c, 0x05,
    0x10, 0x0c, 0x06, 0x10, 0x0c, 0x05, 0x11, 0x0b, 0x05, 0x11, 0x0b, 0x05,
    0x11, 0x0c, 0x05, 0x06, 0x05, 0x12, 0x06, 0x11, 0x0b, 0x10, 0x06, 0x0b,
    0x11, 0x05, 0x0c, 0x10, 0x06, 0x0c, 0x10, 0x05, 0x0c, 0x05, 0x11, 0x0b,
    0x05, 0x06, 0x12, 0x06, 0x0c, 0x10, 0x06, 0x0b, 0x05, 0x06, 0x0b, 0x10,
    0x06, 0x0c, 0x05, 0x06, 0x0b, 0x0c, 0x10, 0x05, 0x0c, 0x06, 0x06, 0x12,
    0x06, 0x0b, 0x05, 0x11, 0x0c, 0x05, 0x16, 0x10, 0x05, 0x0c, 0x0c, 0x10,
    0x0c, 0x05, 0x05, 0x16, 0x05, 0x0c, 0x11, 0x0b, 0x06, 0x16, 0x05, 0x16,
    0x10, 0x05, 0x16, 0x11, 0x05, 0x12, 0x06, 0x05, 0x16, 0x05, 0x0b, 0x06,
    0x22, 0x06, 0x0b, 0x11, 0x0b, 0x10, 0x11, 0x0c, 0x05, 0x0c, 0x10, 0x0c,
    0x06, 0x10, 0x0c, 0x06, 0x10, 0x0b, 0x06, 0x06, 0x12, 0x06, 0x05, 0x11,
    0x0b, 0x05, 0x0c, 0x05, 0x11, 0x0c, 0x05, 0x05, 0x0c, 0x05, 0x12, 0x06,
    0x0b, 0x06, 0x11, 0x0b, 0x06, 0x05, 0x16, 0x05, 0x05, 0x16, 0x06, 0x05,
    0x16, 0x06, 0x12, 0x06, 0x0c, 0x10, 0x05, 0x16, 0x05, 0x06, 0x0c, 0x05,
    0x11, 0x0b, 0x05, 0x0c, 0x10, 0x05, 0x0c, 0x10, 0x05, 0x0c, 0x11, 0x05,
    0x0b, 0x11, 0x05, 0x0c, 0x11, 0x10, 0x0b, 0x11, 0x06, 0x0b, 0x10, 0x06,
    0x0b, 0x11, 0x0c, 0x10, 0x11, 0x0b, 0x06, 0x05, 0x16, 0x06, 0x05, 0x16,
    0x05, 0x10, 0x0c, 0x05, 0x05, 0x11, 0x0c, 0x05, 0x05, 0x0c, 0x05, 0x11,
    0x0c, 0x10, 0x0c, 0x06, 0x0b, 0x06, 0x06, 0x0b, 0x11, 0x0b, 0x06, 0x06,
    0x12, 0x06, 0x0b, 0x06, 0x05, 0x0b, 0x06, 0x12, 0x06, 0x0c, 0x05, 0x06,
    0x0c, 0x10, 0x0c, 0x06, 0x12, 0x06, 0x0c, 0x05, 0x0b, 0x10, 0x0c, 0x06,
    0x12, 0x05, 0x0c, 0x06, 0x10, 0x0c, 0x05, 0x05, 0x0c, 0x05, 0x05, 0x16,
    0x0c, 0x10, 0x06, 0x0c, 0x10, 0x05, 0x0c, 0x10, 0x10, 0x0c, 0x06, 0x05,
    0x0b, 0x11, 0x05, 0x0b, 0x06, 0x11, 0x0b, 0x05, 0x0c, 0x10, 0x06, 0x0c,
    0x05, 0x10, 0x0c, 0x05, 0x11, 0x0c, 0x05, 0x06, 0x0b, 0x05, 0x06, 0x0b,
    0x05, 0x06, 0x0b, 0x06, 0x06, 0x0b, 0x05, 0x0c, 0x05, 0x06, 0x12, 0x06,
    0x0c, 0x10, 0x06, 0x0b, 0x11, 0x22, 0x05, 0x06, 0x0c, 0x05, 0x0c, 0x05,
    0x10, 0x0c, 0x05, 0x05, 0x16, 0x05, 0x06, 0x0b, 0x11, 0x0c, 0x10, 0x0b,
    0x05, 0x06, 0x16, 0x05, 0x06, 0x11, 0x0b, 0x05, 0x0c, 0x05, 0x12, 0x06,
    0x16, 0x05, 0x06, 0x0c, 0x05, 0x05, 0x16, 0x05, 0x0c, 0x06, 0x12, 0x06,
    0x05, 0x0c, 0x0b, 0x05, 0x06, 0x0b, 0x10, 0x05, 0x0c, 0x10, 0x06, 0x0c,
    0x12, 0x05, 0x05, 0x16, 0x05, 0x0c, 0x11, 0x05, 0x0c, 0x05, 0x0c, 0x11,
    0x05, 0x0b, 0x06, 0x12, 0x06, 0x0c, 0x05, 0x0b, 0x05, 0x06, 0x0c, 0x05,
    0x0b, 0x06, 0x05, 0x0c, 0x10, 0x05, 0x0c, 0x05, 0x06, 0x0b, 0x06, 0x12,
    0x05, 0x06, 0x0b, 0x06, 0x0c, 0x05, 0x06, 0x16, 0x05, 0x05, 0x0c, 0x11,
    0x05, 0x16, 0x06, 0x0b, 0x05, 0x06, 0x0b, 0x10, 0x11, 0x0b, 0x05, 0x16,
    0x05, 0x05, 0x0c, 0x05, 0x0b, 0x06, 0x11, 0x0b, 0x11, 0x0c, 0x05, 0x10,
    0x0c, 0x05, 0x10, 0x0c, 0x05, 0x05, 0x0c, 0x05, 0x05, 0x0c, 0x10, 0x05,
    0x0c, 0x06, 0x05, 0x05, 0x0c, 0x06, 0x10, 0x0c, 0x05, 0x06, 0x16, 0x05,
    0x06, 0x16, 0x05, 0x06, 0x0b, 0x05, 0x11, 0x0b, 0x06, 0x0b, 0x06, 0x0c,
    0x05, 0x06, 0x12, 0x06, 0x06, 0x12, 0x06, 0x0b, 0x10, 0x06, 0x0c, 0x10,
    0x06, 0x0c, 0x05, 0x05, 0x0c, 0x06, 0x0b, 0x11, 0x05, 0x05, 0x0c, 0x11,
    0x0b, 0x06, 0x11, 0x12, 0x06, 0x11, 0x0b, 0x05, 0x11, 0x0b, 0x06, 0x11,
    0x0b, 0x06, 0x0b, 0x06, 0x05, 0x0b, 0x06, 0x06, 0x0b, 0x0c, 0x03, 0x05,
    0x0b, 0x11, 0x05, 0x0c, 0x06, 0x05, 0x16, 0x06, 0x05, 0x0b, 0x11, 0x0b,
    0x05, 0x06, 0x0b, 0x06, 0x11, 0x0b, 0x05, 0x0c, 0x0b, 0x05, 0x16, 0x06,
    0x10, 0x06, 0x0b, 0x06, 0x06, 0x12, 0x05, 0x06, 0x16, 0x05, 0x06, 0x0b,
    0x05, 0x11, 0x0b, 0x05, 0x06, 0x16, 0x05, 0x11, 0x0c, 0x05, 0x06, 0x0c,
    0x05, 0x05, 0x0c, 0x05, 0x06, 0x0c, 0x05, 0x11, 0x0b, 0x05, 0x06, 0x0b,
    0x11, 0x05, 0x0c, 0x10, 0x0c, 0x06, 0x05, 0x0c, 0x05, 0x10, 0x06, 0x0c,
    0x10, 0x06, 0x0b, 0x11, 0x05, 0x0c, 0x10, 0x06, 0x0c, 0x05, 0x11, 0x0b,
    0x06, 0x05, 0x0c, 0x11, 0x05, 0x0c, 0x10, 0x05, 0x16, 0x05, 0x05, 0x0c,
    0x10, 0x0c, 0x0c, 0x05, 0x05, 0x0c, 0x05, 0x11, 0x0b, 0x06, 0x10, 0x0c,
    0x06, 0x05, 0x0c, 0x10, 0x06, 0x0c, 0x10, 0x06, 0x16, 0x05, 0x05, 0x0c,
    0x05, 0x10, 0x0c, 0x06, 0x05, 0x0c, 0x06, 0x10, 0x0c, 0x10, 0x11, 0x0c,
    0x10, 0x06, 0x0c, 0x05, 0x10, 0x0c, 0x11, 0x0b, 0x11, 0x05, 0x0b, 0x06,
    0x10, 0x0b, 0x06, 0x0b, 0x10, 0x06, 0x0b, 0x11, 0x06, 0x0b, 0x06, 0x05,
    0x12, 0x06, 0x05, 0x12, 0x11, 0x0b, 0x06, 0x05, 0x12, 0x06, 0x06, 0x0b,
    0x06, 0x06, 0x0b, 0x0b, 0x06, 0x10, 0x0c, 0x05, 0x12, 0x11, 0x05, 0x0c,
    0x06, 0x12, 0x0b, 0x06, 0x05, 0x12, 0x06, 0x05, 0x0b, 0x06, 0x11, 0x0b,
    0x06, 0x12, 0x05, 0x06, 0x12, 0x06, 0x05, 0x16, 0x05, 0x11, 0x0b, 0x10,
    0x06, 0x12, 0x05, 0x03, 0x06, 0x0b, 0x11, 0x05, 0x0b, 0x11, 0x0b, 0x05,
    0x16, 0x06, 0x05, 0x0c, 0x11, 0x05, 0x0c, 0x10, 0x05, 0x0c, 0x11, 0x05,
    0x11, 0x06, 0x0b, 0x05, 0x0c, 0x06, 0x10, 0x0c, 0x05, 0x05, 0x0c, 0x05,
    0x12, 0x06, 0x10, 0x0c, 0x06, 0x10, 0x0c, 0x05, 0x06, 0x12, 0x05, 0x06,
    0x12, 0x05, 0x11, 0x16, 0x05, 0x16, 0x06, 0x12, 0x05, 0x11, 0x0b, 0x06,
    0x06, 0x0b, 0x11, 0x05, 0x0c, 0x05, 0x11, 0x0b, 0x05, 0x06, 0x12, 0x06,
    0x06, 0x12, 0x05, 0x0c, 0x10, 0x06, 0x0c, 0x12, 0x05, 0x06, 0x16, 0x05,
    0x0b, 0x11, 0x0c, 0x05, 0x16, 0x05, 0x12, 0x06, 0x05, 0x0c, 0x06, 0x0b,
    0x06, 0x11, 0x0b, 0x06, 0x10, 0x0b, 0x06, 0x11, 0x12, 0x06, 0x0b, 0x06,
    0x10, 0x0c, 0x05, 0x16, 0x05, 0x0b, 0x06, 0x06, 0x0b, 0x05, 0x0c, 0x05,
    0x10, 0x0c, 0x06, 0x12, 0x06, 0x06, 0x0b, 0x10, 0x0c, 0x10, 0x0b, 0x06,
    0x0c, 0x05, 0x0c, 0x05, 0x0b, 0x06, 0x12, 0x06, 0x06, 0x0b, 0x06, 0x05,
    0x16, 0x0c, 0x05, 0x16, 0x06, 0x05, 0x16, 0x06, 0x05, 0x0c, 0x05, 0x0b,
    0x11, 0x0b, 0x11, 0x06, 0x0b, 0x06, 0x11, 0x0b, 0x06, 0x05, 0x0c, 0x10,
    0x06, 0x0b, 0x05, 0x11, 0x0b, 0x11, 0x06, 0x12, 0x06, 0x05, 0x0c, 0x10,
    0x06, 0x0c, 0x05, 0x10, 0x0c, 0x05, 0x06, 0x16, 0x05, 0x06, 0x0c, 0x10,
    0x0c, 0x05, 0x0b, 0x06, 0x05, 0x0c, 0x06, 0x0b, 0x06, 0x0b, 0x05, 0x11,
    0x0b, 0x06, 0x0c, 0x10, 0x0c, 0x06, 0x05, 0x0b, 0x03, 0x05, 0x06, 0x0c,
    0x05, 0x11, 0x0c, 0x05, 0x05, 0x0c, 0x10, 0x06, 0x0b, 0x06, 0x12, 0x06,
    0x06, 0x0b, 0x0b, 0x06, 0x0b, 0x10, 0x06, 0x0c, 0x10, 0x05, 0x0c, 0x12,
    0x06, 0x10, 0x16, 0x06, 0x05, 0x0c, 0x05, 0x0b, 0x16, 0x05, 0x0c, 0x05,
    0x11, 0x0c, 0x0b, 0x06, 0x06, 0x0b, 0x05, 0x0c, 0x05, 0x05, 0x0c, 0x11,
    0x05, 0x0c, 0x05, 0x10, 0x0c, 0x05, 0x16, 0x06, 0x0b, 0x16, 0x05, 0x0c,
    0x06, 0x05, 0x12, 0x06, 0x0b, 0x11, 0x06, 0x0b, 0x06, 0x0b, 0x05, 0x06,
    0x0b, 0x06, 0x05, 0x0c, 0x05, 0x10, 0x0c, 0x05, 0x05, 0x06, 0x0c, 0x05,
    0x10, 0x0c, 0x05, 0x10, 0x0c, 0x05, 0x05, 0x0c, 0x11, 0x05, 0x0c, 0x05,
    0x05, 0x0c, 0x10, 0x06, 0x0b, 0x06, 0x05, 0x0c, 0x05, 0x06, 0x12, 0x11,
    0x05, 0x16, 0x05, 0x06, 0x16, 0x05, 0x05, 0x0c, 0x10, 0x05, 0x0c, 0x06,
    0x05, 0x0c, 0x06, 0x10, 0x0b, 0x06, 0x10, 0x0c, 0x05, 0x06, 0x0b, 0x10,
    0x06, 0x0b, 0x12, 0x06, 0x05, 0x05, 0x06, 0x05, 0x12, 0x06, 0x0b, 0x05,
    0x11, 0x0b, 0x11, 0x06, 0x0b, 0x05, 0x06, 0x0b, 0x10, 0x0c, 0x05, 0x0c,
    0x06, 0x05, 0x0c, 0x10, 0x0c, 0x06, 0x0b, 0x16, 0x05, 0x0b, 0x05, 0x11,
    0x0b, 0x06, 0x11, 0x0b, 0x05, 0x06, 0x0c, 0x05, 0x0c, 0x10, 0x05, 0x06,
    0x05, 0x12, 0x06, 0x05, 0x0c, 0x11, 0x05, 0x16, 0x05, 0x10, 0x0c, 0x10,
    0x06, 0x16, 0x05, 0x0c, 0x06, 0x05, 0x0b, 0x06, 0x05, 0x0c, 0x10, 0x06,
    0x0c, 0x22, 0x05, 0x0c, 0x10, 0x0b, 0x06, 0x06, 0x12, 0x06, 0x06, 0x0b,
    0x10, 0x06, 0x0b, 0x05, 0x11, 0x0c, 0x05, 0x11, 0x0c, 0x05, 0x0b, 0x06,
    0x10, 0x0c, 0x05, 0x05, 0x0c, 0x05, 0x06, 0x0b, 0x11, 0x06, 0x0b, 0x11,
    0x06, 0x05, 0x06, 0x0b, 0x10, 0x06, 0x0b, 0x10, 0x06, 0x0c, 0x10, 0x06,
    0x0c, 0x05, 0x05, 0x0c, 0x05, 0x06, 0x0c, 0x05, 0x16, 0x05, 0x05, 0x0c,
    0x05, 0x05, 0x06, 0x10, 0x0b, 0x06, 0x16, 0x05, 0x06, 0x0b, 0x05, 0x0c,
    0x11, 0x05, 0x16, 0x06, 0x10, 0x0c, 0x10, 0x11, 0x0b, 0x06, 0x06, 0x0b,
    0x11, 0x0b, 0x06, 0x11, 0x0b, 0x06, 0x16, 0x05, 0x06, 0x16, 0x05, 0x0b,
    0x11, 0x0b, 0x06, 0x0c, 0x10, 0x06, 0x0b, 0x06, 0x10, 0x0c, 0x10, 0x0c,
    0x10, 0x06, 0x0c, 0x05, 0x0b, 0x06, 0x12, 0x06, 0x05, 0x0c, 0x06, 0x05,
    0x16, 0x06, 0x0b, 0x12, 0x11, 0x05, 0x0b, 0x06, 0x11, 0x0b, 0x05, 0x11,
    0x0b, 0x11, 0x06, 0x0b, 0x06, 0x06, 0x12, 0x06, 0x06, 0x12, 0x0c, 0x05,
    0x11, 0x0c, 0x05, 0x06, 0x0c, 0x05, 0x0b, 0x06, 0x11, 0x0b, 0x06, 0x11,
    0x0b, 0x06, 0x10, 0x0b, 0x11, 0x05, 0x12, 0x06, 0x05, 0x0b, 0x06, 0x11,
    0x05, 0x06, 0x0c, 0x05, 0x0b, 0x06, 0x05, 0x0b, 0x11, 0x0b, 0x10, 0x06,
    0x0b, 0x11, 0x0c, 0x0b, 0x06, 0x0c, 0x05, 0x11, 0x0b, 0x05, 0x06, 0x0c,
    0x05, 0x0c, 0x06, 0x10, 0x0b, 0x06, 0x05, 0x12, 0x06, 0x11, 0x12, 0x06,
    0x10, 0x0c, 0x05, 0x12, 0x06, 0x05, 0x23, 0x06, 0x05, 0x16, 0x05, 0x0b,
    0x11, 0x0b, 0x06, 0x10, 0x0c, 0x0c, 0x10, 0x06, 0x0b, 0x05, 0x16, 0x05,
    0x05, 0x11, 0x0c, 0x06, 0x12, 0x06, 0x0c, 0x10, 0x06, 0x0c, 0x10, 0x0b,
    0x06, 0x0b, 0x05, 0x11, 0x0b, 0x06, 0x10, 0x0c, 0x06, 0x0b, 0x06, 0x06,
    0x12, 0x05, 0x0c, 0x10, 0x05, 0x16, 0x11, 0x0b, 0x11, 0x05, 0x12, 0x06,
    0x05, 0x0c, 0x11, 0x05, 0x0c, 0x11, 0x05, 0x0c, 0x06, 0x10, 0x0b, 0x06,
    0x06, 0x12, 0x06, 0x05, 0x12, 0x06, 0x05, 0x0b, 0x11, 0x05, 0x0c, 0x05,
    0x0c, 0x10, 0x0c, 0x05, 0x11, 0x0c, 0x05, 0x12, 0x06, 0x05, 0x0b, 0x06,
    0x0b, 0x05, 0x11, 0x0c, 0x06, 0x05, 0x0b, 0x11, 0x05, 0x0c, 0x10, 0x06,
    0x0b, 0x06, 0x05, 0x0c, 0x10, 0x05, 0x0c, 0x10, 0x06, 0x0c, 0x05, 0x06,
    0x12, 0x05, 0x16, 0x0b, 0x05, 0x06, 0x0c, 0x05, 0x06, 0x0c, 0x10, 0x05,
    0x0c, 0x06, 0x05, 0x0c, 0x06, 0x05, 0x0b, 0x11, 0x0b, 0x05, 0x11, 0x0b,
    0x05, 0x06, 0x12, 0x06, 0x0b, 0x06, 0x05, 0x12, 0x06, 0x11, 0x0b, 0x06,
    0x0b, 0x10, 0x0c, 0x05, 0x12, 0x06, 0x06, 0x0b, 0x06, 0x06, 0x12, 0x06,
    0x06, 0x12, 0x05, 0x06, 0x0b, 0x05, 0x11, 0x16, 0x05, 0x06, 0x16, 0x05,
    0x06, 0x0c, 0x06, 0x12, 0x06, 0x05, 0x05, 0x06, 0x12, 0x11, 0x05, 0x0c,
    0x06, 0x12, 0x05, 0x06, 0x12, 0x05, 0x06, 0x0c, 0x05, 0x0c, 0x06, 0x05,
    0x0b, 0x06, 0x0b, 0x05, 0x06, 0x16, 0x05, 0x06, 0x0c, 0x10, 0x06, 0x24,
    0x05, 0x0c, 0x06, 0x05, 0x06, 0x0b, 0x06, 0x0b, 0x05, 0x06, 0x0b, 0x06,
    0x11, 0x0b, 0x06, 0x06, 0x0b, 0x05, 0x16, 0x05, 0x05, 0x06, 0x0b, 0x05,
    0x11, 0x0b, 0x06, 0x11, 0x05, 0x0c, 0x10, 0x0c, 0x05, 0x0c, 0x0b, 0x10,
    0x06, 0x0b, 0x10, 0x0c, 0x06, 0x05, 0x0c, 0x06, 0x0b, 0x05, 0x06, 0x0b,
    0x06, 0x06, 0x12, 0x0c, 0x05, 0x10, 0x0c, 0x05, 0x12, 0x06, 0x0b, 0x12,
    0x06, 0x0c, 0x05, 0x11, 0x0b, 0x05, 0x16, 0x06, 0x05, 0x0c, 0x06, 0x0b,
    0x06, 0x0b, 0x06, 0x05, 0x0c, 0x05, 0x06, 0x12, 0x05, 0x06, 0x0b, 0x05,
    0x06, 0x0c, 0x10, 0x06, 0x0c, 0x10, 0x0b, 0x06, 0x10, 0x0b, 0x06, 0x11,
    0x0b, 0x05, 0x0c, 0x05, 0x16, 0x0c, 0x05, 0x11, 0x0c, 0x05, 0x0c, 0x05,
    0x10, 0x0c, 0x05, 0x11, 0x0c, 0x05, 0x06, 0x06, 0x12, 0x05, 0x11, 0x0b,
    0x05, 0x06, 0x0b, 0x06, 0x11, 0x0b, 0x10, 0x0c, 0x10, 0x0c, 0x05, 0x06,
    0x16, 0x05, 0x0c, 0x06, 0x05, 0x16, 0x05, 0x06, 0x10, 0x0c, 0x05, 0x16,
    0x05, 0x0b, 0x06, 0x10, 0x0c, 0x06, 0x05, 0x06, 0x0c, 0x05, 0x05, 0x16,
    0x05, 0x06, 0x0b, 0x0b, 0x06, 0x0c, 0x10, 0x06, 0x16, 0x0b, 0x06, 0x0b,
    0x05, 0x06, 0x12, 0x0b, 0x06, 0x10, 0x0b, 0x06, 0x05, 0x16, 0x0c, 0x05,
    0x06, 0x0b, 0x05, 0x11, 0x0b, 0x05, 0x06, 0x16, 0x05, 0x0c, 0x10, 0x10,
    0x0c, 0x05, 0x10, 0x16, 0x06, 0x05, 0x16, 0x06, 0x05, 0x0b, 0x0c, 0x05,
    0x05, 0x0c, 0x05, 0x05, 0x03, 0x05, 0x0c, 0x10, 0x0c, 0x11, 0x05, 0x16,
    0x06, 0x10, 0x0b, 0x06, 0x05, 0x0b, 0x11, 0x05, 0x0c, 0x11, 0x0b, 0x06,
    0x05, 0x16, 0x06, 0x05, 0x16, 0x05, 0x0b, 0x06, 0x05, 0x0c, 0x05, 0x11,
    0x06, 0x0b, 0x11, 0x06, 0x0b, 0x06, 0x11, 0x0b, 0x10, 0x06, 0x12, 0x05,
    0x11, 0x0c, 0x05, 0x06, 0x12, 0x05, 0x06, 0x0b, 0x06, 0x06, 0x12, 0x06,
    0x06, 0x0b, 0x06, 0x06, 0x10, 0x05, 0x0c, 0x05, 0x06, 0x0c, 0x05, 0x05,
    0x16, 0x05, 0x05, 0x16, 0x10, 0x06, 0x0c, 0x10, 0x11, 0x0b, 0x06, 0x06,
    0x0b, 0x11, 0x0c, 0x05, 0x11, 0x0c, 0x0b, 0x10, 0x06, 0x0c, 0x10, 0x06,
    0x0c, 0x05, 0x0b, 0x11, 0x06, 0x0b, 0x11, 0x05, 0x06, 0x05, 0x12, 0x05,
    0x0c, 0x10, 0x06, 0x0c, 0x05, 0x0c, 0x05, 0x10, 0x0c, 0x05, 0x0b, 0x11,
    0x05, 0x0c, 0x06, 0x10, 0x0c, 0x10, 0x11, 0x0b, 0x05, 0x0c, 0x05, 0x06,
    0x12, 0x05, 0x06, 0x12, 0x05, 0x06, 0x12, 0x05, 0x0c, 0x11, 0x0b, 0x0c,
    0x05, 0x0c, 0x10, 0x06, 0x0c, 0x05, 0x06, 0x0b, 0x10, 0x06, 0x12, 0x05,
    0x16, 0x11, 0x05, 0x0c, 0x12, 0x06, 0x10, 0x0c, 0x10, 0x05, 0x0c, 0x05,
    0x06, 0x0b, 0x11, 0x06, 0x0b, 0x06, 0x11, 0x0b, 0x06, 0x06, 0x12, 0x05,
    0x06, 0x0b, 0x05, 0x11, 0x16, 0x05, 0x0c, 0x06, 0x0b, 0x11, 0x05, 0x0c,
    0x05, 0x06, 0x0c, 0x05, 0x0c, 0x06, 0x10, 0x0b, 0x06, 0x0b, 0x10, 0x06,
    0x0c, 0x10, 0x06, 0x16, 0x10, 0x06, 0x16, 0x0b, 0x05, 0x24, 0x06, 0x05,
    0x0b, 0x11, 0x0b, 0x05, 0x06, 0x12, 0x06, 0x16, 0x05, 0x11, 0x0c, 0x05,
    0x12, 0x06, 0x05, 0x16, 0x05, 0x0c, 0x12, 0x05, 0x06, 0x0c, 0x05, 0x11,
    0x0b, 0x12, 0x06, 0x0b, 0x05, 0x06, 0x12, 0x05, 0x06, 0x0b, 0x10, 0x06,
    0x0c, 0x05, 0x06, 0x0b, 0x10, 0x06, 0x0b, 0x11, 0x0c, 0x05, 0x16, 0x05,
    0x05, 0x16, 0x05, 0x0b, 0x06, 0x10, 0x0c, 0x05, 0x11, 0x0c, 0x05, 0x10,
    0x16, 0x05, 0x16, 0x05, 0x06, 0x0c, 0x10, 0x06, 0x0b, 0x05, 0x06, 0x12,
    0x05, 0x0c, 0x10, 0x0b, 0x11, 0x05, 0x0b, 0x06, 0x10, 0x0b, 0x06, 0x05,
    0x0b, 0x06, 0x05, 0x0b, 0x06, 0x10, 0x0c, 0x06, 0x0b, 0x05, 0x06, 0x12,
    0x0c, 0x06, 0x05, 0x06, 0x0c, 0x05, 0x05, 0x16, 0x05, 0x11, 0x0c, 0x05,
    0x0c, 0x11, 0x05, 0x0c, 0x12, 0x05, 0x06, 0x0b, 0x06, 0x0b, 0x06, 0x06,
    0x12, 0x06, 0x05, 0x16, 0x06, 0x05, 0x0c, 0x06, 0x12, 0x06, 0x06, 0x0b,
    0x10, 0x06, 0x05, 0x05, 0x11, 0x0c, 0x05, 0x05, 0x0c, 0x10, 0x06, 0x16,
    0x05, 0x0c, 0x06, 0x05, 0x0b, 0x06, 0x0b, 0x05, 0x06, 0x0c, 0x05, 0x06,
    0x16, 0x05, 0x06, 0x12, 0x06, 0x05, 0x0b, 0x11, 0x05, 0x0b, 0x11, 0x05,
    0x0b, 0x06, 0x11, 0x0b, 0x06, 0x16, 0x05, 0x05, 0x0c, 0x05, 0x10, 0x06,
    0x0b, 0x11, 0x05, 0x0c, 0x12, 0x05, 0x11, 0x0b, 0x05, 0x06, 0x16, 0x05,
    0x06, 0x0c, 0x05, 0x0c, 0x05, 0x12, 0x06, 0x05, 0x0b, 0x06, 0x05, 0x16,
    0x06, 0x05, 0x03, 0x05, 0x0c, 0x06, 0x05, 0x0b, 0x06, 0x05, 0x0b, 0x06,
    0x05, 0x0b, 0x06, 0x06, 0x0b, 0x06, 0x05, 0x0b, 0x06, 0x06, 0x05, 0x06,
    0x12, 0x05, 0x06, 0x16, 0x05, 0x06, 0x06, 0x10, 0x0c, 0x0c, 0x10, 0x06,
    0x0b, 0x06, 0x11, 0x0b, 0x05, 0x0c, 0x10, 0x0c, 0x06, 0x0c, 0x05, 0x05,
    0x16, 0x05, 0x06, 0x0c, 0x10, 0x06, 0x0c, 0x10, 0x06, 0x0b, 0x06, 0x12,
    0x05, 0x0b, 0x0c, 0x06, 0x0b, 0x06, 0x05, 0x0b, 0x11, 0x0b, 0x05, 0x0c,
    0x11, 0x0b, 0x06, 0x0c, 0x05, 0x06, 0x0c, 0x05, 0x06, 0x0c, 0x10, 0x0c,
    0x06, 0x05, 0x16, 0x06, 0x10, 0x0c, 0x11, 0x10, 0x0c, 0x05, 0x10, 0x0c,
    0x05, 0x10, 0x0c, 0x06, 0x05, 0x12, 0x0c, 0x10, 0x0c, 0x11, 0x05, 0x0c,
    0x05, 0x05, 0x16, 0x05, 0x05, 0x16, 0x05, 0x06, 0x06, 0x0b, 0x11, 0x05,
    0x16, 0x05, 0x05, 0x0c, 0x05, 0x0c, 0x11, 0x05, 0x0b, 0x11, 0x0b, 0x06,
    0x05, 0x0b, 0x06, 0x0c, 0x05, 0x06, 0x16, 0x0b, 0x06, 0x05, 0x16, 0x05,
    0x06, 0x12, 0x05, 0x0c, 0x05, 0x10, 0x0c, 0x06, 0x10, 0x0c, 0x06, 0x10,
    0x0c, 0x10, 0x05, 0x0c, 0x05, 0x05, 0x0c, 0x06, 0x10, 0x0c, 0x06, 0x10,
    0x0c, 0x05, 0x06, 0x16, 0x05, 0x0c, 0x10, 0x05, 0x0c, 0x05, 0x11, 0x0c,
    0x06, 0x0b, 0x06, 0x0c, 0x10, 0x05, 0x0c, 0x06, 0x05, 0x0c, 0x11, 0x05,
    0x0c, 0x10, 0x05, 0x0c, 0x0b, 0x11, 0x05, 0x16, 0x06, 0x05, 0x0c, 0x06,
    0x05, 0x0c, 0x05, 0x05, 0x0c, 0x10, 0x05, 0x24, 0x05, 0x16, 0x11, 0x05,
    0x16, 0x06, 0x12, 0x06, 0x06, 0x12, 0x0c, 0x05, 0x10, 0x0c, 0x11, 0x0b,
    0x11, 0x0b, 0x10, 0x06, 0x0c, 0x10, 0x0c, 0x05, 0x0b, 0x0c, 0x05, 0x06,
    0x12, 0x06, 0x05, 0x0c, 0x05, 0x16, 0x05, 0x06, 0x0c, 0x05, 0x10, 0x0c,
    0x05, 0x10, 0x0c, 0x06, 0x10, 0x0b, 0x06, 0x05, 0x0b, 0x06, 0x0b, 0x05,
    0x06, 0x16, 0x05, 0x06, 0x06, 0x12, 0x06, 0x05, 0x10, 0x0c, 0x06, 0x05,
    0x0c, 0x11, 0x05, 0x0b, 0x06, 0x05, 0x10, 0x0c, 0x10, 0x05, 0x0c, 0x10,
    0x05, 0x0c, 0x05, 0x05, 0x16, 0x05, 0x0b, 0x06, 0x05, 0x0b, 0x06, 0x0b,
    0x06, 0x0c, 0x05, 0x0c, 0x06, 0x10, 0x0c, 0x06, 0x12, 0x06, 0x05, 0x05,
    0x0c, 0x10, 0x05, 0x0c, 0x16, 0x05, 0x0c, 0x06, 0x05, 0x16, 0x05, 0x0b,
    0x11, 0x05, 0x0c, 0x06, 0x0b, 0x06, 0x11, 0x12, 0x06, 0x05, 0x12, 0x06,
    0x0b, 0x06, 0x05, 0x16, 0x05, 0x11, 0x0b, 0x10, 0x11, 0x0b, 0x06, 0x05,
    0x16, 0x05, 0x0c, 0x05, 0x16, 0x06, 0x05, 0x0c, 0x06, 0x05, 0x0c, 0x10,
    0x0b, 0x06, 0x12, 0x05, 0x06, 0x0c, 0x10, 0x06, 0x16, 0x05, 0x05, 0x16,
    0x05, 0x0b, 0x0c, 0x10, 0x06, 0x0b, 0x06, 0x12, 0x05, 0x06, 0x0c, 0x05,
    0x0c, 0x05, 0x10, 0x0b, 0x06, 0x10, 0x10, 0x0c, 0x06, 0x0b, 0x11, 0x0b,
    0x05, 0x11, 0x0b, 0x06, 0x05, 0x0c, 0x11, 0x05, 0x0b, 0x11, 0x05, 0x0b,
    0x06, 0x10, 0x0b, 0x11, 0x0b, 0x11, 0x16, 0x05, 0x06, 0x16, 0x05, 0x0c,
    0x22, 0x05, 0x05, 0x0c, 0x05, 0x06, 0x12, 0x06, 0x05, 0x12, 0x06, 0x06,
    0x12, 0x05, 0x06, 0x0b, 0x11, 0x06, 0x0b, 0x0b, 0x11, 0x05, 0x0c, 0x06,
    0x10, 0x06, 0x12, 0x06, 0x0b, 0x06, 0x10, 0x05, 0x0c, 0x11, 0x05, 0x0b,
    0x10, 0x0c, 0x06, 0x05, 0x0c, 0x06, 0x10, 0x0b, 0x06, 0x0c, 0x05, 0x16,
    0x10, 0x06, 0x16, 0x05, 0x05, 0x0c, 0x05, 0x12, 0x06, 0x0b, 0x06, 0x11,
    0x0b, 0x06, 0x10, 0x12, 0x06, 0x0b, 0x06, 0x11, 0x0c, 0x05, 0x16, 0x06,
    0x05, 0x0c, 0x11, 0x0b, 0x06, 0x16, 0x10, 0x06, 0x0c, 0x05, 0x11, 0x0c,
    0x05, 0x16, 0x06, 0x05, 0x12, 0x06, 0x05, 0x12, 0x06, 0x05, 0x0c, 0x05,
    0x05, 0x16, 0x06, 0x05, 0x0c, 0x06, 0x05, 0x0b, 0x06, 0x10, 0x05, 0x0c,
    0x10, 0x0c, 0x06, 0x05, 0x0c, 0x0b, 0x10, 0x06, 0x0b, 0x10, 0x06, 0x0b,
    0x0c, 0x06, 0x10, 0x0c, 0x05, 0x11, 0x0c, 0x05, 0x05, 0x0c, 0x06, 0x06,
    0x0b, 0x05, 0x16, 0x05, 0x05, 0x0c, 0x10, 0x05, 0x0c, 0x05, 0x12, 0x06,
    0x10, 0x12, 0x06, 0x06, 0x0b, 0x06, 0x06, 0x0b, 0x10, 0x0c, 0x05, 0x0b,
    0x06, 0x0b, 0x11, 0x0c, 0x05, 0x11, 0x06, 0x05, 0x0b, 0x06, 0x10, 0x0c,
    0x06, 0x05, 0x12, 0x06, 0x05, 0x16, 0x06, 0x0c, 0x05, 0x0c, 0x05, 0x0b,
    0x11, 0x05, 0x0b, 0x06, 0x11, 0x0b, 0x06, 0x10, 0x0b, 0x06, 0x12, 0x06,
    0x0c, 0x05, 0x06, 0x0c, 0x05, 0x06, 0x0b, 0x11, 0x05, 0x05, 0x0c, 0x05,
    0x12, 0x06, 0x05, 0x0c, 0x05, 0x03, 0x06, 0x0b, 0x05, 0x0c, 0x05, 0x06,
    0x0b, 0x06, 0x0b, 0x06, 0x05, 0x0c, 0x11, 0x05, 0x0b, 0x06, 0x05, 0x06,
    0x0c, 0x05, 0x10, 0x0c, 0x05, 0x06, 0x12, 0x06, 0x10, 0x0c, 0x0b, 0x06,
    0x12, 0x05, 0x06, 0x0c, 0x05, 0x11, 0x0b, 0x05, 0x11, 0x0b, 0x06, 0x0b,
    0x10, 0x06, 0x0b, 0x06, 0x05, 0x0c, 0x05, 0x16, 0x06, 0x16, 0x05, 0x06,
    0x0c, 0x10, 0x05, 0x0c, 0x05, 0x0c, 0x06, 0x05, 0x0c, 0x11, 0x05, 0x0b,
    0x11, 0x05, 0x0b, 0x06, 0x0b, 0x05, 0x06, 0x12, 0x05, 0x06, 0x0b, 0x05,
    0x16, 0x05, 0x05, 0x0c, 0x10, 0x05, 0x0c, 0x11, 0x05, 0x0c, 0x11, 0x05,
    0x0c, 0x10, 0x0c, 0x10, 0x06, 0x0b, 0x05, 0x16, 0x05, 0x16, 0x10, 0x06,
    0x0c, 0x10, 0x06, 0x0c, 0x05, 0x10, 0x0c, 0x05, 0x11, 0x06, 0x0b, 0x06,
    0x11, 0x0b, 0x06, 0x05, 0x0b, 0x06, 0x05, 0x0c, 0x05, 0x05, 0x0c, 0x10,
    0x0c, 0x06, 0x12, 0x05, 0x0c, 0x06, 0x05, 0x0c, 0x11, 0x0b, 0x06, 0x06,
    0x12, 0x06, 0x06, 0x0b, 0x06, 0x06, 0x0b, 0x10, 0x06, 0x0b, 0x10, 0x06,
    0x0c, 0x05, 0x11, 0x0c, 0x05, 0x11, 0x05, 0x0b, 0x06, 0x0b, 0x0b, 0x11,
    0x05, 0x0c, 0x11, 0x05, 0x0b, 0x06, 0x16, 0x05, 0x06, 0x12, 0x05, 0x06,
    0x12, 0x06, 0x06, 0x0c, 0x05, 0x06, 0x12, 0x06, 0x05, 0x0c, 0x05, 0x0c,
    0x06, 0x05, 0x16, 0x05, 0x05, 0x16, 0x05, 0x06, 0x12, 0x11, 0x0b, 0x06,
    0x0c, 0x05, 0x06, 0x0c, 0x05, 0x06, 0x12, 0x05, 0x06, 0x12, 0x22, 0x06,
    0x11, 0x12, 0x06, 0x12, 0x06, 0x11, 0x0b, 0x11, 0x05, 0x0b, 0x11, 0x0c,
    0x05, 0x16, 0x0b, 0x10, 0x11, 0x0c, 0x05, 0x0c, 0x10, 0x0b, 0x06, 0x0c,
    0x05, 0x06, 0x10, 0x06, 0x0c, 0x06, 0x10, 0x0b, 0x06, 0x06, 0x0b, 0x06,
    0x16, 0x05, 0x06, 0x12, 0x06, 0x06, 0x12, 0x06, 0x10, 0x0c, 0x05, 0x05,
    0x05, 0x0c, 0x05, 0x10, 0x0c, 0x06, 0x05, 0x16, 0x05, 0x05, 0x16, 0x05,
    0x0b, 0x06, 0x05, 0x0b, 0x06, 0x0b, 0x11, 0x06, 0x0b, 0x11, 0x0c, 0x05,
    0x06, 0x0c, 0x10, 0x06, 0x0c, 0x05, 0x11, 0x0c, 0x0b, 0x06, 0x05, 0x0b,
    0x11, 0x0b, 0x05, 0x06, 0x0b, 0x06, 0x06, 0x12, 0x06, 0x0c, 0x10, 0x06,
    0x0b, 0x06, 0x05, 0x0b, 0x06, 0x12, 0x05, 0x0c, 0x06, 0x10, 0x0c, 0x05,
    0x0b, 0x11, 0x05, 0x0b, 0x11, 0x05, 0x0c, 0x11, 0x05, 0x16, 0x10, 0x05,
    0x16, 0x06, 0x0b, 0x11, 0x05, 0x0b, 0x11, 0x05, 0x12, 0x11, 0x05, 0x0c,
    0x10, 0x06, 0x0b, 0x05, 0x06, 0x0b, 0x10, 0x06, 0x0b, 0x10, 0x0c, 0x06,
    0x0b, 0x11, 0x0c, 0x05, 0x12, 0x06, 0x05, 0x0c, 0x05, 0x11, 0x0c, 0x05,
    0x11, 0x06, 0x05, 0x16, 0x05, 0x0c, 0x10, 0x0c, 0x05, 0x05, 0x16, 0x05,
    0x06, 0x0c, 0x0b, 0x06, 0x05, 0x12, 0x05, 0x11, 0x12, 0x06, 0x0b, 0x06,
    0x10, 0x0c, 0x05, 0x10, 0x16, 0x05, 0x06, 0x0c, 0x05, 0x06, 0x12, 0x06,
    0x0b, 0x05, 0x06, 0x12, 0x05, 0x06, 0x12, 0x12, 0x06, 0x05, 0x16, 0x06,
    0x0b, 0x06, 0x0c, 0x22, 0x05, 0x0b, 0x06, 0x05, 0x0c, 0x05, 0x05, 0x16,
    0x06, 0x05, 0x16, 0x05, 0x05, 0x0c, 0x06, 0x05, 0x0c, 0x05, 0x10, 0x0c,
    0x06, 0x05, 0x16, 0x05, 0x05, 0x0c, 0x0b, 0x05, 0x11, 0x0b, 0x05, 0x0c,
    0x10, 0x0b, 0x11, 0x05, 0x0b, 0x11, 0x0b, 0x06, 0x05, 0x0c, 0x05, 0x0c,
    0x05, 0x11, 0x0c, 0x12, 0x06, 0x06, 0x12, 0x06, 0x0b, 0x10, 0x06, 0x0b,
    0x0c, 0x11, 0x05, 0x0c, 0x10, 0x06, 0x16, 0x05, 0x11, 0x0c, 0x05, 0x0b,
    0x11, 0x05, 0x0c, 0x10, 0x0b, 0x06, 0x12, 0x05, 0x06, 0x0b, 0x05, 0x06,
    0x12, 0x06, 0x11, 0x0b, 0x06, 0x06, 0x12, 0x06, 0x0b, 0x10, 0x06, 0x0b,
    0x05, 0x06, 0x0b, 0x11, 0x05, 0x0c, 0x11, 0x05, 0x0c, 0x06, 0x05, 0x0b,
    0x06, 0x10, 0x0b, 0x06, 0x06, 0x12, 0x0c, 0x05, 0x0c, 0x05, 0x0b, 0x06,
    0x0b, 0x06, 0x06, 0x0b, 0x06, 0x10, 0x0c, 0x06, 0x05, 0x0c, 0x06, 0x05,
    0x0c, 0x06, 0x05, 0x0b, 0x11, 0x05, 0x0c, 0x11, 0x12, 0x06, 0x06, 0x0b,
    0x11, 0x06, 0x0b, 0x10, 0x06, 0x0b, 0x05, 0x06, 0x0c, 0x10, 0x06, 0x0b,
    0x10, 0x06, 0x0b, 0x0b, 0x06, 0x12, 0x0b, 0x06, 0x06, 0x0b, 0x05, 0x06,
    0x0b, 0x11, 0x0c, 0x05, 0x05, 0x16, 0x05, 0x11, 0x0c, 0x06, 0x05, 0x0c,
    0x05, 0x05, 0x16, 0x06, 0x05, 0x0c, 0x16, 0x05, 0x06, 0x0b, 0x10, 0x0c,
    0x05, 0x16, 0x05, 0x06, 0x0c, 0x10, 0x06, 0x0c, 0x05, 0x11, 0x0c, 0x05,
    0x06, 0x05, 0x12, 0x06, 0x05, 0x16, 0x05, 0x06, 0x24, 0x05, 0x0c, 0x06,
    0x10, 0x0c, 0x05, 0x0b, 0x06, 0x0b, 0x06, 0x06, 0x0b, 0x10, 0x06, 0x05,
    0x11, 0x0c, 0x05, 0x05, 0x16, 0x05, 0x06, 0x0c, 0x10, 0x06, 0x16, 0x05,
    0x06, 0x0b, 0x11, 0x05, 0x0c, 0x06, 0x05, 0x16, 0x06, 0x05, 0x0b, 0x06,
    0x10, 0x0c, 0x10, 0x05, 0x0c, 0x05, 0x05, 0x0c, 0x05, 0x11, 0x0b, 0x06,
    0x06, 0x0b, 0x06, 0x10, 0x0b, 0x06, 0x05, 0x0c, 0x05, 0x06, 0x12, 0x0b,
    0x06, 0x05, 0x16, 0x05, 0x06, 0x0b, 0x06, 0x05, 0x11, 0x06, 0x0b, 0x11,
    0x06, 0x0b, 0x11, 0x0c, 0x05, 0x05, 0x06, 0x12, 0x05, 0x06, 0x0b, 0x06,
    0x11, 0x0b, 0x06, 0x16, 0x05, 0x11, 0x0b, 0x05, 0x0c, 0x05, 0x05, 0x16,
    0x05, 0x10, 0x0c, 0x11, 0x05, 0x0c, 0x05, 0x0c, 0x05, 0x11, 0x05, 0x06,
    0x16, 0x05, 0x06, 0x16, 0x10, 0x05, 0x0c, 0x10, 0x0c, 0x05, 0x05, 0x16,
    0x05, 0x0b, 0x11, 0x05, 0x0b, 0x11, 0x06, 0x0b, 0x0c, 0x06, 0x0b, 0x05,
    0x06, 0x0b, 0x10, 0x0c, 0x05, 0x0b, 0x06, 0x06, 0x0b, 0x11, 0x06, 0x0b,
    0x10, 0x06, 0x0b, 0x06, 0x16, 0x05, 0x06, 0x12, 0x06, 0x06, 0x0b, 0x10,
    0x06, 0x0b, 0x11, 0x06, 0x0b, 0x11, 0x05, 0x0c, 0x06, 0x12, 0x05, 0x06,
    0x05, 0x12, 0x06, 0x06, 0x12, 0x06, 0x06, 0x0b, 0x10, 0x06, 0x0b, 0x05,
    0x06, 0x0c, 0x05, 0x06, 0x12, 0x05, 0x06, 0x12, 0x05, 0x06, 0x12, 0x06,
    0x0b, 0x05, 0x06, 0x12, 0x06, 0x06, 0x0b, 0x0c, 0x05, 0x06, 0x12, 0x05,
    0x05, 0x03, 0x06, 0x05, 0x12, 0x06, 0x06, 0x16, 0x10, 0x06, 0x12, 0x05,
    0x06, 0x16, 0x0b, 0x06, 0x12, 0x0b, 0x06, 0x0c, 0x05, 0x06, 0x12, 0x05,
    0x06, 0x0b, 0x05, 0x11, 0x0c, 0x05, 0x16, 0x05, 0x06, 0x12, 0x06, 0x05,
    0x0b, 0x11, 0x06, 0x0b, 0x11, 0x0c, 0x05, 0x11, 0x0c, 0x10, 0x16, 0x06,
    0x05, 0x0c, 0x05, 0x12, 0x06, 0x10, 0x0c, 0x06, 0x0b, 0x11, 0x05, 0x16,
    0x05, 0x06, 0x16, 0x05, 0x06, 0x0b, 0x06, 0x10, 0x0c, 0x05, 0x16, 0x0b,
    0x05, 0x0c, 0x05, 0x05, 0x0c, 0x05, 0x10, 0x0c, 0x06, 0x12, 0x06, 0x0b,
    0x06, 0x16, 0x05, 0x0b, 0x11, 0x05, 0x0b, 0x06, 0x05, 0x16, 0x06, 0x05,
    0x16, 0x06, 0x0b, 0x11, 0x0c, 0x05, 0x0b, 0x06, 0x12, 0x06, 0x10, 0x0c,
    0x06, 0x12, 0x0b, 0x06, 0x05, 0x0b, 0x11, 0x05, 0x0c, 0x05, 0x06, 0x12,
    0x05, 0x06, 0x0c, 0x05, 0x06, 0x12, 0x06, 0x06, 0x12, 0x0c, 0x05, 0x10,
    0x0c, 0x10, 0x06, 0x12, 0x06, 0x06, 0x0b, 0x06, 0x11, 0x0b, 0x05, 0x16,
    0x05, 0x0b, 0x06, 0x11, 0x0b, 0x06, 0x10, 0x0b, 0x06, 0x05, 0x0c, 0x05,
    0x11, 0x05, 0x0c, 0x06, 0x05, 0x16, 0x05, 0x05, 0x16, 0x05, 0x06, 0x0b,
    0x10, 0x06, 0x0c, 0x0b, 0x06, 0x0b, 0x10, 0x0c, 0x05, 0x12, 0x0c, 0x05,
    0x0b, 0x06, 0x11, 0x0b, 0x05, 0x11, 0x12, 0x06, 0x06, 0x0b, 0x06, 0x06,
    0x0b, 0x06, 0x0b, 0x06, 0x10, 0x0c, 0x06, 0x0b, 0x05, 0x16, 0x05, 0x11,
    0x0c, 0x05, 0x11, 0x0c, 0x0b, 0x11, 0x22, 0x05, 0x0c, 0x05, 0x0b, 0x06,
    0x05, 0x0c, 0x06, 0x05, 0x12, 0x06, 0x05, 0x06, 0x0c, 0x05, 0x10, 0x06,
    0x12, 0x06, 0x0c, 0x05, 0x16, 0x06, 0x0b, 0x05, 0x06, 0x12, 0x05, 0x06,
    0x0c, 0x05, 0x16, 0x05, 0x0c, 0x05, 0x0c, 0x10, 0x06, 0x0b, 0x05, 0x06,
    0x0b, 0x06, 0x05, 0x0b, 0x11, 0x05, 0x0c, 0x11, 0x05, 0x0b, 0x06, 0x10,
    0x0b, 0x06, 0x06, 0x0b, 0x10, 0x06, 0x0b, 0x05, 0x06, 0x16, 0x05, 0x0c,
    0x05, 0x06, 0x11, 0x05, 0x11, 0x0c, 0x10, 0x16, 0x06, 0x0b, 0x11, 0x05,
    0x0b, 0x05, 0x11, 0x0b, 0x06, 0x05, 0x16, 0x05, 0x06, 0x0b, 0x06, 0x11,
    0x0b, 0x05, 0x0c, 0x05, 0x05, 0x16, 0x05, 0x05, 0x0c, 0x06, 0x05, 0x0c,
    0x06, 0x05, 0x0b, 0x06, 0x10, 0x06, 0x05, 0x0c, 0x11, 0x0b, 0x06, 0x05,
    0x16, 0x05, 0x0c, 0x06, 0x0b, 0x11, 0x05, 0x16, 0x0c, 0x05, 0x06, 0x0b,
    0x05, 0x11, 0x0c, 0x05, 0x06, 0x0b, 0x05, 0x11, 0x0b, 0x05, 0x11, 0x0b,
    0x06, 0x06, 0x12, 0x06, 0x06, 0x12, 0x06, 0x0b, 0x05, 0x0c, 0x06, 0x0b,
    0x11, 0x05, 0x0c, 0x12, 0x06, 0x0b, 0x12, 0x06, 0x05, 0x16, 0x06, 0x05,
    0x0c, 0x0b, 0x11, 0x05, 0x0c, 0x05, 0x10, 0x06, 0x11, 0x0b, 0x06, 0x06,
    0x0b, 0x06, 0x06, 0x10, 0x06, 0x0c, 0x10, 0x0c, 0x06, 0x05, 0x0c, 0x05,
    0x12, 0x06, 0x0b, 0x11, 0x0b, 0x11, 0x06, 0x0b, 0x10, 0x06, 0x0b, 0x11,
    0x05, 0x0c, 0x05, 0x05, 0x16, 0x05, 0x05, 0x0c, 0x05, 0x06, 0x0c, 0x23,
    0x06, 0x06, 0x12, 0x06, 0x12, 0x05, 0x0c, 0x05, 0x0c, 0x0c, 0x10, 0x05,
    0x16, 0x05, 0x06, 0x0c, 0x05, 0x10, 0x0c, 0x05, 0x05, 0x0c, 0x10, 0x11,
    0x0c, 0x05, 0x06, 0x12, 0x05, 0x06, 0x12, 0x05, 0x06, 0x16, 0x05, 0x05,
    0x0c, 0x05, 0x16, 0x05, 0x0c, 0x12, 0x05, 0x06, 0x0c, 0x05, 0x12, 0x06,
    0x05, 0x0c, 0x0c, 0x05, 0x06, 0x12, 0x06, 0x0b, 0x06, 0x0c, 0x10, 0x0c,
    0x05, 0x16, 0x05, 0x05, 0x16, 0x0b, 0x05, 0x0c, 0x05, 0x05, 0x0c, 0x05,
    0x06, 0x0b, 0x11, 0x0c, 0x06, 0x05, 0x16, 0x06, 0x05, 0x12, 0x06, 0x05,
    0x16, 0x05, 0x0c, 0x10, 0x06, 0x0b, 0x11, 0x05, 0x0c, 0x11, 0x05, 0x0c,
    0x10, 0x05, 0x16, 0x10, 0x05, 0x16, 0x06, 0x0b, 0x0c, 0x10, 0x0b, 0x06,
    0x10, 0x0b, 0x06, 0x11, 0x0b, 0x05, 0x11, 0x05, 0x0b, 0x11, 0x0c, 0x05,
    0x05, 0x12, 0x06, 0x10, 0x0c, 0x05, 0x05, 0x16, 0x05, 0x06, 0x16, 0x05,
    0x06, 0x0c, 0x05, 0x12, 0x06, 0x05, 0x12, 0x06, 0x05, 0x0c, 0x11, 0x05,
    0x06, 0x12, 0x05, 0x06, 0x16, 0x05, 0x06, 0x12, 0x06, 0x06, 0x05, 0x0c,
    0x10, 0x05, 0x0c, 0x05, 0x11, 0x0c, 0x05, 0x06, 0x16, 0x05, 0x0c, 0x0b,
    0x05, 0x06, 0x12, 0x05, 0x11, 0x0b, 0x05, 0x11, 0x0b, 0x05, 0x11, 0x0b,
    0x05, 0x11, 0x0b, 0x06, 0x06, 0x0b, 0x11, 0x05, 0x0b, 0x11, 0x05, 0x0b,
    0x11, 0x0c, 0x05, 0x06, 0x12, 0x06, 0x11, 0x0b, 0x06, 0x0c, 0x10, 0x06,
    0x12, 0x05, 0x06, 0x05, 0x03, 0x05, 0x0b, 0x11, 0x06, 0x05, 0x16, 0x10,
    0x05, 0x11, 0x06, 0x0b, 0x0c, 0x05, 0x10, 0x0c, 0x0c, 0x05, 0x06, 0x16,
    0x05, 0x11, 0x0b, 0x05, 0x06, 0x0b, 0x16, 0x06, 0x0b, 0x06, 0x06, 0x0b,
    0x06, 0x05, 0x16, 0x06, 0x05, 0x16, 0x06, 0x05, 0x11, 0x06, 0x0b, 0x11,
    0x06, 0x0b, 0x06, 0x06, 0x12, 0x05, 0x11, 0x10, 0x0c, 0x05, 0x11, 0x0b,
    0x10, 0x06, 0x0b, 0x11, 0x05, 0x0c, 0x05, 0x06, 0x11, 0x05, 0x06, 0x12,
    0x0c, 0x06, 0x12, 0x05, 0x06, 0x0b, 0x05, 0x05, 0x0c, 0x05, 0x16, 0x05,
    0x0c, 0x06, 0x0b, 0x06, 0x06, 0x0b, 0x11, 0x05, 0x0b, 0x06, 0x0c, 0x10,
    0x06, 0x0b, 0x0b, 0x06, 0x06, 0x0c, 0x05, 0x0c, 0x06, 0x05, 0x12, 0x06,
    0x06, 0x10, 0x0c, 0x06, 0x0b, 0x06, 0x05, 0x0c, 0x05, 0x0c, 0x0c, 0x05,
    0x11, 0x0b, 0x06, 0x05, 0x0c, 0x06, 0x05, 0x16, 0x06, 0x0b, 0x11, 0x0c,
    0x05, 0x05, 0x16, 0x05, 0x0c, 0x05, 0x11, 0x0c, 0x05, 0x06, 0x0b, 0x0c,
    0x05, 0x05, 0x12, 0x06, 0x05, 0x16, 0x06, 0x05, 0x12, 0x06, 0x0b, 0x06,
    0x05, 0x0b, 0x11, 0x05, 0x0c, 0x06, 0x10, 0x0b, 0x06, 0x12, 0x05, 0x06,
    0x12, 0x05, 0x06, 0x11, 0x0c, 0x05, 0x0c, 0x06, 0x10, 0x0c, 0x06, 0x12,
    0x0c, 0x06, 0x0b, 0x06, 0x05, 0x0c, 0x10, 0x0b, 0x11, 0x05, 0x0c, 0x06,
    0x05, 0x0c, 0x06, 0x0b, 0x05, 0x06, 0x0b, 0x06, 0x10, 0x0b, 0x06, 0x05,
    0x12, 0x06, 0x05, 0x0c, 0x06, 0x10, 0x0c, 0x12, 0x05, 0x03, 0x05, 0x0c,
    0x05, 0x0b, 0x06, 0x06, 0x0b, 0x06, 0x0b, 0x10, 0x06, 0x0c, 0x05, 0x11,
    0x0b, 0x10, 0x06, 0x0b, 0x05, 0x06, 0x0c, 0x10, 0x0c, 0x05, 0x05, 0x06,
    0x12, 0x05, 0x11, 0x0b, 0x11, 0x0b, 0x05, 0x06, 0x0b, 0x10, 0x0c, 0x05,
    0x0b, 0x06, 0x05, 0x0b, 0x11, 0x05, 0x12, 0x06, 0x05, 0x0c, 0x0c, 0x05,
    0x05, 0x0c, 0x06, 0x05, 0x0c, 0x06, 0x10, 0x0b, 0x06, 0x06, 0x12, 0x05,
    0x0c, 0x0b, 0x06, 0x11, 0x05, 0x05, 0x16, 0x06, 0x10, 0x16, 0x06, 0x10,
    0x0c, 0x10, 0x05, 0x0c, 0x05, 0x10, 0x0c, 0x10, 0x0b, 0x06, 0x10, 0x0c,
    0x06, 0x10, 0x0b, 0x06, 0x0b, 0x11, 0x05, 0x0b, 0x11, 0x10, 0x0b, 0x06,
    0x10, 0x0c, 0x06, 0x05, 0x0b, 0x11, 0x05, 0x05, 0x16, 0x06, 0x05, 0x16,
    0x10, 0x05, 0x11, 0x0b, 0x06, 0x0b, 0x11, 0x05, 0x12, 0x11, 0x05, 0x0b,
    0x06, 0x05, 0x05, 0x16, 0x06, 0x05, 0x0c, 0x05, 0x06, 0x12, 0x05, 0x06,
    0x12, 0x06, 0x10, 0x0c, 0x11, 0x06, 0x0b, 0x06, 0x0b, 0x0b, 0x06, 0x06,
    0x0b, 0x06, 0x05, 0x16, 0x05, 0x06, 0x16, 0x05, 0x0b, 0x11, 0x06, 0x0b,
    0x06, 0x06, 0x0b, 0x06, 0x06, 0x12, 0x0b, 0x06, 0x05, 0x10, 0x16, 0x05,
    0x05, 0x0c, 0x05, 0x05, 0x06, 0x05, 0x10, 0x0c, 0x05, 0x16, 0x06, 0x05,
    0x0c, 0x05, 0x12, 0x06, 0x12, 0x05, 0x11, 0x0c, 0x10, 0x06, 0x16, 0x05,
    0x0c, 0x06, 0x0b, 0x06, 0x0c, 0x05, 0x11, 0x0b, 0x0b, 0x06, 0x05, 0x0c,
    0x06, 0x12, 0x22, 0x06, 0x06, 0x12, 0x06, 0x0b, 0x10, 0x06, 0x0c, 0x05,
    0x0b, 0x11, 0x05, 0x0c, 0x06, 0x05, 0x06, 0x16, 0x05, 0x05, 0x16, 0x05,
    0x06, 0x16, 0x0b, 0x06, 0x11, 0x0b, 0x06, 0x0b, 0x06, 0x11, 0x0b, 0x06,
    0x11, 0x0b, 0x06, 0x06, 0x12, 0x06, 0x16, 0x05, 0x0c, 0x06, 0x0b, 0x06,
    0x12, 0x05, 0x06, 0x16, 0x05, 0x0c, 0x10, 0x0b, 0x06, 0x12, 0x06, 0x05,
    0x0c, 0x05, 0x16, 0x05, 0x06, 0x12, 0x05, 0x0c, 0x0b, 0x06, 0x05, 0x0b,
    0x06, 0x05, 0x0c, 0x06, 0x0b, 0x11, 0x06, 0x0b, 0x06, 0x11, 0x0b, 0x06,
    0x05, 0x16, 0x05, 0x05, 0x0c, 0x06, 0x10, 0x0c, 0x05, 0x11, 0x0c, 0x06,
    0x05, 0x0c, 0x05, 0x06, 0x12, 0x05, 0x0b, 0x11, 0x06, 0x0b, 0x0c, 0x06,
    0x0b, 0x10, 0x06, 0x0b, 0x0c, 0x06, 0x05, 0x0b, 0x11, 0x05, 0x0c, 0x06,
    0x05, 0x0c, 0x06, 0x0b, 0x11, 0x0c, 0x05, 0x12, 0x06, 0x05, 0x16, 0x12,
    0x06, 0x06, 0x12, 0x06, 0x0b, 0x06, 0x0b, 0x05, 0x11, 0x0b, 0x05, 0x11,
    0x06, 0x10, 0x0c, 0x10, 0x05, 0x16, 0x05, 0x06, 0x12, 0x06, 0x0b, 0x11,
    0x05, 0x0c, 0x05, 0x12, 0x0c, 0x05, 0x10, 0x0c, 0x05, 0x11, 0x0c, 0x05,
    0x0c, 0x0b, 0x06, 0x06, 0x12, 0x06, 0x0c, 0x12, 0x06, 0x0c, 0x10, 0x0c,
    0x06, 0x10, 0x0b, 0x06, 0x06, 0x12, 0x06, 0x06, 0x0b, 0x06, 0x10, 0x0b,
    0x06, 0x05, 0x0c, 0x10, 0x05, 0x0c, 0x10, 0x10, 0x0c, 0x05, 0x11, 0x0c,
    0x05, 0x11, 0x12, 0x05, 0x06, 0x06, 0x0b, 0x03, 0x05, 0x0b, 0x11, 0x06,
    0x0b, 0x11, 0x05, 0x16, 0x06, 0x05, 0x0c, 0x10, 0x05, 0x0c, 0x10, 0x0b,
    0x06, 0x16, 0x05, 0x0c, 0x05, 0x05, 0x06, 0x0b, 0x11, 0x05, 0x0c, 0x06,
    0x05, 0x0b, 0x06, 0x05, 0x12, 0x0c, 0x05, 0x05, 0x16, 0x05, 0x05, 0x0c,
    0x10, 0x05, 0x0c, 0x10, 0x06, 0x0c, 0x10, 0x05, 0x05, 0x16, 0x06, 0x05,
    0x16, 0x05, 0x05, 0x16, 0x06, 0x05, 0x16, 0x05, 0x06, 0x0c, 0x10, 0x06,
    0x05, 0x16, 0x11, 0x0b, 0x06, 0x12, 0x05, 0x06, 0x0b, 0x05, 0x06, 0x0b,
    0x10, 0x06, 0x0b, 0x06, 0x05, 0x0c, 0x06, 0x12, 0x06, 0x0b, 0x05, 0x0c,
    0x05, 0x06, 0x12, 0x05, 0x06, 0x12, 0x06, 0x0c, 0x10, 0x06, 0x0c, 0x05,
    0x12, 0x06, 0x05, 0x10, 0x0c, 0x06, 0x05, 0x12, 0x06, 0x05, 0x16, 0x06,
    0x0b, 0x06, 0x10, 0x0b, 0x06, 0x12, 0x05, 0x06, 0x0b, 0x10, 0x06, 0x0c,
    0x05, 0x0c, 0x05, 0x05, 0x0c, 0x05, 0x05, 0x0c, 0x06, 0x10, 0x0c, 0x06,
    0x05, 0x0c, 0x05, 0x0b, 0x16, 0x05, 0x06, 0x0c, 0x05, 0x16, 0x05, 0x0c,
    0x05, 0x06, 0x0b, 0x05, 0x06, 0x0c, 0x05, 0x06, 0x05, 0x11, 0x0c, 0x05,
    0x12, 0x06, 0x05, 0x05, 0x11, 0x05, 0x16, 0x05, 0x05, 0x0c, 0x10, 0x05,
    0x06, 0x12, 0x05, 0x0c, 0x05, 0x06, 0x0b, 0x10, 0x0c, 0x05, 0x10, 0x0c,
    0x05, 0x11, 0x0c, 0x05, 0x0c, 0x05, 0x0c, 0x10, 0x06, 0x0b, 0x06, 0x05,
    0x0c, 0x10, 0x05, 0x0c, 0x05, 0x06, 0x0c, 0x05, 0x16, 0x05, 0x12, 0x06,
    0x03, 0x05, 0x0c, 0x05, 0x05, 0x0c, 0x05, 0x0b, 0x06, 0x10, 0x0c, 0x06,
    0x10, 0x0c, 0x05, 0x16, 0x05, 0x05, 0x0c, 0x11, 0x05, 0x0c, 0x16, 0x05,
    0x06, 0x0b, 0x05, 0x11, 0x12, 0x05, 0x16, 0x06, 0x05, 0x0c, 0x11, 0x05,
    0x0c, 0x06, 0x05, 0x0c, 0x06, 0x10, 0x0c, 0x05, 0x10, 0x0c, 0x06, 0x0b,
    0x06, 0x0c, 0x05, 0x05, 0x0c, 0x06, 0x05, 0x0c, 0x0b, 0x10, 0x06, 0x0b,
    0x05, 0x06, 0x12, 0x06, 0x06, 0x0b, 0x05, 0x06, 0x06, 0x12, 0x06, 0x0c,
    0x10, 0x11, 0x0b, 0x06, 0x16, 0x05, 0x0c, 0x10, 0x05, 0x16, 0x05, 0x05,
    0x0c, 0x11, 0x05, 0x16, 0x05, 0x06, 0x12, 0x0b, 0x06, 0x05, 0x12, 0x06,
    0x05, 0x0b, 0x06, 0x06, 0x12, 0x06, 0x0c, 0x05, 0x10, 0x0c, 0x05, 0x0c,
    0x06, 0x10, 0x0b, 0x06, 0x10, 0x0c, 0x06, 0x05, 0x16, 0x06, 0x05, 0x16,
    0x06, 0x05, 0x0b, 0x11, 0x05, 0x0c, 0x11, 0x05, 0x0c, 0x11, 0x05, 0x12,
    0x06, 0x05, 0x12, 0x06, 0x10, 0x0c, 0x11, 0x05, 0x06, 0x0c, 0x05, 0x12,
    0x06, 0x05, 0x0c, 0x06, 0x10, 0x0c, 0x11, 0x0b, 0x11, 0x05, 0x12, 0x11,
    0x0c, 0x05, 0x05, 0x0c, 0x06, 0x10, 0x0c, 0x0b, 0x16, 0x06, 0x05, 0x0c,
    0x10, 0x0c, 0x06, 0x05, 0x0c, 0x06, 0x10, 0x06, 0x0b, 0x10, 0x06, 0x0c,
    0x05, 0x06, 0x0c, 0x05, 0x0c, 0x05, 0x10, 0x0c, 0x05, 0x11, 0x0c, 0x05,
    0x16, 0x05, 0x0c, 0x10, 0x0c, 0x06, 0x05, 0x16, 0x0b, 0x10, 0x06, 0x0b,
    0x06, 0x06, 0x0b, 0x05, 0x06, 0x23, 0x06, 0x06, 0x12, 0x06, 0x11, 0x0b,
    0x06, 0x05, 0x12, 0x0c, 0x05, 0x0c, 0x05, 0x06, 0x0c, 0x05, 0x06, 0x0b,
    0x05, 0x11, 0x0b, 0x05, 0x11, 0x0c, 0x05, 0x0c, 0x05, 0x06, 0x0c, 0x10,
    0x05, 0x0c, 0x10, 0x05, 0x0c, 0x10, 0x05, 0x16, 0x05, 0x05, 0x0c, 0x06,
    0x05, 0x0c, 0x05, 0x10, 0x0c, 0x10, 0x06, 0x12, 0x05, 0x16, 0x05, 0x11,
    0x0c, 0x05, 0x06, 0x16, 0x05, 0x0c, 0x10, 0x0b, 0x06, 0x12, 0x06, 0x0b,
    0x10, 0x06, 0x0b, 0x06, 0x05, 0x0c, 0x05, 0x06, 0x12, 0x05, 0x06, 0x0c,
    0x05, 0x16, 0x06, 0x05, 0x12, 0x06, 0x05, 0x0c, 0x10, 0x06, 0x0c, 0x05,
    0x06, 0x0c, 0x10, 0x06, 0x0c, 0x10, 0x0c, 0x05, 0x10, 0x0c, 0x05, 0x06,
    0x16, 0x0b, 0x06, 0x10, 0x0b, 0x06, 0x06, 0x0b, 0x05, 0x06, 0x12, 0x05,
    0x0c, 0x05, 0x05, 0x0c, 0x05, 0x16, 0x06, 0x0b, 0x06, 0x10, 0x0b, 0x06,
    0x10, 0x0c, 0x05, 0x0c, 0x11, 0x0b, 0x06, 0x0c, 0x05, 0x0b, 0x06, 0x12,
    0x05, 0x06, 0x11, 0x0b, 0x06, 0x10, 0x0b, 0x06, 0x10, 0x0b, 0x06, 0x05,
    0x16, 0x06, 0x0b, 0x05, 0x06, 0x12, 0x0c, 0x10, 0x05, 0x0c, 0x06, 0x05,
    0x06, 0x0b, 0x05, 0x0c, 0x05, 0x06, 0x12, 0x05, 0x0c, 0x12, 0x05, 0x06,
    0x0c, 0x10, 0x0c, 0x06, 0x10, 0x0b, 0x11, 0x10, 0x0c, 0x06, 0x12, 0x06,
    0x05, 0x0b, 0x11, 0x05, 0x0b, 0x06, 0x06, 0x10, 0x0b, 0x06, 0x10, 0x0c,
    0x06, 0x05, 0x0c, 0x10, 0x05, 0x16, 0x05, 0x06, 0x16, 0x05, 0x22, 0x05,
    0x0b, 0x11, 0x0b, 0x06, 0x11, 0x0b, 0x06, 0x06, 0x05, 0x10, 0x0c, 0x10,
    0x05, 0x16, 0x06, 0x10, 0x0c, 0x05, 0x06, 0x0c, 0x05, 0x10, 0x0c, 0x10,
    0x06, 0x0b, 0x06, 0x06, 0x0b, 0x06, 0x16, 0x05, 0x06, 0x0c, 0x05, 0x16,
    0x0c, 0x10, 0x0b, 0x11, 0x0b, 0x11, 0x0c, 0x05, 0x06, 0x12, 0x06, 0x05,
    0x0c, 0x11, 0x05, 0x0b, 0x06, 0x10, 0x05, 0x0c, 0x05, 0x11, 0x0c, 0x05,
    0x06, 0x0b, 0x11, 0x06, 0x0b, 0x16, 0x05, 0x06, 0x12, 0x05, 0x0c, 0x06,
    0x10, 0x0c, 0x05, 0x11, 0x0b, 0x05, 0x06, 0x0c, 0x05, 0x16, 0x06, 0x05,
    0x0b, 0x06, 0x12, 0x05, 0x11, 0x0c, 0x05, 0x0b, 0x06, 0x05, 0x16, 0x06,
    0x0b, 0x06, 0x05, 0x0b, 0x11, 0x05, 0x06, 0x06, 0x12, 0x05, 0x16, 0x06,
    0x12, 0x06, 0x0c, 0x05, 0x11, 0x0c, 0x05, 0x16, 0x05, 0x05, 0x0c, 0x10,
    0x06, 0x0c, 0x05, 0x0c, 0x05, 0x0c, 0x10, 0x05, 0x0c, 0x05, 0x05, 0x16,
    0x06, 0x05, 0x06, 0x0b, 0x06, 0x0b, 0x12, 0x06, 0x05, 0x0c, 0x06, 0x12,
    0x06, 0x05, 0x0c, 0x05, 0x05, 0x0c, 0x05, 0x06, 0x0c, 0x05, 0x06, 0x0c,
    0x05, 0x11, 0x0b, 0x12, 0x06, 0x10, 0x06, 0x12, 0x11, 0x06, 0x0b, 0x06,
    0x10, 0x06, 0x06, 0x12, 0x0b, 0x06, 0x05, 0x0b, 0x11, 0x05, 0x0c, 0x05,
    0x05, 0x0c, 0x10, 0x06, 0x0c, 0x05, 0x0c, 0x06, 0x10, 0x0b, 0x06, 0x10,
    0x0c, 0x06, 0x05, 0x0b, 0x11, 0x05, 0x0c, 0x06, 0x05, 0x0c, 0x10, 0x0b,
    0x06, 0x16, 0x05, 0x03, 0x05, 0x06, 0x0c, 0x05, 0x0b, 0x11, 0x0b, 0x0b,
    0x11, 0x06, 0x0b, 0x06, 0x0c, 0x10, 0x0b, 0x06, 0x12, 0x06, 0x16, 0x05,
    0x0c, 0x10, 0x06, 0x0b, 0x06, 0x10, 0x12, 0x05, 0x16, 0x05, 0x05, 0x0c,
    0x05, 0x12, 0x06, 0x05, 0x05, 0x06, 0x0c, 0x05, 0x06, 0x12, 0x05, 0x06,
    0x12, 0x06, 0x0c, 0x05, 0x0c, 0x05, 0x06, 0x0c, 0x05, 0x0c, 0x10, 0x0c,
    0x05, 0x05, 0x0c, 0x10, 0x06, 0x0c, 0x05, 0x05, 0x06, 0x05, 0x0c, 0x06,
    0x10, 0x0c, 0x10, 0x05, 0x0c, 0x12, 0x06, 0x0c, 0x05, 0x11, 0x0b, 0x05,
    0x11, 0x0b, 0x06, 0x12, 0x06, 0x06, 0x12, 0x06, 0x05, 0x0b, 0x11, 0x05,
    0x16, 0x05, 0x05, 0x0c, 0x10, 0x06, 0x16, 0x05, 0x0c, 0x05, 0x0b, 0x06,
    0x12, 0x06, 0x06, 0x05, 0x0b, 0x11, 0x05, 0x0b, 0x11, 0x05, 0x0b, 0x11,
    0x06, 0x12, 0x06, 0x05, 0x0b, 0x11, 0x05, 0x16, 0x05, 0x06, 0x16, 0x05,
    0x06, 0x16, 0x05, 0x06, 0x12, 0x05, 0x11, 0x12, 0x06, 0x06, 0x10, 0x0c,
    0x05, 0x10, 0x0c, 0x05, 0x06, 0x12, 0x06, 0x16, 0x10, 0x0c, 0x05, 0x10,
    0x16, 0x05, 0x10, 0x0c, 0x05, 0x06, 0x0c, 0x10, 0x06, 0x0b, 0x0c, 0x06,
    0x05, 0x0b, 0x11, 0x0b, 0x06, 0x0c, 0x05, 0x06, 0x06, 0x12, 0x06, 0x06,
    0x12, 0x06, 0x0c, 0x0b, 0x11, 0x0c, 0x05, 0x05, 0x0c, 0x10, 0x05, 0x0c,
    0x11, 0x0b, 0x06, 0x0b, 0x0b, 0x06, 0x16, 0x05, 0x0c, 0x05, 0x12, 0x06,
    0x10, 0x0c, 0x06, 0x05, 0x0c, 0x05, 0x05, 0x0c, 0x23, 0x06, 0x0b, 0x11,
    0x05, 0x06, 0x0b, 0x06, 0x10, 0x0b, 0x0c, 0x10, 0x05, 0x06, 0x0c, 0x05,
    0x05, 0x0c, 0x05, 0x05, 0x16, 0x05, 0x06, 0x0b, 0x06, 0x0c, 0x05, 0x06,
    0x0c, 0x10, 0x06, 0x0b, 0x11, 0x06, 0x0b, 0x11, 0x0c, 0x05, 0x10, 0x0c,
    0x06, 0x05, 0x0c, 0x05, 0x06, 0x12, 0x05, 0x06, 0x12, 0x05, 0x11, 0x0b,
    0x10, 0x06, 0x0b, 0x06, 0x16, 0x05, 0x0c, 0x10, 0x05, 0x0c, 0x10, 0x12,
    0x0c, 0x10, 0x05, 0x0c, 0x10, 0x05, 0x0c, 0x06, 0x05, 0x0c, 0x05, 0x05,
    0x0c, 0x05, 0x06, 0x16, 0x0b, 0x06, 0x05, 0x0b, 0x06, 0x12, 0x05, 0x06,
    0x0c, 0x06, 0x0b, 0x06, 0x11, 0x0b, 0x06, 0x16, 0x05, 0x05, 0x0c, 0x10,
    0x06, 0x11, 0x0b, 0x06, 0x12, 0x05, 0x0c, 0x06, 0x0b, 0x06, 0x06, 0x0b,
    0x06, 0x11, 0x0b, 0x05, 0x06, 0x0b, 0x06, 0x16, 0x05, 0x0c, 0x05, 0x05,
    0x16, 0x05, 0x05, 0x16, 0x05, 0x05, 0x0c, 0x06, 0x05, 0x0c, 0x05, 0x0c,
    0x0b, 0x05, 0x11, 0x0c, 0x05, 0x06, 0x16, 0x05, 0x05, 0x0c, 0x05, 0x05,
    0x0c, 0x06, 0x05, 0x16, 0x06, 0x0b, 0x06, 0x0c, 0x10, 0x10, 0x0c, 0x05,
    0x06, 0x05, 0x11, 0x0b, 0x05, 0x06, 0x0c, 0x05, 0x10, 0x0c, 0x05, 0x12,
    0x0b, 0x06, 0x05, 0x12, 0x06, 0x05, 0x0b, 0x06, 0x10, 0x06, 0x0c, 0x10,
    0x0c, 0x05, 0x11, 0x0b, 0x05, 0x11, 0x05, 0x06, 0x11, 0x05, 0x05, 0x16,
    0x05, 0x06, 0x0c, 0x05, 0x05, 0x16, 0x0b, 0x05, 0x11, 0x16, 0x05, 0x06,
    0x11, 0x22, 0x05, 0x0c, 0x10, 0x0c, 0x05, 0x11, 0x06, 0x06, 0x05, 0x0c,
    0x11, 0x05, 0x0b, 0x11, 0x06, 0x0b, 0x11, 0x05, 0x0c, 0x05, 0x11, 0x0b,
    0x10, 0x06, 0x12, 0x06, 0x06, 0x0b, 0x05, 0x0c, 0x11, 0x05, 0x0b, 0x06,
    0x05, 0x16, 0x0c, 0x05, 0x10, 0x0c, 0x10, 0x06, 0x0c, 0x10, 0x06, 0x0b,
    0x06, 0x06, 0x12, 0x06, 0x0b, 0x06, 0x11, 0x0b, 0x05, 0x11, 0x0c, 0x05,
    0x06, 0x0c, 0x05, 0x06, 0x06, 0x0c, 0x10, 0x0c, 0x06, 0x0b, 0x06, 0x0b,
    0x11, 0x06, 0x12, 0x06, 0x10, 0x12, 0x06, 0x05, 0x0c, 0x10, 0x06, 0x16,
    0x05, 0x06, 0x0c, 0x05, 0x10, 0x0c, 0x10, 0x05, 0x0c, 0x05, 0x05, 0x0c,
    0x11, 0x05, 0x0c, 0x0b, 0x05, 0x0c, 0x05, 0x11, 0x0c, 0x05, 0x06, 0x10,
    0x12, 0x06, 0x10, 0x0b, 0x06, 0x10, 0x0c, 0x0c, 0x05, 0x11, 0x0b, 0x05,
    0x06, 0x16, 0x05, 0x06, 0x0c, 0x05, 0x0c, 0x06, 0x0b, 0x06, 0x12, 0x05,
    0x16, 0x05, 0x06, 0x16, 0x05, 0x06, 0x0b, 0x05, 0x0c, 0x05, 0x0c, 0x0c,
    0x10, 0x0c, 0x11, 0x05, 0x0c, 0x10, 0x05, 0x0c, 0x05, 0x06, 0x0b, 0x05,
    0x06, 0x0b, 0x06, 0x12, 0x0b, 0x06, 0x12, 0x06, 0x06, 0x12, 0x11, 0x05,
    0x0c, 0x06, 0x10, 0x06, 0x06, 0x12, 0x06, 0x06, 0x0b, 0x11, 0x06, 0x0b,
    0x10, 0x06, 0x0b, 0x05, 0x11, 0x0b, 0x06, 0x0c, 0x05, 0x0c, 0x0b, 0x05,
    0x16, 0x0c, 0x05, 0x06, 0x0b, 0x10, 0x06, 0x16, 0x05, 0x06, 0x0c, 0x05,
    0x05, 0x0c, 0x05, 0x0b, 0x16, 0x05, 0x03, 0x05, 0x06, 0x0b, 0x05, 0x16,
    0x0b, 0x0b, 0x11, 0x05, 0x0b, 0x06, 0x0c, 0x12, 0x05, 0x06, 0x16, 0x05,
    0x06, 0x12, 0x06, 0x0c, 0x0b, 0x06, 0x10, 0x0b, 0x06, 0x12, 0x10, 0x06,
    0x0b, 0x06, 0x0b, 0x11, 0x05, 0x0b, 0x05, 0x06, 0x0c, 0x05, 0x12, 0x06,
    0x05, 0x12, 0x0c, 0x06, 0x12, 0x05, 0x06, 0x0c, 0x05, 0x06, 0x0b, 0x11,
    0x05, 0x0b, 0x06, 0x10, 0x0b, 0x06, 0x12, 0x0b, 0x06, 0x05, 0x05, 0x0c,
    0x10, 0x05, 0x06, 0x12, 0x05, 0x0c, 0x10, 0x05, 0x0c, 0x06, 0x05, 0x16,
    0x05, 0x05, 0x0c, 0x05, 0x06, 0x12, 0x05, 0x06, 0x16, 0x05, 0x0b, 0x06,
    0x11, 0x0b, 0x11, 0x05, 0x0b, 0x06, 0x10, 0x0c, 0x11, 0x05, 0x0b, 0x06,
    0x05, 0x12, 0x06, 0x06, 0x0b, 0x06, 0x05, 0x16, 0x0b, 0x06, 0x05, 0x0b,
    0x06, 0x11, 0x0b, 0x06, 0x10, 0x0b, 0x06, 0x10, 0x0c, 0x10, 0x05, 0x16,
    0x05, 0x06, 0x16, 0x05, 0x06, 0x0b, 0x10, 0x06, 0x0b, 0x10, 0x06, 0x16,
    0x05, 0x11, 0x10, 0x05, 0x05, 0x06, 0x0b, 0x10, 0x0c, 0x06, 0x10, 0x0c,
    0x0b, 0x10, 0x06, 0x16, 0x10, 0x06, 0x0c, 0x05, 0x06, 0x11, 0x0b, 0x06,
    0x0b, 0x05, 0x0c, 0x05, 0x10, 0x0c, 0x0b, 0x05, 0x0c, 0x05, 0x10, 0x0c,
    0x05, 0x0b, 0x06, 0x16, 0x05, 0x06, 0x0c, 0x05, 0x10, 0x0c, 0x05, 0x10,
    0x0c, 0x11, 0x05, 0x0c, 0x11, 0x05, 0x0b, 0x11, 0x0c, 0x05, 0x0c, 0x05,
    0x10, 0x0c, 0x05, 0x11, 0x16, 0x05, 0x06, 0x06, 0x10, 0x0b, 0x0c, 0x22,
    0x06, 0x0b, 0x11, 0x06, 0x05, 0x06, 0x0b, 0x11, 0x0c, 0x05, 0x10, 0x06,
    0x06, 0x0b, 0x05, 0x0c, 0x05, 0x0c, 0x10, 0x05, 0x06, 0x05, 0x0c, 0x06,
    0x05, 0x0c, 0x06, 0x05, 0x16, 0x05, 0x05, 0x16, 0x06, 0x0c, 0x10, 0x06,
    0x12, 0x06, 0x06, 0x0b, 0x06, 0x06, 0x0b, 0x05, 0x06, 0x0b, 0x10, 0x0c,
    0x05, 0x10, 0x0c, 0x0b, 0x06, 0x11, 0x0b, 0x06, 0x06, 0x12, 0x06, 0x06,
    0x12, 0x11, 0x0b, 0x06, 0x16, 0x05, 0x0c, 0x11, 0x05, 0x0c, 0x06, 0x05,
    0x0c, 0x06, 0x0b, 0x06, 0x0c, 0x10, 0x06, 0x0c, 0x10, 0x05, 0x0c, 0x10,
    0x05, 0x0c, 0x06, 0x05, 0x0c, 0x05, 0x0c, 0x16, 0x05, 0x0c, 0x05, 0x05,
    0x0c, 0x06, 0x10, 0x0c, 0x11, 0x0b, 0x05, 0x16, 0x0b, 0x06, 0x0b, 0x06,
    0x05, 0x16, 0x06, 0x10, 0x0b, 0x06, 0x10, 0x0b, 0x06, 0x0c, 0x05, 0x06,
    0x0b, 0x0c, 0x06, 0x10, 0x0c, 0x05, 0x10, 0x0c, 0x05, 0x06, 0x0c, 0x10,
    0x0c, 0x06, 0x05, 0x0c, 0x05, 0x0c, 0x06, 0x0b, 0x16, 0x06, 0x05, 0x0c,
    0x05, 0x06, 0x0b, 0x06, 0x06, 0x12, 0x06, 0x05, 0x0c, 0x05, 0x12, 0x06,
    0x05, 0x0c, 0x05, 0x10, 0x0c, 0x06, 0x10, 0x0c, 0x06, 0x05, 0x16, 0x05,
    0x11, 0x0c, 0x05, 0x06, 0x16, 0x05, 0x05, 0x16, 0x05, 0x05, 0x16, 0x0b,
    0x06, 0x06, 0x0b, 0x06, 0x05, 0x0b, 0x11, 0x05, 0x05, 0x0c, 0x05, 0x05,
    0x16, 0x05, 0x06, 0x16, 0x05, 0x0c, 0x05, 0x0b, 0x06, 0x0b, 0x12, 0x06,
    0x0c, 0x05, 0x06, 0x06, 0x23, 0x05, 0x0c, 0x10, 0x0c, 0x05, 0x11, 0x05,
    0x0b, 0x06, 0x16, 0x05, 0x05, 0x16, 0x06, 0x10, 0x05, 0x0c, 0x11, 0x0b,
    0x06, 0x10, 0x12, 0x06, 0x0b, 0x10, 0x0c, 0x05, 0x0c, 0x06, 0x10, 0x0c,
    0x05, 0x05, 0x0c, 0x11, 0x05, 0x0b, 0x11, 0x05, 0x0b, 0x11, 0x0c, 0x10,
    0x06, 0x06, 0x05, 0x16, 0x06, 0x05, 0x16, 0x05, 0x06, 0x12, 0x06, 0x0b,
    0x05, 0x0c, 0x05, 0x05, 0x06, 0x06, 0x0b, 0x11, 0x05, 0x05, 0x0c, 0x05,
    0x0c, 0x10, 0x06, 0x12, 0x05, 0x11, 0x12, 0x05, 0x06, 0x0b, 0x10, 0x0c,
    0x05, 0x16, 0x06, 0x0c, 0x06, 0x0b, 0x10, 0x06, 0x12, 0x10, 0x06, 0x05,
    0x05, 0x16, 0x06, 0x12, 0x06, 0x05, 0x0b, 0x06, 0x10, 0x0c, 0x06, 0x05,
    0x06, 0x10, 0x05, 0x16, 0x05, 0x06, 0x0b, 0x06, 0x11, 0x0b, 0x06, 0x0c,
    0x05, 0x11, 0x0b, 0x11, 0x05, 0x0b, 0x11, 0x05, 0x0c, 0x06, 0x05, 0x0c,
    0x05, 0x10, 0x0c, 0x05, 0x05, 0x16, 0x05, 0x0c, 0x10, 0x05, 0x0c, 0x05,
    0x05, 0x0c, 0x10, 0x0c, 0x11, 0x05, 0x12, 0x0c, 0x05, 0x10, 0x0c, 0x06,
    0x05, 0x0b, 0x06, 0x06, 0x12, 0x10, 0x0c, 0x06, 0x05, 0x16, 0x05, 0x05,
    0x16, 0x05, 0x0c, 0x05, 0x06, 0x12, 0x05, 0x0c, 0x10, 0x06, 0x0c, 0x10,
    0x06, 0x0b, 0x06, 0x05, 0x12, 0x06, 0x0b, 0x11, 0x0c, 0x06, 0x05, 0x0c,
    0x11, 0x0b, 0x06, 0x11, 0x0b, 0x06, 0x05, 0x12, 0x06, 0x05, 0x16, 0x06,
    0x10, 0x06, 0x06, 0x05, 0x12, 0x06, 0x12, 0x05, 0x06, 0x22, 0x05, 0x06,
    0x0b, 0x05, 0x16, 0x0c, 0x05, 0x05, 0x11, 0x0b, 0x0c, 0x05, 0x0b, 0x11,
    0x0c, 0x05, 0x11, 0x0b, 0x06, 0x0c, 0x0b, 0x06, 0x06, 0x10, 0x0c, 0x10,
    0x05, 0x0c, 0x05, 0x0c, 0x11, 0x05, 0x0b, 0x11, 0x0b, 0x06, 0x0c, 0x05,
    0x16, 0x05, 0x05, 0x16, 0x05, 0x12, 0x0c, 0x05, 0x06, 0x0b, 0x06, 0x0b,
    0x11, 0x05, 0x0b, 0x06, 0x11, 0x12, 0x06, 0x16, 0x0b, 0x10, 0x0c, 0x05,
    0x0c, 0x05, 0x16, 0x05, 0x06, 0x12, 0x06, 0x05, 0x0c, 0x06, 0x05, 0x0c,
    0x10, 0x06, 0x0b, 0x06, 0x05, 0x0b, 0x06, 0x05, 0x10, 0x0c, 0x06, 0x0b,
    0x06, 0x0c, 0x0b, 0x11, 0x05, 0x0b, 0x06, 0x05, 0x16, 0x06, 0x10, 0x0c,
    0x05, 0x05, 0x0c, 0x10, 0x0c, 0x0c, 0x05, 0x06, 0x16, 0x05, 0x05, 0x16,
    0x05, 0x0b, 0x06, 0x10, 0x0b, 0x06, 0x05, 0x16, 0x06, 0x05, 0x16, 0x05,
    0x05, 0x16, 0x05, 0x16, 0x06, 0x05, 0x16, 0x0c, 0x05, 0x06, 0x0b, 0x11,
    0x05, 0x0c, 0x11, 0x10, 0x0c, 0x11, 0x05, 0x0b, 0x06, 0x05, 0x16, 0x06,
    0x05, 0x16, 0x05, 0x05, 0x16, 0x11, 0x0b, 0x06, 0x06, 0x0b, 0x06, 0x10,
    0x0b, 0x06, 0x0b, 0x06, 0x0c, 0x05, 0x10, 0x0c, 0x06, 0x05, 0x0c, 0x05,
    0x11, 0x0b, 0x05, 0x0c, 0x06, 0x05, 0x16, 0x06, 0x05, 0x11, 0x0c, 0x05,
    0x10, 0x0c, 0x10, 0x05, 0x0c, 0x10, 0x0b, 0x06, 0x10, 0x0c, 0x06, 0x10,
    0x0c, 0x05, 0x05, 0x0c, 0x05, 0x12, 0x0c, 0x06, 0x10, 0x06, 0x0c, 0x05,
    0x16, 0x0c, 0x22, 0x25, 0x0b, 0x11, 0x06, 0x05, 0x0c, 0x06, 0x10, 0x0c,
    0x05, 0x11, 0x06, 0x05, 0x0b, 0x06, 0x0b, 0x05, 0x06, 0x10, 0x05, 0x0c,
    0x05, 0x16, 0x06, 0x05, 0x0c, 0x11, 0x05, 0x12, 0x06, 0x05, 0x0c, 0x11,
    0x05, 0x0b, 0x06, 0x10, 0x0b, 0x06, 0x06, 0x0b, 0x06, 0x06, 0x0b, 0x10,
    0x06, 0x12, 0x06, 0x05, 0x16, 0x06, 0x05, 0x0c, 0x05, 0x06, 0x0b, 0x05,
    0x06, 0x11, 0x0b, 0x05, 0x11, 0x0b, 0x06, 0x11, 0x0b, 0x05, 0x06, 0x0b,
    0x05, 0x16, 0x0b, 0x06, 0x0b, 0x06, 0x10, 0x0c, 0x11, 0x05, 0x16, 0x05,
    0x0b, 0x11, 0x05, 0x0b, 0x11, 0x05, 0x06, 0x0c, 0x05, 0x16, 0x0c, 0x05,
    0x05, 0x0c, 0x05, 0x0c, 0x11, 0x0b, 0x06, 0x10, 0x0b, 0x06, 0x10, 0x0b,
    0x06, 0x0c, 0x05, 0x16, 0x06, 0x05, 0x0c, 0x11, 0x05, 0x0c, 0x10, 0x0b,
    0x06, 0x0b, 0x06, 0x06, 0x0b, 0x06, 0x05, 0x0b, 0x11, 0x0b, 0x05, 0x06,
    0x12, 0x06, 0x06, 0x12, 0x05, 0x06, 0x0b, 0x06, 0x05, 0x0b, 0x06, 0x11,
    0x0b, 0x05, 0x0c, 0x05, 0x05, 0x06, 0x0c, 0x05, 0x06, 0x0b, 0x05, 0x11,
    0x0b, 0x10, 0x0c, 0x06, 0x05, 0x16, 0x06, 0x05, 0x12, 0x06, 0x06, 0x0b,
    0x10, 0x06, 0x12, 0x06, 0x06, 0x0b, 0x06, 0x10, 0x0b, 0x06, 0x12, 0x05,
    0x0c, 0x0b, 0x06, 0x05, 0x0c, 0x05, 0x05, 0x16, 0x0c, 0x05, 0x06, 0x0c,
    0x05, 0x0b, 0x06, 0x0b, 0x06, 0x0c, 0x10, 0x0c, 0x06, 0x05, 0x0c, 0x05,
    0x0b, 0x0c, 0x05, 0x05, 0x06, 0x05, 0x12, 0x0d, 0x04, 0x0b, 0x11, 0x05,
    0x0b, 0x10, 0x0c, 0x06, 0x0b, 0x06, 0x05, 0x16, 0x0c, 0x05, 0x11, 0x0c,
    0x0b, 0x11, 0x0b, 0x06, 0x10, 0x0b, 0x06, 0x0b, 0x05, 0x0c, 0x06, 0x10,
    0x0c, 0x05, 0x0b, 0x11, 0x06, 0x0b, 0x06, 0x11, 0x0b, 0x06, 0x10, 0x0c,
    0x10, 0x05, 0x0c, 0x06, 0x05, 0x0c, 0x11, 0x05, 0x0b, 0x11, 0x05, 0x0c,
    0x10, 0x06, 0x0b, 0x11, 0x05, 0x0b, 0x06, 0x06, 0x0b, 0x11, 0x05, 0x0b,
    0x06, 0x16, 0x05, 0x06, 0x16, 0x05, 0x05, 0x11, 0x05, 0x0c, 0x10, 0x0c,
    0x05, 0x0b, 0x06, 0x11, 0x0c, 0x05, 0x0c, 0x06, 0x10, 0x0c, 0x10, 0x05,
    0x06, 0x05, 0x06, 0x11, 0x0b, 0x11, 0x05, 0x0b, 0x06, 0x10, 0x0c, 0x06,
    0x05, 0x0c, 0x06, 0x10, 0x0b, 0x06, 0x10, 0x0b, 0x06, 0x05, 0x0b, 0x11,
    0x0b, 0x06, 0x06, 0x0b, 0x11, 0x05, 0x0b, 0x11, 0x0b, 0x11, 0x0c, 0x05,
    0x06, 0x0b, 0x11, 0x06, 0x0b, 0x05, 0x11, 0x0b, 0x06, 0x0c, 0x10, 0x0c,
    0x05, 0x16, 0x05, 0x0b, 0x06, 0x11, 0x0b, 0x11, 0x0c, 0x10, 0x0b, 0x06,
    0x16, 0x05, 0x0c, 0x05, 0x06, 0x0b, 0x10, 0x06, 0x0b, 0x05, 0x0c, 0x10,
    0x06, 0x0b, 0x10, 0x06, 0x0c, 0x05, 0x0b, 0x11, 0x05, 0x0b, 0x16, 0x06,
    0x05, 0x16, 0x06, 0x05, 0x06, 0x10, 0x0c, 0x10, 0x05, 0x16, 0x06, 0x05,
    0x0c, 0x10, 0x05, 0x0c, 0x11, 0x10, 0x0c, 0x10, 0x05, 0x0c, 0x10, 0x05,
    0x0c, 0x10, 0x11, 0x06, 0x10, 0x06, 0x16, 0x10, 0x0c, 0x0c, 0x05, 0x06,
    0x0f, 0x0d, 0x05, 0x0b, 0x06, 0x11, 0x0b, 0x05, 0x11, 0x0b, 0x05, 0x0c,
    0x10, 0x05, 0x06, 0x10, 0x06, 0x06, 0x12, 0x06, 0x0c, 0x05, 0x11, 0x06,
    0x10, 0x0b, 0x06, 0x05, 0x0b, 0x06, 0x11, 0x0b, 0x05, 0x0c, 0x05, 0x10,
    0x0c, 0x05, 0x06, 0x0c, 0x0b, 0x06, 0x10, 0x0b, 0x11, 0x0b, 0x05, 0x0c,
    0x05, 0x0c, 0x05, 0x0b, 0x16, 0x06, 0x05, 0x16, 0x06, 0x0c, 0x10, 0x0b,
    0x06, 0x16, 0x05, 0x06, 0x0b, 0x05, 0x06, 0x12, 0x06, 0x0c, 0x05, 0x06,
    0x16, 0x05, 0x05, 0x0c, 0x06, 0x10, 0x0c, 0x05, 0x05, 0x0c, 0x10, 0x05,
    0x0c, 0x05, 0x0c, 0x0c, 0x10, 0x12, 0x0c, 0x05, 0x05, 0x0c, 0x11, 0x05,
    0x0c, 0x10, 0x05, 0x0c, 0x10, 0x0b, 0x06, 0x10, 0x0c, 0x06, 0x05, 0x16,
    0x06, 0x05, 0x16, 0x06, 0x05, 0x0b, 0x11, 0x05, 0x0c, 0x06, 0x05, 0x16,
    0x05, 0x05, 0x16, 0x05, 0x16, 0x05, 0x06, 0x0b, 0x11, 0x0b, 0x06, 0x05,
    0x12, 0x06, 0x05, 0x16, 0x05, 0x06, 0x16, 0x05, 0x06, 0x0b, 0x06, 0x10,
    0x0b, 0x06, 0x06, 0x12, 0x05, 0x06, 0x12, 0x06, 0x16, 0x05, 0x06, 0x0c,
    0x10, 0x06, 0x0c, 0x10, 0x06, 0x0c, 0x05, 0x16, 0x05, 0x06, 0x16, 0x05,
    0x0c, 0x06, 0x10, 0x0b, 0x06, 0x05, 0x0b, 0x11, 0x0b, 0x0c, 0x06, 0x10,
    0x0c, 0x06, 0x0b, 0x11, 0x05, 0x0c, 0x06, 0x10, 0x0b, 0x05, 0x06, 0x0c,
    0x05, 0x11, 0x0c, 0x05, 0x06, 0x0b, 0x0b, 0x06, 0x0b, 0x05, 0x06, 0x05,
    0x0b, 0x11, 0x10, 0x0c, 0x06, 0x26, 0x27, 0x0c, 0x06, 0x0b, 0x06, 0x06,
    0x0b, 0x11, 0x06, 0x0b, 0x11, 0x05, 0x0c, 0x0b, 0x0b, 0x05, 0x06, 0x0b,
    0x05, 0x06, 0x12, 0x0c, 0x05, 0x0c, 0x11, 0x10, 0x0c, 0x0b, 0x11, 0x06,
    0x0b, 0x11, 0x05, 0x0c, 0x05, 0x0c, 0x10, 0x05, 0x0c, 0x10, 0x06, 0x0c,
    0x05, 0x06, 0x11, 0x0b, 0x11, 0x06, 0x10, 0x0c, 0x06, 0x05, 0x0b, 0x05,
    0x10, 0x0c, 0x05, 0x11, 0x05, 0x0b, 0x06, 0x05, 0x16, 0x11, 0x05, 0x0c,
    0x05, 0x10, 0x0c, 0x05, 0x16, 0x0b, 0x06, 0x10, 0x0c, 0x05, 0x11, 0x0c,
    0x05, 0x12, 0x06, 0x06, 0x12, 0x06, 0x05, 0x10, 0x06, 0x0c, 0x05, 0x16,
    0x05, 0x0b, 0x06, 0x0b, 0x11, 0x06, 0x0b, 0x06, 0x06, 0x12, 0x06, 0x05,
    0x0b, 0x06, 0x10, 0x0b, 0x06, 0x05, 0x12, 0x0c, 0x06, 0x05, 0x16, 0x05,
    0x0b, 0x11, 0x05, 0x0c, 0x06, 0x05, 0x0c, 0x05, 0x05, 0x0c, 0x11, 0x05,
    0x0b, 0x06, 0x11, 0x0b, 0x06, 0x0c, 0x05, 0x05, 0x0c, 0x05, 0x05, 0x0c,
    0x11, 0x05, 0x0c, 0x05, 0x06, 0x0b, 0x05, 0x06, 0x16, 0x05, 0x05, 0x0c,
    0x05, 0x10, 0x0c, 0x05, 0x0c, 0x05, 0x10, 0x0c, 0x05, 0x0b, 0x06, 0x10,
    0x0c, 0x05, 0x10, 0x0c, 0x05, 0x05, 0x16, 0x06, 0x05, 0x16, 0x06, 0x05,
    0x0b, 0x11, 0x05, 0x0b, 0x06, 0x05, 0x0b, 0x06, 0x12, 0x05, 0x06, 0x0c,
    0x05, 0x06, 0x0c, 0x10, 0x05, 0x0c, 0x05, 0x10, 0x0c, 0x11, 0x05, 0x06,
    0x16, 0x0b, 0x06, 0x12, 0x06, 0x06, 0x05, 0x0b, 0x10, 0x05, 0x28, 0x1b,
    0x13, 0x16, 0x05, 0x12, 0x06, 0x0b, 0x05, 0x06, 0x16, 0x05, 0x06, 0x16,
    0x06, 0x10, 0x0c, 0x11, 0x05, 0x0c, 0x10, 0x06, 0x0b, 0x05, 0x06, 0x0b,
    0x06, 0x05, 0x11, 0x0b, 0x05, 0x06, 0x12, 0x06, 0x06, 0x12, 0x06, 0x0c,
    0x10, 0x05, 0x0c, 0x10, 0x0c, 0x05, 0x0b, 0x06, 0x05, 0x0b, 0x11, 0x0b,
    0x05, 0x11, 0x06, 0x0b, 0x11, 0x06, 0x0b, 0x05, 0x0c, 0x06, 0x10, 0x0c,
    0x05, 0x0b, 0x06, 0x16, 0x05, 0x06, 0x0b, 0x10, 0x06, 0x05, 0x0c, 0x05,
    0x11, 0x0b, 0x05, 0x0c, 0x05, 0x11, 0x0c, 0x05, 0x0c, 0x05, 0x16, 0x0c,
    0x05, 0x05, 0x06, 0x05, 0x06, 0x16, 0x05, 0x11, 0x0b, 0x05, 0x0c, 0x12,
    0x05, 0x06, 0x0b, 0x11, 0x0c, 0x0b, 0x11, 0x0c, 0x05, 0x0c, 0x11, 0x05,
    0x05, 0x0b, 0x11, 0x06, 0x0b, 0x06, 0x12, 0x05, 0x0c, 0x10, 0x0c, 0x11,
    0x05, 0x0c, 0x05, 0x11, 0x0b, 0x06, 0x05, 0x0b, 0x11, 0x05, 0x0c, 0x11,
    0x10, 0x0c, 0x11, 0x05, 0x0b, 0x11, 0x0b, 0x10, 0x16, 0x06, 0x11, 0x0b,
    0x05, 0x0c, 0x11, 0x05, 0x0c, 0x06, 0x05, 0x16, 0x05, 0x06, 0x16, 0x0b,
    0x06, 0x10, 0x0c, 0x05, 0x06, 0x0b, 0x06, 0x0c, 0x05, 0x11, 0x0b, 0x05,
    0x06, 0x0b, 0x10, 0x0c, 0x06, 0x05, 0x06, 0x16, 0x05, 0x06, 0x12, 0x06,
    0x06, 0x0b, 0x11, 0x05, 0x12, 0x06, 0x0b, 0x11, 0x0b, 0x06, 0x16, 0x05,
    0x05, 0x0c, 0x0b, 0x11, 0x05, 0x05, 0x11, 0x0b, 0x06, 0x12, 0x0c, 0x06,
    0x0c, 0x05, 0x08, 0x00, 0x00, 0x1d, 0x05, 0x06, 0x10, 0x0c, 0x06, 0x10,
    0x0b, 0x06, 0x0b, 0x05, 0x06, 0x05, 0x0c, 0x10, 0x0b, 0x06, 0x12, 0x06,
    0x06, 0x12, 0x06, 0x10, 0x0c, 0x0b, 0x06, 0x05, 0x0c, 0x05, 0x06, 0x0b,
    0x0b, 0x11, 0x05, 0x0b, 0x06, 0x06, 0x0b, 0x06, 0x05, 0x11, 0x0c, 0x10,
    0x0c, 0x06, 0x05, 0x0c, 0x06, 0x0b, 0x10, 0x0c, 0x06, 0x0b, 0x06, 0x11,
    0x0b, 0x06, 0x12, 0x06, 0x06, 0x12, 0x06, 0x05, 0x0b, 0x11, 0x0c, 0x0c,
    0x05, 0x11, 0x0b, 0x06, 0x06, 0x0b, 0x11, 0x06, 0x0b, 0x05, 0x06, 0x0b,
    0x10, 0x06, 0x05, 0x05, 0x16, 0x0c, 0x05, 0x12, 0x0c, 0x05, 0x06, 0x0c,
    0x05, 0x11, 0x05, 0x06, 0x16, 0x05, 0x05, 0x0c, 0x10, 0x06, 0x05, 0x05,
    0x0c, 0x10, 0x05, 0x0c, 0x06, 0x05, 0x16, 0x05, 0x05, 0x0c, 0x11, 0x05,
    0x0c, 0x10, 0x05, 0x0c, 0x05, 0x11, 0x0b, 0x06, 0x0b, 0x16, 0x06, 0x05,
    0x16, 0x05, 0x05, 0x0c, 0x05, 0x0b, 0x06, 0x0c, 0x10, 0x06, 0x0b, 0x06,
    0x05, 0x0b, 0x06, 0x0b, 0x11, 0x05, 0x0c, 0x05, 0x12, 0x06, 0x05, 0x16,
    0x05, 0x05, 0x16, 0x05, 0x06, 0x05, 0x16, 0x06, 0x0b, 0x10, 0x06, 0x12,
    0x06, 0x05, 0x16, 0x0c, 0x05, 0x11, 0x0c, 0x05, 0x10, 0x0c, 0x0b, 0x10,
    0x0c, 0x05, 0x16, 0x05, 0x11, 0x0b, 0x06, 0x0c, 0x05, 0x11, 0x0b, 0x06,
    0x10, 0x0c, 0x05, 0x06, 0x16, 0x05, 0x06, 0x0b, 0x06, 0x0c, 0x05, 0x06,
    0x0c, 0x05, 0x05, 0x10, 0x0c, 0x05, 0x16, 0x29, 0x00, 0x00, 0x1b, 0x04,
    0x0b, 0x06, 0x05, 0x16, 0x05, 0x06, 0x12, 0x06, 0x12, 0x05, 0x0c, 0x05,
    0x06, 0x0c, 0x05, 0x05, 0x0c, 0x05, 0x06, 0x0b, 0x06, 0x10, 0x0c, 0x10,
    0x0c, 0x11, 0x12, 0x06, 0x06, 0x12, 0x06, 0x06, 0x12, 0x05, 0x16, 0x06,
    0x0b, 0x10, 0x0c, 0x05, 0x10, 0x0c, 0x10, 0x10, 0x0c, 0x06, 0x10, 0x0b,
    0x06, 0x10, 0x0b, 0x05, 0x11, 0x0b, 0x05, 0x06, 0x0b, 0x05, 0x16, 0x06,
    0x05, 0x0b, 0x06, 0x10, 0x05, 0x0c, 0x05, 0x16, 0x05, 0x0b, 0x11, 0x05,
    0x0c, 0x10, 0x16, 0x06, 0x05, 0x16, 0x0c, 0x05, 0x05, 0x11, 0x06, 0x0b,
    0x11, 0x06, 0x0b, 0x10, 0x0c, 0x0b, 0x06, 0x0c, 0x05, 0x06, 0x16, 0x05,
    0x06, 0x0b, 0x11, 0x06, 0x0b, 0x11, 0x06, 0x0b, 0x12, 0x06, 0x0c, 0x10,
    0x0c, 0x05, 0x11, 0x0b, 0x06, 0x06, 0x0b, 0x06, 0x05, 0x16, 0x05, 0x06,
    0x12, 0x05, 0x06, 0x12, 0x06, 0x0c, 0x05, 0x16, 0x06, 0x05, 0x12, 0x06,
    0x05, 0x0b, 0x06, 0x06, 0x12, 0x06, 0x06, 0x0b, 0x05, 0x11, 0x0c, 0x05,
    0x11, 0x0c, 0x05, 0x12, 0x06, 0x0c, 0x05, 0x0c, 0x05, 0x05, 0x0c, 0x05,
    0x06, 0x12, 0x06, 0x06, 0x12, 0x05, 0x06, 0x0b, 0x06, 0x05, 0x12, 0x06,
    0x06, 0x0b, 0x06, 0x11, 0x0b, 0x06, 0x05, 0x0b, 0x06, 0x0b, 0x10, 0x06,
    0x0b, 0x06, 0x05, 0x0c, 0x05, 0x06, 0x0b, 0x05, 0x06, 0x0b, 0x11, 0x05,
    0x11, 0x0b, 0x10, 0x16, 0x05, 0x10, 0x0c, 0x06, 0x05, 0x10, 0x06, 0x2a,
    0x00, 0x00, 0x00, 0x00, 0x19, 0x0c, 0x05, 0x12, 0x06, 0x0c, 0x05, 0x06,
    0x0c, 0x10, 0x0c, 0x11, 0x10, 0x0b, 0x11, 0x06, 0x12, 0x06, 0x12, 0x05,
    0x0c, 0x10, 0x06, 0x05, 0x0b, 0x06, 0x05, 0x0b, 0x06, 0x10, 0x0b, 0x06,
    0x06, 0x0b, 0x10, 0x06, 0x0b, 0x11, 0x06, 0x0b, 0x06, 0x06, 0x0b, 0x06,
    0x0b, 0x05, 0x11, 0x0c, 0x05, 0x06, 0x16, 0x05, 0x0c, 0x06, 0x10, 0x0c,
    0x06, 0x10, 0x0b, 0x06, 0x05, 0x16, 0x06, 0x05, 0x0b, 0x11, 0x06, 0x0b,
    0x06, 0x10, 0x0c, 0x05, 0x0b, 0x06, 0x05, 0x0b, 0x06, 0x05, 0x0c, 0x10,
    0x0c, 0x0c, 0x05, 0x05, 0x0c, 0x05, 0x11, 0x0b, 0x06, 0x10, 0x05, 0x16,
    0x05, 0x0b, 0x10, 0x0c, 0x06, 0x10, 0x0b, 0x0c, 0x05, 0x12, 0x06, 0x06,
    0x0b, 0x11, 0x05, 0x05, 0x0c, 0x06, 0x0b, 0x05, 0x0c, 0x10, 0x05, 0x0c,
    0x11, 0x0b, 0x0b, 0x06, 0x06, 0x12, 0x06, 0x05, 0x05, 0x16, 0x05, 0x05,
    0x16, 0x06, 0x05, 0x16, 0x06, 0x05, 0x16, 0x05, 0x0b, 0x11, 0x0b, 0x11,
    0x06, 0x0b, 0x05, 0x0c, 0x05, 0x10, 0x0c, 0x06, 0x05, 0x0c, 0x10, 0x06,
    0x0c, 0x10, 0x16, 0x0c, 0x05, 0x10, 0x0c, 0x05, 0x0c, 0x05, 0x0c, 0x11,
    0x05, 0x0b, 0x11, 0x0b, 0x06, 0x0b, 0x10, 0x06, 0x05, 0x0c, 0x11, 0x05,
    0x0c, 0x11, 0x05, 0x0c, 0x10, 0x05, 0x16, 0x0b, 0x10, 0x06, 0x16, 0x10,
    0x0c, 0x05, 0x12, 0x0c, 0x06, 0x0b, 0x06, 0x05, 0x0c, 0x06, 0x05, 0x16,
    0x0c, 0x0b, 0x06, 0x04, 0x28, 0x00, 0x00, 0x00, 0x00, 0x00, 0x2b, 0x10,
    0x06, 0x0b, 0x10, 0x0c, 0x05, 0x05, 0x06, 0x0b, 0x06, 0x05, 0x0b, 0x06,
    0x0b, 0x06, 0x11, 0x05, 0x0c, 0x11, 0x0b, 0x06, 0x0c, 0x10, 0x06, 0x0b,
    0x06, 0x11, 0x0b, 0x05, 0x11, 0x0b, 0x06, 0x06, 0x0b, 0x05, 0x06, 0x0b,
    0x10, 0x0c, 0x05, 0x11, 0x0c, 0x05, 0x06, 0x0b, 0x05, 0x06, 0x12, 0x06,
    0x05, 0x0c, 0x05, 0x0b, 0x11, 0x0c, 0x05, 0x11, 0x0c, 0x05, 0x12, 0x06,
    0x0c, 0x0b, 0x06, 0x10, 0x0c, 0x05, 0x06, 0x16, 0x05, 0x06, 0x16, 0x05,
    0x06, 0x12, 0x06, 0x05, 0x10, 0x06, 0x0c, 0x10, 0x16, 0x05, 0x05, 0x0c,
    0x06, 0x05, 0x0c, 0x06, 0x10, 0x06, 0x06, 0x0b, 0x05, 0x0c, 0x10, 0x06,
    0x06, 0x0b, 0x05, 0x06, 0x0b, 0x05, 0x06, 0x16, 0x05, 0x05, 0x16, 0x06,
    0x05, 0x16, 0x06, 0x0b, 0x10, 0x06, 0x06, 0x10, 0x0c, 0x05, 0x06, 0x0c,
    0x05, 0x0c, 0x06, 0x05, 0x0b, 0x06, 0x0b, 0x05, 0x0c, 0x05, 0x16, 0x06,
    0x05, 0x0c, 0x05, 0x05, 0x0c, 0x10, 0x06, 0x16, 0x05, 0x06, 0x0b, 0x05,
    0x11, 0x0b, 0x05, 0x11, 0x0b, 0x05, 0x06, 0x05, 0x11, 0x0b, 0x06, 0x06,
    0x12, 0x05, 0x06, 0x12, 0x06, 0x05, 0x16, 0x06, 0x05, 0x0c, 0x11, 0x0b,
    0x06, 0x0b, 0x10, 0x06, 0x0b, 0x11, 0x05, 0x0c, 0x06, 0x0b, 0x06, 0x06,
    0x12, 0x06, 0x0b, 0x05, 0x06, 0x0c, 0x10, 0x06, 0x05, 0x0b, 0x11, 0x05,
    0x0c, 0x10, 0x0b, 0x06, 0x05, 0x10, 0x0c, 0x2c, 0x28, 0x00, 0x00, 0x00,
    0x00, 0x00, 0x00, 0x00, 0x2d, 0x1f, 0x06, 0x05, 0x16, 0x16, 0x05, 0x06,
    0x12, 0x06, 0x0c, 0x11, 0x05, 0x0b, 0x06, 0x0b, 0x05, 0x06, 0x0b, 0x05,
    0x06, 0x12, 0x06, 0x10, 0x0c, 0x05, 0x16, 0x06, 0x0b, 0x06, 0x12, 0x05,
    0x06, 0x16, 0x05, 0x06, 0x12, 0x06, 0x05, 0x12, 0x06, 0x0b, 0x11, 0x16,
    0x0b, 0x06, 0x12, 0x06, 0x05, 0x16, 0x05, 0x06, 0x12, 0x05, 0x06, 0x0b,
    0x05, 0x06, 0x0c, 0x05, 0x10, 0x06, 0x11, 0x0b, 0x05, 0x11, 0x0b, 0x05,
    0x06, 0x12, 0x06, 0x0b, 0x11, 0x0c, 0x05, 0x16, 0x0c, 0x05, 0x05, 0x05,
    0x0c, 0x06, 0x10, 0x0c, 0x10, 0x05, 0x16, 0x0b, 0x05, 0x0c, 0x12, 0x06,
    0x11, 0x0b, 0x06, 0x0b, 0x11, 0x05, 0x16, 0x06, 0x12, 0x11, 0x05, 0x0c,
    0x0c, 0x10, 0x05, 0x0c, 0x10, 0x05, 0x0c, 0x06, 0x05, 0x0b, 0x0c, 0x05,
    0x11, 0x0b, 0x05, 0x16, 0x10, 0x0b, 0x11, 0x05, 0x16, 0x11, 0x05, 0x11,
    0x16, 0x05, 0x05, 0x0c, 0x10, 0x06, 0x16, 0x05, 0x06, 0x0b, 0x05, 0x11,
    0x0b, 0x06, 0x16, 0x05, 0x06, 0x16, 0x05, 0x06, 0x0c, 0x10, 0x0c, 0x05,
    0x06, 0x0b, 0x11, 0x0b, 0x06, 0x05, 0x16, 0x06, 0x05, 0x0b, 0x06, 0x05,
    0x0c, 0x05, 0x10, 0x0c, 0x05, 0x06, 0x16, 0x05, 0x0b, 0x06, 0x05, 0x0b,
    0x11, 0x05, 0x0b, 0x11, 0x05, 0x06, 0x0c, 0x05, 0x11, 0x0b, 0x05, 0x06,
    0x0c, 0x05, 0x11, 0x0b, 0x06, 0x11, 0x0b, 0x06, 0x16, 0x05, 0x06, 0x2e,
    0x28, 0x00, 0x00, 0x00, 0x00, 0x00, 0x00, 0x00, 0x00, 0x00, 0x2f, 0x30,
    0x06, 0x05, 0x0b, 0x06, 0x12, 0x06, 0x05, 0x12, 0x06, 0x06, 0x12, 0x11,
    0x05, 0x16, 0x06, 0x10, 0x0c, 0x05, 0x06, 0x0b, 0x06, 0x10, 0x0b, 0x06,
    0x05, 0x0c, 0x06, 0x05, 0x12, 0x06, 0x0b, 0x11, 0x0b, 0x06, 0x06, 0x0b,
    0x06, 0x05, 0x05, 0x0c, 0x05, 0x06, 0x10, 0x0c, 0x05, 0x0c, 0x10, 0x06,
    0x0c, 0x05, 0x06, 0x16, 0x0b, 0x10, 0x06, 0x0b, 0x11, 0x0b, 0x05, 0x06,
    0x0b, 0x06, 0x0c, 0x10, 0x0c, 0x05, 0x06, 0x0b, 0x05, 0x06, 0x0b, 0x05,
    0x06, 0x12, 0x0c, 0x11, 0x0b, 0x05, 0x06, 0x0c, 0x0b, 0x06, 0x10, 0x0c,
    0x06, 0x10, 0x06, 0x0b, 0x05, 0x06, 0x10, 0x0b, 0x06, 0x0b, 0x05, 0x06,
    0x0b, 0x06, 0x06, 0x12, 0x05, 0x06, 0x0c, 0x05, 0x06, 0x16, 0x05, 0x05,
    0x16, 0x06, 0x10, 0x0c, 0x05, 0x0c, 0x11, 0x05, 0x0c, 0x05, 0x06, 0x0b,
    0x05, 0x0c, 0x05, 0x0b, 0x06, 0x06, 0x12, 0x06, 0x05, 0x0b, 0x06, 0x12,
    0x06, 0x16, 0x05, 0x0c, 0x05, 0x05, 0x0c, 0x10, 0x0b, 0x06, 0x0b, 0x06,
    0x0b, 0x05, 0x06, 0x16, 0x0b, 0x05, 0x11, 0x0b, 0x05, 0x0c, 0x05, 0x0c,
    0x10, 0x0c, 0x0c, 0x10, 0x06, 0x0b, 0x11, 0x06, 0x0b, 0x05, 0x11, 0x0c,
    0x05, 0x11, 0x0c, 0x05, 0x16, 0x06, 0x05, 0x16, 0x0b, 0x05, 0x11, 0x0b,
    0x06, 0x11, 0x0b, 0x06, 0x12, 0x05, 0x0c, 0x11, 0x0b, 0x05, 0x06, 0x0b,
    0x05, 0x06, 0x0b, 0x31, 0x1b, 0x00, 0x00, 0x00, 0x00, 0x00, 0x00, 0x00,
    0x00, 0x00, 0x00, 0x00, 0x00, 0x32, 0x08, 0x05, 0x0c, 0x05, 0x06, 0x0b,
    0x05, 0x0c, 0x05, 0x06, 0x0b, 0x06, 0x0b, 0x05, 0x11, 0x0c, 0x05, 0x12,
    0x0c, 0x06, 0x05, 0x0c, 0x10, 0x05, 0x16, 0x05, 0x06, 0x0c, 0x05, 0x06,
    0x12, 0x05, 0x06, 0x12, 0x0c, 0x11, 0x05, 0x16, 0x05, 0x05, 0x06, 0x0c,
    0x05, 0x06, 0x0b, 0x05, 0x16, 0x05, 0x05, 0x16, 0x06, 0x05, 0x0c, 0x11,
    0x05, 0x0c, 0x06, 0x12, 0x0c, 0x10, 0x06, 0x0b, 0x06, 0x10, 0x0c, 0x06,
    0x10, 0x16, 0x06, 0x10, 0x0c, 0x05, 0x05, 0x06, 0x0c, 0x10, 0x06, 0x12,
    0x05, 0x06, 0x0c, 0x05, 0x05, 0x0c, 0x10, 0x06, 0x0c, 0x05, 0x0c, 0x11,
    0x05, 0x0c, 0x11, 0x0b, 0x06, 0x10, 0x0b, 0x06, 0x0b, 0x10, 0x06, 0x0b,
    0x10, 0x06, 0x0c, 0x05, 0x10, 0x0c, 0x05, 0x11, 0x05, 0x0b, 0x11, 0x05,
    0x0c, 0x05, 0x11, 0x0c, 0x05, 0x11, 0x06, 0x0b, 0x11, 0x0b, 0x05, 0x0c,
    0x11, 0x05, 0x0c, 0x05, 0x05, 0x0c, 0x05, 0x11, 0x0c, 0x10, 0x06, 0x0c,
    0x05, 0x11, 0x0b, 0x06, 0x10, 0x16, 0x05, 0x06, 0x10, 0x0c, 0x06, 0x05,
    0x0c, 0x11, 0x10, 0x0c, 0x05, 0x05, 0x11, 0x05, 0x0b, 0x11, 0x0b, 0x05,
    0x06, 0x16, 0x05, 0x0b, 0x06, 0x05, 0x16, 0x05, 0x05, 0x0c, 0x05, 0x06,
    0x0c, 0x05, 0x06, 0x12, 0x05, 0x0c, 0x05, 0x06, 0x16, 0x05, 0x06, 0x05,
    0x0c, 0x10, 0x0c, 0x06, 0x10, 0x33, 0x0f, 0x28, 0x00, 0x00, 0x00, 0x00,
    0x00, 0x00, 0x00, 0x00, 0x00, 0x00, 0x00, 0x00, 0x00, 0x00, 0x00, 0x00,
    0x1b, 0x34, 0x20, 0x35, 0x36, 0x1d, 0x35, 0x18, 0x1d, 0x35, 0x36, 0x1d,
    0x37, 0x36, 0x35, 0x1d, 0x36, 0x35, 0x37, 0x36, 0x35, 0x1d, 0x36, 0x1d,
    0x38, 0x36, 0x35, 0x1d, 0x36, 0x1d, 0x1d, 0x39, 0x37, 0x1d, 0x36, 0x3a,
    0x1d, 0x39, 0x1d, 0x3b, 0x36, 0x35, 0x35, 0x36, 0x1d, 0x1d, 0x39, 0x1d,
    0x37, 0x36, 0x1d, 0x1d, 0x18, 0x35, 0x1d, 0x1d, 0x36, 0x37, 0x35, 0x1d,
    0x36, 0x37, 0x35, 0x3a, 0x18, 0x1d, 0x1d, 0x37, 0x39, 0x1d, 0x1d, 0x35,
    0x18, 0x1d, 0x1d, 0x1d, 0x39, 0x37, 0x35, 0x35, 0x36, 0x1d, 0x38, 0x1d,
    0x36, 0x38, 0x1d, 0x1d, 0x36, 0x37, 0x35, 0x1d, 0x36, 0x35, 0x1d, 0x1d,
    0x36, 0x1d, 0x1d, 0x35, 0x36, 0x1d, 0x3b, 0x1d, 0x36, 0x1d, 0x1d, 0x3c,
    0x36, 0x1d, 0x1d, 0x1d, 0x18, 0x1d, 0x35, 0x37, 0x36, 0x35, 0x1d, 0x3c,
    0x39, 0x1d, 0x1d, 0x37, 0x36, 0x1d, 0x35, 0x1d, 0x39, 0x1d, 0x37, 0x1d,
    0x36, 0x37, 0x35, 0x3a, 0x18, 0x1d, 0x1d, 0x35, 0x36, 0x1d, 0x1d, 0x3a,
    0x18, 0x1d, 0x35, 0x1d, 0x18, 0x1d, 0x1d, 0x1d, 0x39, 0x1d, 0x1d, 0x1d,
    0x36, 0x1d, 0x35, 0x1d, 0x36, 0x38, 0x1d, 0x1d, 0x39, 0x37, 0x1d, 0x3a,
    0x36, 0x35, 0x1d, 0x38, 0x36, 0x35, 0x1d, 0x1d, 0x36, 0x1d, 0x38, 0x1d,
    0x36, 0x37, 0x35, 0x1d, 0x36, 0x38, 0x1d, 0x1d, 0x2d, 0x3d, 0x00, 0x00,
    0x00, 0x00, 0x00, 0x00, 0x00, 0x00, 0x00, 0x00
};

LOCATION_PRAGMA("ExtFlashSection")
KEEP extern const unsigned char image_alarm_blue_box_extra_data[] LOCATION_ATTRIBUTE("ExtFlashSection") = { // 62 ARGB8888 CLUT entries.
    0x00, 0x00, 0x3e, 0x00,
    0x00, 0x00, 0x00, 0x00, 0xe0, 0x98, 0x00, 0x41, 0xe0, 0x98, 0x08, 0x82,
    0xe8, 0x98, 0x00, 0xbe, 0xe8, 0x98, 0x00, 0xdf, 0xe0, 0x98, 0x00, 0xff,
    0xe8, 0x98, 0x00, 0xff, 0xe8, 0x98, 0x00, 0xcf, 0xe8, 0x98, 0x00, 0xae,
    0xe0, 0x98, 0x00, 0x5d, 0xe0, 0x98, 0x08, 0x20, 0xe0, 0x98, 0x08, 0xff,
    0xe8, 0x98, 0x08, 0xff, 0xe8, 0x98, 0x00, 0x9e, 0xe0, 0xa0, 0x10, 0x10,
    0xe0, 0x98, 0x00, 0x8e, 0xe0, 0x9c, 0x00, 0xff, 0xe8, 0x9c, 0x00, 0xff,
    0xe0, 0x9c, 0x08, 0xff, 0xe0, 0x98, 0x00, 0xef, 0xe8, 0x94, 0x00, 0x71,
    0xe0, 0x98, 0x00, 0xcf, 0xe8, 0x9c, 0x08, 0xff, 0xe0, 0x98, 0x08, 0xcf,
    0xe0, 0x98, 0x00, 0x82, 0xe0, 0x98, 0x08, 0x41, 0xe0, 0x94, 0x08, 0x30,
    0xe0, 0xa0, 0x00, 0x10, 0xe0, 0x9c, 0x00, 0xbe, 0xe8, 0x98, 0x00, 0x7d,
    0xe8, 0x98, 0x08, 0x30, 0xe0, 0x98, 0x08, 0xef, 0xe8, 0x98, 0x00, 0x6d,
    0xe8, 0x98, 0x08, 0xef, 0xe0, 0x98, 0x00, 0xbe, 0xe0, 0x98, 0x08, 0xbe,
    0xe8, 0x98, 0x08, 0xbe, 0xe8, 0x98, 0x00, 0xef, 0xe8, 0x98, 0x08, 0x51,
    0xe0, 0x98, 0x00, 0x61, 0xe0, 0x98, 0x00, 0x20, 0xe8, 0x98, 0x00, 0x30,
    0xe0, 0x98, 0x00, 0x9e, 0xe8, 0x98, 0x00, 0x71, 0xe0, 0x98, 0x00, 0xdf,
    0xe8, 0x98, 0x00, 0x61, 0xe0, 0x9c, 0x00, 0xdf, 0xe8, 0x98, 0x00, 0x20,
    0xe0, 0x9c, 0x00, 0xcf, 0xe8, 0x98, 0x00, 0x8e, 0xe8, 0x9c, 0x00, 0x4d,
    0xe8, 0x9c, 0x00, 0xef, 0xe8, 0x9c, 0x00, 0x41, 0xe8, 0x9c, 0x00, 0x7d,
    0xe8, 0x98, 0x00, 0x82, 0xe0, 0x98, 0x00, 0x7d, 0xe0, 0x9c, 0x00, 0x7d,
    0xe8, 0x9c, 0x00, 0x82, 0xe8, 0x98, 0x08, 0x7d, 0xe0, 0x9c, 0x08, 0x7d,
    0xe0, 0x98, 0x08, 0x7d, 0xe0, 0x94, 0x00, 0x30
};
