// 4.23.2 0xe3b32f87 D2 AY R0 FL8_ARGB8888 U565 N0 SExtFlashSection EExtFlashSection CNO_COMPRESSION
// Generated by imageconverter. Please, do not edit!

#include <touchgfx/hal/Config.hpp>

LOCATION_PRAGMA("ExtFlashSection")
KEEP extern const unsigned char image_alarm_skyblue_box[] LOCATION_ATTRIBUTE("ExtFlashSection") = { // 209x112 L8_ARGB8888 pixels.
    0x00, 0x00, 0x00, 0x00, 0x00, 0x00, 0x00, 0x00, 0x01, 0x02, 0x03, 0x04,
    0x05, 0x06, 0x07, 0x05, 0x06, 0x07, 0x05, 0x06, 0x07, 0x05, 0x06, 0x07,
    0x05, 0x06, 0x07, 0x05, 0x06, 0x07, 0x05, 0x06, 0x07, 0x05, 0x06, 0x07,
    0x05, 0x06, 0x07, 0x05, 0x06, 0x07, 0x05, 0x06, 0x07, 0x05, 0x06, 0x07,
    0x05, 0x06, 0x07, 0x05, 0x06, 0x07, 0x05, 0x06, 0x07, 0x05, 0x06, 0x07,
    0x05, 0x06, 0x07, 0x05, 0x06, 0x07, 0x05, 0x06, 0x07, 0x05, 0x06, 0x07,
    0x05, 0x06, 0x07, 0x05, 0x06, 0x07, 0x05, 0x06, 0x07, 0x05, 0x06, 0x07,
    0x05, 0x06, 0x07, 0x05, 0x06, 0x07, 0x05, 0x06, 0x07, 0x05, 0x06, 0x07,
    0x05, 0x06, 0x07, 0x05, 0x06, 0x07, 0x05, 0x06, 0x07, 0x05, 0x06, 0x07,
    0x05, 0x06, 0x07, 0x05, 0x06, 0x07, 0x05, 0x06, 0x07, 0x05, 0x06, 0x07,
    0x05, 0x06, 0x07, 0x05, 0x06, 0x07, 0x05, 0x06, 0x07, 0x05, 0x06, 0x07,
    0x05, 0x06, 0x07, 0x05, 0x06, 0x07, 0x05, 0x06, 0x07, 0x05, 0x06, 0x07,
    0x05, 0x06, 0x07, 0x05, 0x06, 0x07, 0x05, 0x06, 0x07, 0x05, 0x06, 0x07,
    0x05, 0x06, 0x07, 0x05, 0x06, 0x07, 0x05, 0x06, 0x07, 0x05, 0x06, 0x07,
    0x05, 0x06, 0x07, 0x05, 0x06, 0x07, 0x05, 0x06, 0x07, 0x05, 0x06, 0x07,
    0x05, 0x06, 0x07, 0x05, 0x06, 0x07, 0x05, 0x06, 0x07, 0x05, 0x06, 0x07,
    0x05, 0x06, 0x07, 0x05, 0x06, 0x08, 0x09, 0x0a, 0x0b, 0x00, 0x00, 0x00,
    0x00, 0x00, 0x00, 0x00, 0x00, 0x00, 0x00, 0x00, 0x00, 0x00, 0x00, 0x01,
    0x03, 0x07, 0x05, 0x06, 0x07, 0x0c, 0x06, 0x07, 0x0c, 0x07, 0x06, 0x05,
    0x06, 0x07, 0x0c, 0x06, 0x07, 0x0c, 0x07, 0x06, 0x05, 0x06, 0x07, 0x0c,
    0x06, 0x07, 0x0c, 0x07, 0x06, 0x05, 0x06, 0x07, 0x0c, 0x06, 0x07, 0x0c,
    0x07, 0x06, 0x05, 0x06, 0x07, 0x0c, 0x06, 0x07, 0x0c, 0x07, 0x06, 0x05,
    0x06, 0x07, 0x0c, 0x06, 0x07, 0x0c, 0x07, 0x06, 0x05, 0x06, 0x07, 0x0c,
    0x06, 0x07, 0x0c, 0x07, 0x06, 0x05, 0x06, 0x07, 0x0c, 0x06, 0x07, 0x0c,
    0x07, 0x06, 0x05, 0x06, 0x07, 0x0c, 0x06, 0x07, 0x0c, 0x07, 0x06, 0x05,
    0x06, 0x07, 0x0c, 0x06, 0x07, 0x0c, 0x07, 0x06, 0x05, 0x06, 0x07, 0x0c,
    0x06, 0x07, 0x0c, 0x07, 0x06, 0x05, 0x06, 0x07, 0x0c, 0x06, 0x07, 0x0c,
    0x07, 0x06, 0x05, 0x06, 0x07, 0x0c, 0x06, 0x07, 0x0c, 0x07, 0x06, 0x05,
    0x06, 0x07, 0x0c, 0x06, 0x07, 0x0c, 0x07, 0x06, 0x05, 0x06, 0x07, 0x0c,
    0x06, 0x07, 0x0c, 0x07, 0x06, 0x05, 0x06, 0x07, 0x0c, 0x06, 0x07, 0x0c,
    0x07, 0x06, 0x05, 0x06, 0x07, 0x0c, 0x06, 0x07, 0x0c, 0x07, 0x06, 0x05,
    0x06, 0x07, 0x0c, 0x06, 0x07, 0x0c, 0x07, 0x06, 0x05, 0x06, 0x07, 0x0c,
    0x06, 0x07, 0x0c, 0x07, 0x06, 0x05, 0x06, 0x07, 0x0c, 0x06, 0x07, 0x0c,
    0x07, 0x06, 0x05, 0x06, 0x07, 0x0c, 0x06, 0x07, 0x0c, 0x07, 0x07, 0x07,
    0x07, 0x07, 0x0d, 0x0b, 0x00, 0x00, 0x00, 0x00, 0x00, 0x00, 0x00, 0x00,
    0x00, 0x00, 0x0e, 0x0f, 0x07, 0x07, 0x0c, 0x07, 0x0c, 0x07, 0x07, 0x0c,
    0x07, 0x0c, 0x06, 0x07, 0x0c, 0x07, 0x0c, 0x07, 0x07, 0x0c, 0x07, 0x0c,
    0x07, 0x06, 0x05, 0x06, 0x05, 0x07, 0x06, 0x05, 0x06, 0x05, 0x06, 0x07,
    0x0c, 0x07, 0x05, 0x06, 0x07, 0x0c, 0x07, 0x0c, 0x07, 0x06, 0x05, 0x07,
    0x0c, 0x07, 0x06, 0x05, 0x06, 0x05, 0x06, 0x07, 0x05, 0x06, 0x05, 0x06,
    0x07, 0x0c, 0x07, 0x0c, 0x07, 0x07, 0x0c, 0x07, 0x0c, 0x07, 0x06, 0x05,
    0x06, 0x05, 0x07, 0x06, 0x05, 0x06, 0x05, 0x06, 0x07, 0x0c, 0x07, 0x05,
    0x06, 0x07, 0x0c, 0x07, 0x0c, 0x07, 0x06, 0x05, 0x07, 0x0c, 0x07, 0x06,
    0x05, 0x06, 0x05, 0x06, 0x07, 0x05, 0x06, 0x05, 0x06, 0x07, 0x0c, 0x07,
    0x0c, 0x07, 0x07, 0x0c, 0x07, 0x0c, 0x07, 0x06, 0x05, 0x06, 0x05, 0x07,
    0x06, 0x05, 0x06, 0x05, 0x06, 0x07, 0x0c, 0x07, 0x05, 0x06, 0x07, 0x0c,
    0x07, 0x0c, 0x07, 0x06, 0x05, 0x07, 0x0c, 0x07, 0x06, 0x05, 0x06, 0x05,
    0x06, 0x07, 0x05, 0x06, 0x05, 0x06, 0x07, 0x0c, 0x07, 0x0c, 0x07, 0x07,
    0x0c, 0x07, 0x0c, 0x07, 0x06, 0x05, 0x06, 0x05, 0x07, 0x06, 0x05, 0x06,
    0x05, 0x06, 0x07, 0x0c, 0x07, 0x05, 0x06, 0x07, 0x0c, 0x07, 0x0c, 0x07,
    0x06, 0x05, 0x07, 0x0c, 0x07, 0x06, 0x05, 0x06, 0x05, 0x06, 0x07, 0x05,
    0x06, 0x06, 0x0c, 0x0c, 0x06, 0x05, 0x0c, 0x07, 0x10, 0x11, 0x00, 0x00,
    0x00, 0x00, 0x00, 0x00, 0x00, 0x00, 0x0e, 0x08, 0x05, 0x06, 0x0c, 0x07,
    0x06, 0x0c, 0x07, 0x0c, 0x07, 0x07, 0x0c, 0x07, 0x05, 0x06, 0x06, 0x05,
    0x06, 0x05, 0x06, 0x06, 0x05, 0x06, 0x05, 0x06, 0x06, 0x05, 0x06, 0x05,
    0x06, 0x07, 0x0c, 0x07, 0x0c, 0x06, 0x07, 0x0c, 0x07, 0x0c, 0x07, 0x06,
    0x05, 0x06, 0x0c, 0x07, 0x06, 0x05, 0x06, 0x05, 0x06, 0x07, 0x0c, 0x06,
    0x05, 0x06, 0x07, 0x0c, 0x07, 0x0c, 0x07, 0x06, 0x0c, 0x07, 0x0c, 0x07,
    0x06, 0x05, 0x06, 0x05, 0x06, 0x06, 0x05, 0x06, 0x05, 0x06, 0x07, 0x0c,
    0x07, 0x0c, 0x06, 0x07, 0x0c, 0x07, 0x0c, 0x07, 0x06, 0x05, 0x06, 0x0c,
    0x07, 0x06, 0x05, 0x06, 0x05, 0x06, 0x07, 0x0c, 0x06, 0x05, 0x06, 0x07,
    0x0c, 0x07, 0x0c, 0x07, 0x06, 0x0c, 0x07, 0x0c, 0x07, 0x06, 0x05, 0x06,
    0x05, 0x06, 0x06, 0x05, 0x06, 0x05, 0x06, 0x07, 0x0c, 0x07, 0x0c, 0x06,
    0x07, 0x0c, 0x07, 0x0c, 0x07, 0x06, 0x05, 0x06, 0x0c, 0x07, 0x06, 0x05,
    0x06, 0x05, 0x06, 0x07, 0x0c, 0x06, 0x05, 0x06, 0x07, 0x0c, 0x07, 0x0c,
    0x07, 0x06, 0x0c, 0x07, 0x0c, 0x07, 0x06, 0x05, 0x06, 0x05, 0x06, 0x06,
    0x05, 0x06, 0x05, 0x06, 0x07, 0x0c, 0x07, 0x0c, 0x06, 0x07, 0x0c, 0x07,
    0x0c, 0x07, 0x06, 0x05, 0x06, 0x0c, 0x07, 0x06, 0x05, 0x06, 0x05, 0x06,
    0x07, 0x0c, 0x06, 0x05, 0x05, 0x06, 0x07, 0x05, 0x06, 0x07, 0x0c, 0x06,
    0x07, 0x0c, 0x07, 0x02, 0x00, 0x00, 0x00, 0x00, 0x00, 0x00, 0x00, 0x08,
    0x0c, 0x07, 0x0c, 0x07, 0x07, 0x0c, 0x07, 0x06, 0x0c, 0x07, 0x06, 0x0c,
    0x07, 0x07, 0x0c, 0x07, 0x07, 0x0c, 0x06, 0x07, 0x05, 0x06, 0x07, 0x05,
    0x06, 0x07, 0x0c, 0x07, 0x06, 0x05, 0x06, 0x07, 0x0c, 0x07, 0x07, 0x0c,
    0x06, 0x07, 0x0c, 0x06, 0x07, 0x05, 0x06, 0x07, 0x0c, 0x07, 0x06, 0x05,
    0x06, 0x07, 0x0c, 0x07, 0x07, 0x0c, 0x06, 0x07, 0x0c, 0x06, 0x07, 0x05,
    0x06, 0x07, 0x0c, 0x07, 0x06, 0x05, 0x06, 0x07, 0x0c, 0x07, 0x07, 0x0c,
    0x06, 0x07, 0x0c, 0x06, 0x07, 0x05, 0x06, 0x07, 0x0c, 0x07, 0x06, 0x05,
    0x06, 0x07, 0x0c, 0x07, 0x07, 0x0c, 0x06, 0x07, 0x0c, 0x06, 0x07, 0x05,
    0x06, 0x07, 0x0c, 0x07, 0x06, 0x05, 0x06, 0x07, 0x0c, 0x07, 0x07, 0x0c,
    0x06, 0x07, 0x0c, 0x06, 0x07, 0x05, 0x06, 0x07, 0x0c, 0x07, 0x06, 0x05,
    0x06, 0x07, 0x0c, 0x07, 0x07, 0x0c, 0x06, 0x07, 0x0c, 0x06, 0x07, 0x05,
    0x06, 0x07, 0x0c, 0x07, 0x06, 0x05, 0x06, 0x07, 0x0c, 0x07, 0x07, 0x0c,
    0x06, 0x07, 0x0c, 0x06, 0x07, 0x05, 0x06, 0x07, 0x0c, 0x07, 0x06, 0x05,
    0x06, 0x07, 0x0c, 0x07, 0x07, 0x0c, 0x06, 0x07, 0x0c, 0x06, 0x07, 0x05,
    0x06, 0x07, 0x0c, 0x07, 0x06, 0x05, 0x06, 0x07, 0x0c, 0x07, 0x07, 0x0c,
    0x06, 0x07, 0x0c, 0x06, 0x07, 0x05, 0x06, 0x07, 0x06, 0x06, 0x05, 0x07,
    0x06, 0x07, 0x07, 0x06, 0x07, 0x0c, 0x06, 0x05, 0x05, 0x02, 0x00, 0x00,
    0x00, 0x00, 0x00, 0x0f, 0x0c, 0x07, 0x06, 0x05, 0x06, 0x06, 0x05, 0x07,
    0x06, 0x05, 0x07, 0x0c, 0x06, 0x07, 0x0c, 0x06, 0x05, 0x06, 0x07, 0x05,
    0x06, 0x05, 0x06, 0x06, 0x05, 0x06, 0x05, 0x07, 0x06, 0x05, 0x06, 0x05,
    0x06, 0x06, 0x05, 0x07, 0x0c, 0x07, 0x07, 0x0c, 0x07, 0x0c, 0x06, 0x07,
    0x05, 0x06, 0x0c, 0x07, 0x06, 0x05, 0x06, 0x0c, 0x07, 0x07, 0x0c, 0x07,
    0x05, 0x06, 0x07, 0x0c, 0x06, 0x05, 0x07, 0x06, 0x0c, 0x07, 0x0c, 0x07,
    0x06, 0x0c, 0x07, 0x05, 0x06, 0x07, 0x05, 0x06, 0x05, 0x06, 0x06, 0x05,
    0x07, 0x0c, 0x06, 0x07, 0x0c, 0x07, 0x0c, 0x06, 0x07, 0x05, 0x06, 0x05,
    0x07, 0x06, 0x05, 0x06, 0x0c, 0x07, 0x07, 0x0c, 0x06, 0x05, 0x06, 0x07,
    0x0c, 0x06, 0x05, 0x07, 0x06, 0x05, 0x07, 0x0c, 0x07, 0x06, 0x0c, 0x07,
    0x05, 0x06, 0x06, 0x05, 0x06, 0x05, 0x06, 0x06, 0x05, 0x07, 0x0c, 0x07,
    0x07, 0x0c, 0x07, 0x0c, 0x06, 0x07, 0x05, 0x06, 0x0c, 0x07, 0x06, 0x05,
    0x06, 0x0c, 0x07, 0x07, 0x0c, 0x07, 0x05, 0x06, 0x07, 0x0c, 0x06, 0x05,
    0x07, 0x06, 0x0c, 0x07, 0x0c, 0x07, 0x06, 0x0c, 0x07, 0x05, 0x06, 0x07,
    0x05, 0x06, 0x05, 0x06, 0x06, 0x05, 0x07, 0x0c, 0x06, 0x07, 0x0c, 0x07,
    0x0c, 0x06, 0x07, 0x05, 0x06, 0x05, 0x07, 0x06, 0x05, 0x06, 0x0c, 0x07,
    0x05, 0x06, 0x06, 0x05, 0x0c, 0x06, 0x05, 0x0c, 0x07, 0x05, 0x06, 0x07,
    0x06, 0x0c, 0x07, 0x12, 0x00, 0x00, 0x00, 0x13, 0x07, 0x07, 0x0c, 0x07,
    0x06, 0x05, 0x06, 0x05, 0x06, 0x0c, 0x07, 0x07, 0x0c, 0x07, 0x05, 0x06,
    0x07, 0x0c, 0x06, 0x07, 0x0c, 0x06, 0x07, 0x05, 0x06, 0x06, 0x05, 0x06,
    0x06, 0x05, 0x06, 0x07, 0x0c, 0x07, 0x07, 0x0c, 0x06, 0x07, 0x0c, 0x06,
    0x07, 0x05, 0x06, 0x07, 0x0c, 0x07, 0x07, 0x0c, 0x07, 0x07, 0x0c, 0x07,
    0x06, 0x0c, 0x07, 0x06, 0x05, 0x06, 0x07, 0x05, 0x06, 0x06, 0x05, 0x06,
    0x07, 0x05, 0x06, 0x07, 0x05, 0x06, 0x07, 0x0c, 0x06, 0x07, 0x0c, 0x06,
    0x07, 0x05, 0x06, 0x07, 0x0c, 0x07, 0x07, 0x0c, 0x07, 0x07, 0x0c, 0x07,
    0x06, 0x0c, 0x07, 0x06, 0x05, 0x06, 0x07, 0x05, 0x06, 0x06, 0x05, 0x06,
    0x07, 0x05, 0x06, 0x07, 0x05, 0x06, 0x07, 0x0c, 0x06, 0x07, 0x0c, 0x06,
    0x07, 0x05, 0x06, 0x07, 0x0c, 0x07, 0x07, 0x0c, 0x07, 0x07, 0x0c, 0x07,
    0x06, 0x0c, 0x07, 0x06, 0x05, 0x06, 0x07, 0x05, 0x06, 0x06, 0x05, 0x06,
    0x07, 0x05, 0x06, 0x07, 0x05, 0x06, 0x07, 0x0c, 0x06, 0x07, 0x0c, 0x06,
    0x07, 0x05, 0x06, 0x07, 0x0c, 0x07, 0x07, 0x0c, 0x07, 0x07, 0x0c, 0x07,
    0x06, 0x0c, 0x07, 0x06, 0x05, 0x06, 0x07, 0x05, 0x06, 0x06, 0x05, 0x06,
    0x07, 0x05, 0x06, 0x07, 0x05, 0x06, 0x07, 0x0c, 0x06, 0x07, 0x0c, 0x06,
    0x07, 0x05, 0x06, 0x06, 0x05, 0x06, 0x05, 0x07, 0x06, 0x07, 0x05, 0x06,
    0x06, 0x05, 0x06, 0x05, 0x07, 0x06, 0x07, 0x05, 0x14, 0x15, 0x00, 0x00,
    0x03, 0x05, 0x06, 0x06, 0x05, 0x07, 0x06, 0x05, 0x06, 0x07, 0x0c, 0x06,
    0x07, 0x0c, 0x06, 0x07, 0x05, 0x06, 0x07, 0x05, 0x06, 0x05, 0x06, 0x07,
    0x05, 0x06, 0x07, 0x05, 0x06, 0x05, 0x06, 0x07, 0x0c, 0x06, 0x05, 0x07,
    0x0c, 0x06, 0x07, 0x05, 0x06, 0x07, 0x0c, 0x07, 0x0c, 0x06, 0x07, 0x0c,
    0x06, 0x05, 0x06, 0x0c, 0x07, 0x07, 0x0c, 0x07, 0x06, 0x0c, 0x07, 0x0c,
    0x07, 0x07, 0x05, 0x06, 0x0c, 0x07, 0x0c, 0x06, 0x07, 0x0c, 0x07, 0x07,
    0x0c, 0x07, 0x05, 0x06, 0x07, 0x0c, 0x06, 0x05, 0x07, 0x0c, 0x06, 0x07,
    0x0c, 0x06, 0x07, 0x0c, 0x07, 0x05, 0x06, 0x07, 0x0c, 0x06, 0x05, 0x06,
    0x05, 0x07, 0x07, 0x0c, 0x06, 0x07, 0x0c, 0x06, 0x05, 0x06, 0x07, 0x05,
    0x06, 0x05, 0x07, 0x0c, 0x07, 0x06, 0x0c, 0x07, 0x07, 0x0c, 0x06, 0x05,
    0x06, 0x06, 0x05, 0x06, 0x05, 0x07, 0x0c, 0x07, 0x06, 0x0c, 0x07, 0x06,
    0x05, 0x07, 0x05, 0x06, 0x06, 0x05, 0x06, 0x0c, 0x07, 0x0c, 0x07, 0x07,
    0x0c, 0x07, 0x07, 0x0c, 0x07, 0x0c, 0x06, 0x07, 0x05, 0x06, 0x0c, 0x07,
    0x0c, 0x06, 0x07, 0x0c, 0x07, 0x07, 0x0c, 0x07, 0x0c, 0x06, 0x07, 0x0c,
    0x07, 0x05, 0x07, 0x0c, 0x06, 0x07, 0x0c, 0x06, 0x07, 0x0c, 0x07, 0x05,
    0x06, 0x07, 0x05, 0x06, 0x05, 0x06, 0x05, 0x07, 0x07, 0x0c, 0x06, 0x07,
    0x0c, 0x06, 0x07, 0x05, 0x06, 0x07, 0x0c, 0x06, 0x07, 0x0c, 0x0c, 0x07,
    0x06, 0x05, 0x16, 0x00, 0x13, 0x07, 0x0c, 0x07, 0x06, 0x0c, 0x07, 0x06,
    0x05, 0x07, 0x06, 0x05, 0x07, 0x0c, 0x07, 0x06, 0x0c, 0x07, 0x0c, 0x06,
    0x07, 0x0c, 0x07, 0x0c, 0x06, 0x05, 0x0c, 0x06, 0x07, 0x05, 0x06, 0x05,
    0x07, 0x06, 0x05, 0x06, 0x06, 0x05, 0x07, 0x0c, 0x07, 0x0c, 0x0c, 0x07,
    0x07, 0x0c, 0x07, 0x05, 0x06, 0x07, 0x05, 0x06, 0x07, 0x05, 0x06, 0x05,
    0x05, 0x06, 0x07, 0x0c, 0x06, 0x0c, 0x07, 0x06, 0x05, 0x07, 0x06, 0x05,
    0x07, 0x0c, 0x06, 0x05, 0x0c, 0x06, 0x07, 0x0c, 0x07, 0x05, 0x06, 0x07,
    0x0c, 0x06, 0x07, 0x0c, 0x07, 0x05, 0x0c, 0x06, 0x07, 0x0c, 0x07, 0x05,
    0x06, 0x07, 0x05, 0x06, 0x06, 0x0c, 0x07, 0x0c, 0x07, 0x05, 0x0c, 0x07,
    0x07, 0x0c, 0x06, 0x05, 0x06, 0x06, 0x05, 0x06, 0x07, 0x05, 0x06, 0x05,
    0x0c, 0x06, 0x07, 0x0c, 0x07, 0x05, 0x06, 0x06, 0x05, 0x06, 0x07, 0x05,
    0x06, 0x05, 0x07, 0x0c, 0x0c, 0x06, 0x07, 0x0c, 0x07, 0x05, 0x06, 0x07,
    0x05, 0x06, 0x06, 0x05, 0x06, 0x0c, 0x05, 0x06, 0x07, 0x05, 0x06, 0x05,
    0x06, 0x06, 0x05, 0x06, 0x07, 0x05, 0x06, 0x0c, 0x07, 0x0c, 0x05, 0x07,
    0x06, 0x05, 0x07, 0x0c, 0x06, 0x06, 0x05, 0x06, 0x07, 0x05, 0x06, 0x05,
    0x05, 0x06, 0x06, 0x05, 0x06, 0x0c, 0x07, 0x06, 0x05, 0x06, 0x06, 0x0c,
    0x07, 0x06, 0x05, 0x07, 0x06, 0x05, 0x0c, 0x06, 0x05, 0x06, 0x07, 0x05,
    0x06, 0x07, 0x0c, 0x07, 0x06, 0x0c, 0x07, 0x17, 0x00, 0x18, 0x07, 0x05,
    0x06, 0x05, 0x05, 0x06, 0x0c, 0x07, 0x0c, 0x06, 0x07, 0x0c, 0x07, 0x07,
    0x0c, 0x07, 0x07, 0x0c, 0x07, 0x06, 0x05, 0x07, 0x06, 0x07, 0x06, 0x05,
    0x06, 0x06, 0x05, 0x06, 0x06, 0x05, 0x06, 0x05, 0x07, 0x06, 0x05, 0x06,
    0x06, 0x07, 0x07, 0x0c, 0x07, 0x06, 0x0c, 0x07, 0x06, 0x0c, 0x07, 0x06,
    0x0c, 0x07, 0x06, 0x0c, 0x07, 0x06, 0x05, 0x07, 0x07, 0x0c, 0x07, 0x0c,
    0x06, 0x07, 0x0c, 0x06, 0x07, 0x05, 0x06, 0x07, 0x06, 0x05, 0x07, 0x06,
    0x0c, 0x07, 0x06, 0x05, 0x07, 0x06, 0x05, 0x07, 0x06, 0x0c, 0x07, 0x07,
    0x0c, 0x07, 0x06, 0x0c, 0x07, 0x0c, 0x06, 0x07, 0x05, 0x06, 0x07, 0x0c,
    0x06, 0x07, 0x06, 0x0c, 0x07, 0x07, 0x0c, 0x07, 0x06, 0x05, 0x07, 0x06,
    0x0c, 0x07, 0x06, 0x05, 0x07, 0x06, 0x05, 0x07, 0x06, 0x0c, 0x07, 0x05,
    0x06, 0x07, 0x0c, 0x06, 0x07, 0x0c, 0x06, 0x07, 0x07, 0x0c, 0x07, 0x06,
    0x0c, 0x07, 0x06, 0x0c, 0x07, 0x07, 0x0c, 0x07, 0x06, 0x05, 0x07, 0x06,
    0x0c, 0x07, 0x06, 0x05, 0x07, 0x0c, 0x07, 0x07, 0x0c, 0x06, 0x07, 0x05,
    0x06, 0x07, 0x06, 0x0c, 0x07, 0x06, 0x0c, 0x07, 0x07, 0x0c, 0x07, 0x06,
    0x0c, 0x07, 0x06, 0x0c, 0x07, 0x07, 0x0c, 0x07, 0x06, 0x05, 0x07, 0x0c,
    0x06, 0x07, 0x05, 0x07, 0x06, 0x0c, 0x07, 0x0c, 0x07, 0x06, 0x05, 0x07,
    0x06, 0x05, 0x06, 0x0c, 0x07, 0x05, 0x06, 0x07, 0x05, 0x06, 0x05, 0x06,
    0x0c, 0x12, 0x03, 0x05, 0x06, 0x06, 0x07, 0x07, 0x0c, 0x07, 0x06, 0x05,
    0x07, 0x06, 0x0c, 0x07, 0x0c, 0x06, 0x07, 0x0c, 0x07, 0x05, 0x06, 0x06,
    0x05, 0x0c, 0x07, 0x07, 0x0c, 0x07, 0x07, 0x0c, 0x07, 0x06, 0x0c, 0x07,
    0x06, 0x0c, 0x07, 0x06, 0x05, 0x0c, 0x07, 0x06, 0x05, 0x06, 0x07, 0x05,
    0x06, 0x07, 0x05, 0x06, 0x07, 0x05, 0x06, 0x07, 0x0c, 0x06, 0x07, 0x0c,
    0x06, 0x07, 0x05, 0x06, 0x07, 0x05, 0x06, 0x05, 0x06, 0x06, 0x05, 0x06,
    0x07, 0x0c, 0x06, 0x07, 0x0c, 0x07, 0x06, 0x0c, 0x07, 0x0c, 0x06, 0x05,
    0x06, 0x07, 0x0c, 0x06, 0x07, 0x05, 0x06, 0x07, 0x0c, 0x07, 0x07, 0x0c,
    0x06, 0x05, 0x07, 0x06, 0x05, 0x07, 0x06, 0x05, 0x06, 0x06, 0x05, 0x06,
    0x07, 0x0c, 0x06, 0x05, 0x06, 0x05, 0x06, 0x06, 0x05, 0x06, 0x06, 0x05,
    0x06, 0x07, 0x0c, 0x06, 0x07, 0x05, 0x06, 0x05, 0x06, 0x07, 0x05, 0x06,
    0x06, 0x05, 0x07, 0x06, 0x05, 0x07, 0x06, 0x05, 0x06, 0x0c, 0x07, 0x0c,
    0x07, 0x06, 0x0c, 0x07, 0x06, 0x05, 0x06, 0x06, 0x05, 0x06, 0x06, 0x05,
    0x06, 0x05, 0x06, 0x06, 0x05, 0x07, 0x06, 0x05, 0x06, 0x07, 0x05, 0x06,
    0x06, 0x05, 0x07, 0x0c, 0x07, 0x05, 0x06, 0x07, 0x0c, 0x06, 0x07, 0x0c,
    0x07, 0x06, 0x0c, 0x07, 0x07, 0x0c, 0x06, 0x05, 0x07, 0x06, 0x05, 0x07,
    0x06, 0x0c, 0x07, 0x06, 0x07, 0x05, 0x06, 0x07, 0x06, 0x0c, 0x07, 0x06,
    0x0c, 0x07, 0x07, 0x06, 0x05, 0x07, 0x19, 0x17, 0x0c, 0x07, 0x0c, 0x06,
    0x07, 0x0c, 0x07, 0x06, 0x0c, 0x07, 0x05, 0x06, 0x07, 0x05, 0x06, 0x05,
    0x06, 0x06, 0x05, 0x06, 0x07, 0x0c, 0x06, 0x05, 0x06, 0x06, 0x05, 0x06,
    0x05, 0x07, 0x0c, 0x07, 0x07, 0x0c, 0x07, 0x0c, 0x07, 0x07, 0x0c, 0x06,
    0x05, 0x06, 0x06, 0x05, 0x06, 0x0c, 0x07, 0x0c, 0x06, 0x05, 0x06, 0x05,
    0x07, 0x06, 0x05, 0x07, 0x06, 0x0c, 0x07, 0x06, 0x0c, 0x07, 0x06, 0x05,
    0x07, 0x0c, 0x07, 0x0c, 0x07, 0x0c, 0x07, 0x07, 0x0c, 0x07, 0x07, 0x0c,
    0x07, 0x07, 0x0c, 0x07, 0x06, 0x05, 0x07, 0x06, 0x05, 0x06, 0x06, 0x05,
    0x06, 0x07, 0x0c, 0x07, 0x06, 0x05, 0x06, 0x0c, 0x07, 0x0c, 0x06, 0x05,
    0x07, 0x06, 0x05, 0x06, 0x07, 0x0c, 0x07, 0x07, 0x0c, 0x07, 0x07, 0x0c,
    0x07, 0x07, 0x0c, 0x07, 0x06, 0x05, 0x07, 0x06, 0x05, 0x06, 0x06, 0x05,
    0x06, 0x05, 0x06, 0x05, 0x06, 0x05, 0x06, 0x06, 0x05, 0x06, 0x06, 0x05,
    0x07, 0x06, 0x05, 0x06, 0x07, 0x0c, 0x07, 0x07, 0x0c, 0x07, 0x07, 0x0c,
    0x07, 0x07, 0x0c, 0x07, 0x06, 0x05, 0x07, 0x0c, 0x07, 0x0c, 0x06, 0x05,
    0x06, 0x07, 0x0c, 0x07, 0x06, 0x05, 0x06, 0x06, 0x05, 0x06, 0x06, 0x05,
    0x07, 0x06, 0x05, 0x06, 0x07, 0x0c, 0x07, 0x06, 0x0c, 0x07, 0x07, 0x0c,
    0x06, 0x0c, 0x07, 0x0c, 0x07, 0x06, 0x05, 0x05, 0x06, 0x0c, 0x07, 0x0c,
    0x07, 0x07, 0x0c, 0x07, 0x0c, 0x06, 0x05, 0x06, 0x0c, 0x07, 0x07, 0x1a,
    0x07, 0x06, 0x05, 0x07, 0x0c, 0x06, 0x07, 0x05, 0x06, 0x06, 0x05, 0x06,
    0x06, 0x05, 0x06, 0x07, 0x05, 0x06, 0x07, 0x0c, 0x07, 0x05, 0x06, 0x07,
    0x05, 0x06, 0x07, 0x0c, 0x06, 0x07, 0x0c, 0x06, 0x07, 0x0c, 0x07, 0x07,
    0x0c, 0x06, 0x07, 0x07, 0x0c, 0x07, 0x07, 0x0c, 0x07, 0x07, 0x0c, 0x07,
    0x06, 0x05, 0x06, 0x06, 0x05, 0x06, 0x0c, 0x07, 0x0c, 0x07, 0x05, 0x06,
    0x07, 0x05, 0x06, 0x06, 0x05, 0x06, 0x07, 0x0c, 0x07, 0x06, 0x05, 0x06,
    0x0c, 0x07, 0x0c, 0x06, 0x05, 0x06, 0x06, 0x05, 0x07, 0x06, 0x0c, 0x07,
    0x05, 0x06, 0x05, 0x06, 0x05, 0x07, 0x06, 0x0c, 0x07, 0x07, 0x0c, 0x07,
    0x06, 0x05, 0x07, 0x06, 0x05, 0x06, 0x05, 0x07, 0x0c, 0x06, 0x05, 0x06,
    0x07, 0x0c, 0x06, 0x07, 0x0c, 0x06, 0x05, 0x06, 0x05, 0x06, 0x0c, 0x07,
    0x07, 0x0c, 0x07, 0x07, 0x0c, 0x07, 0x06, 0x0c, 0x07, 0x07, 0x0c, 0x07,
    0x0c, 0x07, 0x05, 0x06, 0x05, 0x06, 0x07, 0x05, 0x06, 0x06, 0x05, 0x06,
    0x05, 0x06, 0x0c, 0x07, 0x0c, 0x06, 0x07, 0x0c, 0x07, 0x06, 0x0c, 0x07,
    0x07, 0x0c, 0x07, 0x07, 0x0c, 0x07, 0x0c, 0x06, 0x05, 0x07, 0x0c, 0x07,
    0x06, 0x05, 0x07, 0x06, 0x05, 0x06, 0x05, 0x07, 0x0c, 0x06, 0x05, 0x07,
    0x07, 0x0c, 0x06, 0x07, 0x05, 0x06, 0x07, 0x0c, 0x07, 0x0c, 0x07, 0x06,
    0x06, 0x05, 0x06, 0x06, 0x05, 0x0c, 0x07, 0x06, 0x05, 0x07, 0x06, 0x05,
    0x07, 0x06, 0x0c, 0x06, 0x1b, 0x0c, 0x07, 0x06, 0x05, 0x07, 0x0c, 0x07,
    0x0c, 0x07, 0x07, 0x0c, 0x07, 0x05, 0x06, 0x06, 0x05, 0x06, 0x0c, 0x07,
    0x06, 0x0c, 0x07, 0x06, 0x05, 0x06, 0x05, 0x07, 0x0c, 0x07, 0x07, 0x0c,
    0x07, 0x0c, 0x06, 0x07, 0x0c, 0x07, 0x0c, 0x0c, 0x07, 0x06, 0x0c, 0x07,
    0x0c, 0x06, 0x07, 0x05, 0x06, 0x07, 0x05, 0x06, 0x07, 0x05, 0x06, 0x07,
    0x0c, 0x06, 0x07, 0x0c, 0x06, 0x05, 0x06, 0x05, 0x07, 0x06, 0x0c, 0x07,
    0x07, 0x0c, 0x07, 0x06, 0x05, 0x07, 0x06, 0x05, 0x06, 0x07, 0x05, 0x06,
    0x0c, 0x07, 0x0c, 0x06, 0x07, 0x0c, 0x06, 0x07, 0x05, 0x06, 0x0c, 0x07,
    0x0c, 0x06, 0x05, 0x06, 0x07, 0x05, 0x06, 0x06, 0x05, 0x06, 0x06, 0x05,
    0x06, 0x07, 0x05, 0x06, 0x0c, 0x07, 0x05, 0x06, 0x05, 0x07, 0x06, 0x0c,
    0x07, 0x07, 0x0c, 0x06, 0x05, 0x06, 0x0c, 0x07, 0x0c, 0x06, 0x07, 0x05,
    0x06, 0x06, 0x05, 0x06, 0x07, 0x05, 0x06, 0x06, 0x05, 0x06, 0x0c, 0x07,
    0x0c, 0x07, 0x05, 0x06, 0x06, 0x05, 0x07, 0x06, 0x05, 0x07, 0x0c, 0x06,
    0x05, 0x07, 0x0c, 0x06, 0x07, 0x0c, 0x06, 0x07, 0x0c, 0x06, 0x07, 0x05,
    0x06, 0x06, 0x05, 0x06, 0x05, 0x07, 0x0c, 0x06, 0x05, 0x06, 0x06, 0x05,
    0x06, 0x07, 0x0c, 0x06, 0x05, 0x06, 0x05, 0x06, 0x0c, 0x07, 0x07, 0x0c,
    0x07, 0x06, 0x05, 0x06, 0x07, 0x05, 0x06, 0x07, 0x07, 0x06, 0x0c, 0x07,
    0x06, 0x0c, 0x07, 0x06, 0x0c, 0x07, 0x07, 0x0c, 0x07, 0x1c, 0x07, 0x0c,
    0x06, 0x07, 0x0c, 0x07, 0x06, 0x0c, 0x07, 0x0c, 0x06, 0x07, 0x05, 0x06,
    0x05, 0x06, 0x07, 0x05, 0x06, 0x07, 0x05, 0x06, 0x07, 0x0c, 0x06, 0x07,
    0x0c, 0x06, 0x07, 0x0c, 0x07, 0x07, 0x0c, 0x07, 0x0c, 0x07, 0x07, 0x06,
    0x05, 0x07, 0x06, 0x05, 0x07, 0x06, 0x0c, 0x07, 0x0c, 0x06, 0x07, 0x0c,
    0x06, 0x05, 0x06, 0x07, 0x05, 0x06, 0x07, 0x05, 0x06, 0x07, 0x0c, 0x06,
    0x07, 0x0c, 0x07, 0x0c, 0x06, 0x07, 0x0c, 0x06, 0x07, 0x0c, 0x07, 0x06,
    0x05, 0x07, 0x06, 0x05, 0x06, 0x07, 0x05, 0x06, 0x07, 0x05, 0x06, 0x07,
    0x0c, 0x06, 0x07, 0x07, 0x0c, 0x07, 0x07, 0x0c, 0x06, 0x07, 0x0c, 0x06,
    0x07, 0x05, 0x06, 0x07, 0x0c, 0x06, 0x07, 0x05, 0x06, 0x07, 0x0c, 0x06,
    0x07, 0x0c, 0x07, 0x07, 0x0c, 0x07, 0x06, 0x05, 0x07, 0x06, 0x05, 0x07,
    0x06, 0x05, 0x06, 0x07, 0x05, 0x06, 0x07, 0x0c, 0x06, 0x07, 0x0c, 0x06,
    0x07, 0x05, 0x06, 0x07, 0x0c, 0x06, 0x07, 0x05, 0x06, 0x07, 0x0c, 0x06,
    0x07, 0x0c, 0x07, 0x07, 0x0c, 0x07, 0x06, 0x05, 0x07, 0x06, 0x05, 0x07,
    0x06, 0x05, 0x06, 0x07, 0x05, 0x06, 0x07, 0x0c, 0x06, 0x07, 0x0c, 0x06,
    0x07, 0x05, 0x06, 0x07, 0x0c, 0x07, 0x07, 0x0c, 0x07, 0x06, 0x05, 0x07,
    0x06, 0x05, 0x06, 0x06, 0x05, 0x06, 0x07, 0x0c, 0x06, 0x05, 0x0c, 0x06,
    0x05, 0x05, 0x06, 0x07, 0x05, 0x06, 0x07, 0x05, 0x06, 0x05, 0x06, 0x05,
    0x06, 0x07, 0x1d, 0x07, 0x05, 0x06, 0x06, 0x05, 0x06, 0x07, 0x05, 0x06,
    0x07, 0x0c, 0x06, 0x07, 0x0c, 0x07, 0x06, 0x0c, 0x07, 0x0c, 0x07, 0x0c,
    0x06, 0x05, 0x07, 0x06, 0x05, 0x06, 0x07, 0x0c, 0x0c, 0x07, 0x06, 0x05,
    0x07, 0x06, 0x0c, 0x07, 0x06, 0x0c, 0x07, 0x0c, 0x07, 0x07, 0x0c, 0x07,
    0x07, 0x0c, 0x07, 0x05, 0x06, 0x07, 0x0c, 0x06, 0x05, 0x06, 0x06, 0x05,
    0x06, 0x07, 0x05, 0x06, 0x07, 0x0c, 0x07, 0x07, 0x0c, 0x07, 0x05, 0x06,
    0x05, 0x07, 0x0c, 0x06, 0x07, 0x0c, 0x06, 0x05, 0x06, 0x06, 0x05, 0x06,
    0x07, 0x0c, 0x06, 0x07, 0x05, 0x06, 0x05, 0x06, 0x07, 0x0c, 0x07, 0x07,
    0x0c, 0x07, 0x05, 0x06, 0x05, 0x07, 0x0c, 0x07, 0x05, 0x06, 0x07, 0x0c,
    0x06, 0x07, 0x05, 0x06, 0x07, 0x0c, 0x06, 0x05, 0x06, 0x07, 0x0c, 0x06,
    0x07, 0x0c, 0x06, 0x07, 0x0c, 0x07, 0x06, 0x05, 0x06, 0x0c, 0x07, 0x05,
    0x06, 0x05, 0x07, 0x06, 0x05, 0x07, 0x06, 0x05, 0x07, 0x06, 0x05, 0x06,
    0x06, 0x05, 0x07, 0x0c, 0x07, 0x06, 0x0c, 0x07, 0x06, 0x05, 0x06, 0x06,
    0x05, 0x06, 0x0c, 0x07, 0x0c, 0x07, 0x0c, 0x07, 0x0c, 0x06, 0x07, 0x05,
    0x06, 0x07, 0x05, 0x06, 0x07, 0x05, 0x06, 0x05, 0x06, 0x06, 0x05, 0x06,
    0x07, 0x05, 0x06, 0x06, 0x05, 0x07, 0x06, 0x05, 0x07, 0x0c, 0x07, 0x07,
    0x0c, 0x07, 0x07, 0x06, 0x07, 0x0c, 0x06, 0x07, 0x0c, 0x06, 0x05, 0x06,
    0x07, 0x05, 0x06, 0x07, 0x0c, 0x07, 0x06, 0x1c, 0x06, 0x05, 0x07, 0x0c,
    0x07, 0x06, 0x05, 0x06, 0x07, 0x05, 0x07, 0x0c, 0x06, 0x07, 0x05, 0x06,
    0x07, 0x0c, 0x07, 0x06, 0x07, 0x0c, 0x07, 0x06, 0x05, 0x06, 0x07, 0x05,
    0x06, 0x07, 0x0c, 0x06, 0x07, 0x0c, 0x07, 0x0c, 0x05, 0x07, 0x06, 0x0c,
    0x07, 0x06, 0x0c, 0x05, 0x06, 0x06, 0x05, 0x06, 0x06, 0x05, 0x07, 0x06,
    0x05, 0x07, 0x06, 0x05, 0x0c, 0x06, 0x07, 0x0c, 0x07, 0x05, 0x06, 0x06,
    0x05, 0x06, 0x07, 0x06, 0x0c, 0x07, 0x06, 0x05, 0x07, 0x0c, 0x07, 0x06,
    0x05, 0x07, 0x0c, 0x07, 0x06, 0x05, 0x05, 0x06, 0x0c, 0x07, 0x07, 0x0c,
    0x05, 0x06, 0x0c, 0x06, 0x05, 0x06, 0x06, 0x05, 0x06, 0x06, 0x05, 0x06,
    0x06, 0x05, 0x06, 0x05, 0x07, 0x06, 0x0c, 0x07, 0x07, 0x0c, 0x07, 0x07,
    0x0c, 0x06, 0x05, 0x07, 0x0c, 0x07, 0x05, 0x06, 0x06, 0x05, 0x06, 0x05,
    0x06, 0x07, 0x0c, 0x06, 0x07, 0x0c, 0x07, 0x0c, 0x06, 0x05, 0x06, 0x06,
    0x05, 0x06, 0x07, 0x05, 0x06, 0x06, 0x05, 0x06, 0x07, 0x05, 0x06, 0x05,
    0x06, 0x06, 0x05, 0x07, 0x0c, 0x07, 0x07, 0x0c, 0x06, 0x07, 0x0c, 0x07,
    0x06, 0x05, 0x06, 0x0c, 0x07, 0x06, 0x05, 0x06, 0x06, 0x05, 0x06, 0x06,
    0x05, 0x07, 0x0c, 0x07, 0x0c, 0x06, 0x05, 0x06, 0x06, 0x05, 0x06, 0x0c,
    0x07, 0x06, 0x0c, 0x07, 0x0c, 0x06, 0x07, 0x0c, 0x07, 0x07, 0x0c, 0x07,
    0x07, 0x0c, 0x07, 0x06, 0x0c, 0x06, 0x07, 0x0c, 0x06, 0x07, 0x0c, 0x07,
    0x1d, 0x07, 0x06, 0x0c, 0x07, 0x06, 0x05, 0x0c, 0x06, 0x06, 0x05, 0x06,
    0x07, 0x05, 0x06, 0x0c, 0x07, 0x07, 0x0c, 0x06, 0x05, 0x07, 0x06, 0x0c,
    0x07, 0x0c, 0x06, 0x05, 0x06, 0x07, 0x07, 0x0c, 0x07, 0x06, 0x05, 0x06,
    0x07, 0x0c, 0x07, 0x07, 0x0c, 0x07, 0x06, 0x05, 0x07, 0x06, 0x05, 0x07,
    0x06, 0x0c, 0x07, 0x0c, 0x06, 0x07, 0x0c, 0x07, 0x07, 0x0c, 0x07, 0x0c,
    0x06, 0x07, 0x0c, 0x06, 0x05, 0x06, 0x05, 0x06, 0x05, 0x07, 0x06, 0x0c,
    0x07, 0x06, 0x05, 0x06, 0x07, 0x0c, 0x06, 0x07, 0x0c, 0x07, 0x06, 0x07,
    0x05, 0x06, 0x06, 0x05, 0x06, 0x07, 0x07, 0x06, 0x05, 0x07, 0x06, 0x05,
    0x07, 0x06, 0x05, 0x06, 0x07, 0x0c, 0x06, 0x07, 0x0c, 0x07, 0x0c, 0x06,
    0x07, 0x0c, 0x06, 0x07, 0x05, 0x06, 0x07, 0x0c, 0x07, 0x06, 0x0c, 0x07,
    0x07, 0x0c, 0x07, 0x07, 0x0c, 0x07, 0x07, 0x0c, 0x07, 0x06, 0x05, 0x06,
    0x07, 0x05, 0x06, 0x05, 0x06, 0x0c, 0x07, 0x0c, 0x06, 0x05, 0x07, 0x0c,
    0x06, 0x07, 0x0c, 0x07, 0x07, 0x0c, 0x07, 0x06, 0x05, 0x06, 0x06, 0x05,
    0x07, 0x06, 0x05, 0x07, 0x06, 0x05, 0x07, 0x06, 0x05, 0x06, 0x05, 0x06,
    0x07, 0x05, 0x06, 0x07, 0x0c, 0x07, 0x06, 0x05, 0x07, 0x06, 0x05, 0x07,
    0x06, 0x05, 0x07, 0x06, 0x05, 0x07, 0x06, 0x05, 0x07, 0x06, 0x05, 0x06,
    0x0c, 0x05, 0x06, 0x06, 0x05, 0x06, 0x07, 0x05, 0x07, 0x0c, 0x07, 0x07,
    0x0c, 0x07, 0x07, 0x0c, 0x07, 0x1e, 0x05, 0x06, 0x07, 0x05, 0x06, 0x07,
    0x05, 0x06, 0x07, 0x0c, 0x06, 0x07, 0x05, 0x06, 0x06, 0x05, 0x06, 0x07,
    0x0c, 0x07, 0x0c, 0x07, 0x07, 0x0c, 0x07, 0x07, 0x0c, 0x0c, 0x07, 0x0c,
    0x07, 0x05, 0x06, 0x06, 0x05, 0x06, 0x06, 0x05, 0x06, 0x05, 0x06, 0x07,
    0x0c, 0x06, 0x07, 0x0c, 0x07, 0x05, 0x06, 0x07, 0x05, 0x06, 0x07, 0x0c,
    0x06, 0x07, 0x07, 0x0c, 0x07, 0x07, 0x0c, 0x07, 0x07, 0x0c, 0x07, 0x06,
    0x0c, 0x07, 0x07, 0x0c, 0x07, 0x06, 0x0c, 0x07, 0x0c, 0x07, 0x07, 0x0c,
    0x07, 0x0c, 0x0c, 0x07, 0x06, 0x0c, 0x07, 0x07, 0x0c, 0x06, 0x07, 0x0c,
    0x07, 0x06, 0x0c, 0x07, 0x0c, 0x06, 0x07, 0x0c, 0x07, 0x07, 0x0c, 0x07,
    0x07, 0x0c, 0x06, 0x07, 0x05, 0x0c, 0x07, 0x0c, 0x06, 0x05, 0x06, 0x06,
    0x05, 0x06, 0x07, 0x0c, 0x07, 0x0c, 0x07, 0x06, 0x0c, 0x07, 0x0c, 0x06,
    0x07, 0x05, 0x06, 0x07, 0x0c, 0x06, 0x07, 0x06, 0x05, 0x07, 0x06, 0x05,
    0x06, 0x07, 0x05, 0x06, 0x07, 0x05, 0x06, 0x0c, 0x07, 0x06, 0x05, 0x06,
    0x07, 0x0c, 0x07, 0x0c, 0x07, 0x06, 0x05, 0x06, 0x06, 0x05, 0x06, 0x06,
    0x05, 0x07, 0x06, 0x05, 0x06, 0x0c, 0x05, 0x06, 0x07, 0x05, 0x06, 0x06,
    0x05, 0x06, 0x06, 0x05, 0x06, 0x0c, 0x07, 0x06, 0x0c, 0x07, 0x0c, 0x06,
    0x07, 0x0c, 0x07, 0x07, 0x0c, 0x07, 0x07, 0x0c, 0x07, 0x0c, 0x06, 0x0c,
    0x07, 0x06, 0x05, 0x06, 0x0c, 0x07, 0x0c, 0x06, 0x05, 0x06, 0x1d, 0x07,
    0x0c, 0x06, 0x05, 0x06, 0x06, 0x05, 0x07, 0x05, 0x06, 0x05, 0x06, 0x0c,
    0x07, 0x07, 0x0c, 0x05, 0x06, 0x07, 0x0c, 0x06, 0x05, 0x06, 0x06, 0x05,
    0x07, 0x06, 0x07, 0x0c, 0x06, 0x07, 0x0c, 0x07, 0x07, 0x0c, 0x07, 0x07,
    0x0c, 0x06, 0x07, 0x05, 0x06, 0x05, 0x06, 0x05, 0x06, 0x06, 0x05, 0x06,
    0x06, 0x05, 0x07, 0x0c, 0x07, 0x0c, 0x0c, 0x07, 0x06, 0x0c, 0x07, 0x0c,
    0x07, 0x06, 0x05, 0x07, 0x06, 0x05, 0x06, 0x0c, 0x07, 0x07, 0x0c, 0x07,
    0x07, 0x0c, 0x06, 0x07, 0x05, 0x06, 0x07, 0x05, 0x06, 0x07, 0x0c, 0x07,
    0x0c, 0x07, 0x05, 0x0c, 0x06, 0x05, 0x07, 0x06, 0x05, 0x06, 0x05, 0x07,
    0x0c, 0x06, 0x05, 0x06, 0x05, 0x06, 0x07, 0x05, 0x06, 0x07, 0x06, 0x07,
    0x05, 0x06, 0x07, 0x05, 0x06, 0x07, 0x05, 0x06, 0x07, 0x0c, 0x07, 0x06,
    0x05, 0x06, 0x07, 0x0c, 0x06, 0x05, 0x06, 0x05, 0x06, 0x07, 0x05, 0x06,
    0x0c, 0x07, 0x06, 0x05, 0x06, 0x07, 0x0c, 0x06, 0x06, 0x05, 0x06, 0x07,
    0x05, 0x06, 0x0c, 0x07, 0x05, 0x06, 0x07, 0x0c, 0x07, 0x06, 0x05, 0x0c,
    0x07, 0x06, 0x05, 0x06, 0x0c, 0x07, 0x06, 0x05, 0x06, 0x07, 0x07, 0x0c,
    0x06, 0x05, 0x06, 0x0c, 0x07, 0x07, 0x0c, 0x07, 0x07, 0x0c, 0x07, 0x07,
    0x0c, 0x07, 0x07, 0x0c, 0x07, 0x0c, 0x06, 0x05, 0x06, 0x06, 0x07, 0x0c,
    0x07, 0x07, 0x07, 0x0c, 0x07, 0x06, 0x0c, 0x07, 0x07, 0x0c, 0x07, 0x07,
    0x0c, 0x07, 0x07, 0x1d, 0x07, 0x06, 0x05, 0x07, 0x06, 0x0c, 0x07, 0x06,
    0x06, 0x05, 0x07, 0x06, 0x0c, 0x07, 0x06, 0x05, 0x06, 0x07, 0x05, 0x06,
    0x07, 0x05, 0x06, 0x07, 0x0c, 0x0c, 0x07, 0x07, 0x0c, 0x07, 0x06, 0x0c,
    0x07, 0x0c, 0x06, 0x05, 0x07, 0x06, 0x05, 0x06, 0x06, 0x05, 0x07, 0x06,
    0x05, 0x07, 0x06, 0x05, 0x07, 0x0c, 0x06, 0x07, 0x0c, 0x07, 0x07, 0x0c,
    0x07, 0x07, 0x0c, 0x06, 0x07, 0x0c, 0x06, 0x05, 0x06, 0x05, 0x07, 0x06,
    0x0c, 0x07, 0x0c, 0x0c, 0x07, 0x06, 0x05, 0x06, 0x0c, 0x07, 0x06, 0x06,
    0x05, 0x06, 0x07, 0x05, 0x06, 0x06, 0x07, 0x06, 0x07, 0x06, 0x05, 0x06,
    0x07, 0x0c, 0x07, 0x06, 0x05, 0x06, 0x07, 0x06, 0x05, 0x06, 0x0c, 0x07,
    0x0c, 0x06, 0x05, 0x06, 0x0c, 0x07, 0x06, 0x0c, 0x07, 0x0c, 0x06, 0x05,
    0x06, 0x06, 0x05, 0x06, 0x05, 0x0c, 0x07, 0x07, 0x05, 0x06, 0x07, 0x0c,
    0x06, 0x05, 0x06, 0x07, 0x05, 0x06, 0x07, 0x0c, 0x06, 0x07, 0x05, 0x06,
    0x07, 0x05, 0x06, 0x06, 0x05, 0x06, 0x07, 0x0c, 0x06, 0x07, 0x0c, 0x06,
    0x05, 0x06, 0x07, 0x0c, 0x07, 0x06, 0x05, 0x07, 0x07, 0x0c, 0x07, 0x0c,
    0x06, 0x05, 0x06, 0x07, 0x06, 0x05, 0x07, 0x06, 0x05, 0x07, 0x06, 0x0c,
    0x07, 0x06, 0x0c, 0x07, 0x0c, 0x0c, 0x07, 0x06, 0x05, 0x07, 0x06, 0x05,
    0x07, 0x0c, 0x07, 0x0c, 0x06, 0x0c, 0x07, 0x0c, 0x07, 0x07, 0x0c, 0x05,
    0x06, 0x07, 0x0c, 0x06, 0x07, 0x0c, 0x06, 0x07, 0x1c, 0x05, 0x06, 0x06,
    0x05, 0x07, 0x0c, 0x07, 0x0c, 0x06, 0x07, 0x0c, 0x07, 0x07, 0x0c, 0x07,
    0x06, 0x0c, 0x07, 0x06, 0x0c, 0x07, 0x06, 0x05, 0x07, 0x06, 0x0c, 0x07,
    0x06, 0x05, 0x07, 0x0c, 0x07, 0x07, 0x0c, 0x07, 0x06, 0x0c, 0x07, 0x05,
    0x06, 0x06, 0x05, 0x06, 0x06, 0x05, 0x06, 0x0c, 0x07, 0x07, 0x0c, 0x07,
    0x06, 0x0c, 0x07, 0x06, 0x0c, 0x07, 0x07, 0x0c, 0x07, 0x07, 0x0c, 0x07,
    0x06, 0x0c, 0x07, 0x06, 0x05, 0x07, 0x06, 0x07, 0x07, 0x0c, 0x07, 0x07,
    0x0c, 0x07, 0x05, 0x06, 0x05, 0x06, 0x06, 0x05, 0x06, 0x0c, 0x07, 0x0c,
    0x05, 0x06, 0x05, 0x06, 0x05, 0x06, 0x07, 0x0c, 0x07, 0x06, 0x05, 0x06,
    0x05, 0x07, 0x06, 0x07, 0x05, 0x06, 0x07, 0x05, 0x06, 0x07, 0x05, 0x06,
    0x07, 0x05, 0x06, 0x07, 0x05, 0x06, 0x05, 0x07, 0x06, 0x07, 0x06, 0x0c,
    0x07, 0x06, 0x05, 0x07, 0x06, 0x05, 0x07, 0x0c, 0x06, 0x05, 0x06, 0x05,
    0x07, 0x06, 0x05, 0x0c, 0x07, 0x0c, 0x07, 0x05, 0x06, 0x0c, 0x07, 0x07,
    0x0c, 0x07, 0x07, 0x0c, 0x07, 0x07, 0x0c, 0x07, 0x06, 0x05, 0x06, 0x0c,
    0x07, 0x06, 0x05, 0x07, 0x06, 0x05, 0x07, 0x0c, 0x0c, 0x07, 0x06, 0x0c,
    0x07, 0x06, 0x0c, 0x05, 0x06, 0x05, 0x06, 0x07, 0x05, 0x06, 0x07, 0x0c,
    0x06, 0x07, 0x0c, 0x06, 0x07, 0x0c, 0x07, 0x07, 0x05, 0x06, 0x07, 0x0c,
    0x06, 0x07, 0x0c, 0x07, 0x06, 0x05, 0x06, 0x07, 0x05, 0x06, 0x05, 0x06,
    0x06, 0x1c, 0x07, 0x0c, 0x06, 0x07, 0x0c, 0x07, 0x07, 0x05, 0x06, 0x07,
    0x0c, 0x06, 0x05, 0x0c, 0x07, 0x07, 0x0c, 0x07, 0x07, 0x0c, 0x07, 0x0c,
    0x06, 0x05, 0x07, 0x06, 0x05, 0x06, 0x06, 0x05, 0x06, 0x07, 0x0c, 0x07,
    0x07, 0x0c, 0x06, 0x07, 0x0c, 0x07, 0x05, 0x06, 0x07, 0x05, 0x06, 0x07,
    0x0c, 0x06, 0x07, 0x0c, 0x07, 0x05, 0x06, 0x07, 0x05, 0x06, 0x06, 0x05,
    0x06, 0x05, 0x06, 0x07, 0x05, 0x06, 0x07, 0x0c, 0x06, 0x05, 0x06, 0x0c,
    0x07, 0x06, 0x0c, 0x07, 0x06, 0x0c, 0x07, 0x06, 0x05, 0x07, 0x06, 0x05,
    0x07, 0x06, 0x05, 0x07, 0x06, 0x05, 0x06, 0x07, 0x0c, 0x06, 0x05, 0x06,
    0x05, 0x06, 0x07, 0x0c, 0x06, 0x07, 0x0c, 0x06, 0x07, 0x0c, 0x06, 0x07,
    0x0c, 0x07, 0x06, 0x0c, 0x07, 0x06, 0x0c, 0x07, 0x06, 0x0c, 0x07, 0x06,
    0x0c, 0x05, 0x07, 0x06, 0x05, 0x06, 0x06, 0x05, 0x06, 0x06, 0x05, 0x06,
    0x07, 0x0c, 0x06, 0x07, 0x0c, 0x07, 0x06, 0x0c, 0x07, 0x06, 0x06, 0x05,
    0x06, 0x07, 0x05, 0x06, 0x0c, 0x07, 0x0c, 0x06, 0x05, 0x06, 0x06, 0x05,
    0x06, 0x07, 0x05, 0x06, 0x07, 0x0c, 0x06, 0x07, 0x0c, 0x06, 0x07, 0x06,
    0x07, 0x05, 0x06, 0x07, 0x05, 0x06, 0x07, 0x05, 0x06, 0x07, 0x0c, 0x07,
    0x06, 0x0c, 0x07, 0x07, 0x0c, 0x07, 0x07, 0x0c, 0x07, 0x06, 0x0c, 0x06,
    0x07, 0x0c, 0x07, 0x07, 0x0c, 0x07, 0x0c, 0x07, 0x06, 0x07, 0x0c, 0x07,
    0x06, 0x0c, 0x07, 0x07, 0x0c, 0x07, 0x1d, 0x07, 0x05, 0x07, 0x06, 0x0c,
    0x06, 0x07, 0x0c, 0x05, 0x07, 0x06, 0x05, 0x06, 0x07, 0x0c, 0x07, 0x0c,
    0x06, 0x05, 0x07, 0x06, 0x05, 0x06, 0x06, 0x05, 0x07, 0x0c, 0x07, 0x07,
    0x0c, 0x07, 0x06, 0x0c, 0x07, 0x0c, 0x07, 0x07, 0x0c, 0x06, 0x07, 0x0c,
    0x06, 0x05, 0x06, 0x07, 0x05, 0x06, 0x05, 0x06, 0x06, 0x05, 0x06, 0x06,
    0x05, 0x07, 0x0c, 0x07, 0x06, 0x05, 0x06, 0x0c, 0x07, 0x0c, 0x07, 0x07,
    0x0c, 0x07, 0x07, 0x0c, 0x07, 0x05, 0x0c, 0x07, 0x05, 0x06, 0x07, 0x0c,
    0x06, 0x07, 0x0c, 0x06, 0x05, 0x06, 0x07, 0x0c, 0x06, 0x07, 0x0c, 0x07,
    0x07, 0x06, 0x05, 0x07, 0x06, 0x0c, 0x07, 0x05, 0x06, 0x07, 0x05, 0x0c,
    0x07, 0x05, 0x06, 0x05, 0x06, 0x05, 0x06, 0x05, 0x07, 0x0c, 0x07, 0x05,
    0x06, 0x07, 0x05, 0x06, 0x07, 0x0c, 0x07, 0x06, 0x05, 0x07, 0x0c, 0x07,
    0x0c, 0x07, 0x07, 0x0c, 0x07, 0x07, 0x0c, 0x07, 0x07, 0x0c, 0x06, 0x05,
    0x07, 0x06, 0x05, 0x07, 0x06, 0x0c, 0x07, 0x07, 0x0c, 0x07, 0x07, 0x06,
    0x05, 0x07, 0x0c, 0x07, 0x05, 0x06, 0x0c, 0x07, 0x06, 0x05, 0x05, 0x06,
    0x07, 0x0c, 0x05, 0x06, 0x0c, 0x07, 0x06, 0x0c, 0x07, 0x0c, 0x06, 0x07,
    0x0c, 0x07, 0x06, 0x05, 0x07, 0x0c, 0x06, 0x07, 0x0c, 0x07, 0x0c, 0x06,
    0x05, 0x07, 0x05, 0x06, 0x07, 0x0c, 0x06, 0x05, 0x06, 0x07, 0x0c, 0x07,
    0x0c, 0x07, 0x0c, 0x07, 0x0c, 0x07, 0x0c, 0x07, 0x06, 0x05, 0x07, 0x03,
    0x06, 0x0c, 0x07, 0x05, 0x06, 0x05, 0x06, 0x06, 0x05, 0x06, 0x07, 0x05,
    0x06, 0x06, 0x07, 0x0c, 0x07, 0x06, 0x0c, 0x07, 0x06, 0x05, 0x07, 0x06,
    0x0c, 0x07, 0x06, 0x0c, 0x07, 0x0c, 0x07, 0x05, 0x06, 0x06, 0x05, 0x06,
    0x05, 0x07, 0x06, 0x05, 0x07, 0x06, 0x0c, 0x07, 0x0c, 0x06, 0x07, 0x05,
    0x06, 0x07, 0x05, 0x06, 0x05, 0x06, 0x06, 0x05, 0x06, 0x07, 0x0c, 0x07,
    0x07, 0x0c, 0x06, 0x07, 0x0c, 0x06, 0x07, 0x0c, 0x06, 0x07, 0x06, 0x06,
    0x07, 0x0c, 0x07, 0x07, 0x0c, 0x07, 0x05, 0x06, 0x07, 0x0c, 0x07, 0x0c,
    0x07, 0x07, 0x0c, 0x06, 0x05, 0x06, 0x0c, 0x07, 0x07, 0x0c, 0x07, 0x06,
    0x0c, 0x07, 0x06, 0x0c, 0x07, 0x06, 0x06, 0x05, 0x07, 0x06, 0x06, 0x05,
    0x06, 0x07, 0x0c, 0x06, 0x07, 0x0c, 0x07, 0x0c, 0x07, 0x07, 0x0c, 0x06,
    0x07, 0x0c, 0x06, 0x07, 0x0c, 0x07, 0x0c, 0x06, 0x07, 0x0c, 0x06, 0x07,
    0x0c, 0x07, 0x06, 0x05, 0x07, 0x06, 0x0c, 0x05, 0x07, 0x06, 0x05, 0x06,
    0x06, 0x05, 0x06, 0x06, 0x05, 0x06, 0x06, 0x07, 0x0c, 0x07, 0x06, 0x05,
    0x06, 0x06, 0x05, 0x06, 0x07, 0x0c, 0x07, 0x07, 0x0c, 0x07, 0x05, 0x06,
    0x07, 0x05, 0x06, 0x05, 0x06, 0x06, 0x05, 0x06, 0x06, 0x05, 0x07, 0x07,
    0x0c, 0x07, 0x06, 0x07, 0x0c, 0x06, 0x07, 0x0c, 0x07, 0x05, 0x06, 0x07,
    0x0c, 0x07, 0x06, 0x05, 0x06, 0x07, 0x0c, 0x07, 0x06, 0x05, 0x07, 0x06,
    0x0c, 0x07, 0x0c, 0x06, 0x1c, 0x07, 0x06, 0x0c, 0x07, 0x07, 0x0c, 0x07,
    0x07, 0x0c, 0x06, 0x07, 0x0c, 0x07, 0x05, 0x06, 0x07, 0x05, 0x06, 0x07,
    0x0c, 0x06, 0x05, 0x07, 0x06, 0x05, 0x07, 0x06, 0x05, 0x06, 0x06, 0x05,
    0x06, 0x07, 0x05, 0x06, 0x06, 0x05, 0x06, 0x0c, 0x07, 0x07, 0x0c, 0x07,
    0x07, 0x0c, 0x06, 0x07, 0x0c, 0x06, 0x05, 0x06, 0x07, 0x05, 0x06, 0x07,
    0x0c, 0x07, 0x0c, 0x06, 0x07, 0x05, 0x06, 0x07, 0x0c, 0x05, 0x07, 0x06,
    0x05, 0x07, 0x0c, 0x05, 0x07, 0x06, 0x0c, 0x07, 0x0c, 0x06, 0x07, 0x0c,
    0x07, 0x06, 0x05, 0x06, 0x07, 0x0c, 0x07, 0x07, 0x0c, 0x07, 0x07, 0x0c,
    0x06, 0x07, 0x0c, 0x07, 0x07, 0x0c, 0x07, 0x07, 0x0c, 0x07, 0x07, 0x0c,
    0x06, 0x07, 0x05, 0x06, 0x07, 0x0c, 0x06, 0x07, 0x05, 0x06, 0x07, 0x0c,
    0x06, 0x05, 0x06, 0x07, 0x05, 0x06, 0x05, 0x06, 0x07, 0x05, 0x06, 0x07,
    0x0c, 0x07, 0x0c, 0x07, 0x06, 0x05, 0x06, 0x07, 0x0c, 0x06, 0x07, 0x0c,
    0x06, 0x07, 0x0c, 0x07, 0x0c, 0x07, 0x05, 0x06, 0x05, 0x05, 0x06, 0x07,
    0x0c, 0x07, 0x06, 0x05, 0x07, 0x0c, 0x07, 0x06, 0x07, 0x0c, 0x06, 0x07,
    0x06, 0x07, 0x0c, 0x06, 0x05, 0x06, 0x06, 0x05, 0x07, 0x06, 0x05, 0x07,
    0x0c, 0x06, 0x07, 0x0c, 0x06, 0x05, 0x06, 0x05, 0x07, 0x06, 0x05, 0x06,
    0x06, 0x05, 0x06, 0x07, 0x0c, 0x07, 0x0c, 0x07, 0x06, 0x05, 0x06, 0x07,
    0x0c, 0x06, 0x07, 0x0c, 0x07, 0x07, 0x0c, 0x07, 0x07, 0x1d, 0x05, 0x07,
    0x06, 0x0c, 0x07, 0x06, 0x0c, 0x07, 0x06, 0x05, 0x06, 0x06, 0x05, 0x06,
    0x0c, 0x07, 0x0c, 0x07, 0x07, 0x0c, 0x07, 0x06, 0x0c, 0x07, 0x0c, 0x06,
    0x05, 0x07, 0x06, 0x05, 0x06, 0x06, 0x05, 0x07, 0x06, 0x05, 0x06, 0x07,
    0x0c, 0x06, 0x05, 0x06, 0x06, 0x05, 0x07, 0x0c, 0x07, 0x07, 0x0c, 0x07,
    0x06, 0x0c, 0x07, 0x0c, 0x07, 0x07, 0x0c, 0x07, 0x06, 0x0c, 0x07, 0x06,
    0x05, 0x06, 0x06, 0x05, 0x06, 0x07, 0x0c, 0x06, 0x07, 0x05, 0x0c, 0x07,
    0x06, 0x05, 0x07, 0x06, 0x0c, 0x07, 0x05, 0x06, 0x07, 0x0c, 0x0c, 0x07,
    0x06, 0x0c, 0x07, 0x07, 0x0c, 0x07, 0x0c, 0x06, 0x05, 0x06, 0x0c, 0x07,
    0x0c, 0x06, 0x05, 0x07, 0x0c, 0x06, 0x05, 0x0c, 0x07, 0x07, 0x0c, 0x07,
    0x07, 0x0c, 0x06, 0x05, 0x07, 0x06, 0x0c, 0x07, 0x0c, 0x06, 0x07, 0x0c,
    0x07, 0x06, 0x0c, 0x07, 0x07, 0x0c, 0x07, 0x07, 0x0c, 0x05, 0x06, 0x05,
    0x06, 0x05, 0x07, 0x07, 0x0c, 0x07, 0x06, 0x05, 0x06, 0x07, 0x0c, 0x06,
    0x07, 0x06, 0x0c, 0x07, 0x05, 0x0c, 0x06, 0x07, 0x0c, 0x06, 0x07, 0x05,
    0x06, 0x05, 0x07, 0x0c, 0x05, 0x06, 0x05, 0x07, 0x06, 0x05, 0x07, 0x06,
    0x05, 0x06, 0x05, 0x06, 0x07, 0x05, 0x06, 0x07, 0x0c, 0x07, 0x06, 0x0c,
    0x07, 0x0c, 0x07, 0x05, 0x06, 0x07, 0x0c, 0x07, 0x0c, 0x07, 0x06, 0x05,
    0x06, 0x07, 0x0c, 0x07, 0x07, 0x0c, 0x07, 0x06, 0x0c, 0x07, 0x06, 0x0c,
    0x07, 0x06, 0x1c, 0x06, 0x05, 0x07, 0x0c, 0x07, 0x07, 0x0c, 0x07, 0x05,
    0x06, 0x05, 0x07, 0x06, 0x05, 0x07, 0x06, 0x0c, 0x07, 0x0c, 0x07, 0x07,
    0x0c, 0x07, 0x07, 0x0c, 0x06, 0x07, 0x0c, 0x07, 0x05, 0x06, 0x05, 0x06,
    0x0c, 0x07, 0x0c, 0x07, 0x07, 0x0c, 0x07, 0x07, 0x0c, 0x06, 0x07, 0x0c,
    0x07, 0x0c, 0x07, 0x07, 0x0c, 0x07, 0x06, 0x0c, 0x07, 0x0c, 0x06, 0x05,
    0x07, 0x05, 0x06, 0x0c, 0x07, 0x05, 0x06, 0x07, 0x0c, 0x07, 0x06, 0x05,
    0x06, 0x06, 0x07, 0x0c, 0x07, 0x06, 0x0c, 0x07, 0x05, 0x06, 0x06, 0x05,
    0x06, 0x07, 0x05, 0x06, 0x07, 0x0c, 0x06, 0x05, 0x06, 0x06, 0x05, 0x07,
    0x06, 0x07, 0x05, 0x06, 0x07, 0x07, 0x0c, 0x06, 0x07, 0x07, 0x0c, 0x07,
    0x06, 0x0c, 0x07, 0x0c, 0x06, 0x05, 0x06, 0x07, 0x0c, 0x07, 0x07, 0x0c,
    0x07, 0x06, 0x05, 0x07, 0x06, 0x05, 0x06, 0x0c, 0x07, 0x0c, 0x06, 0x07,
    0x0c, 0x06, 0x07, 0x07, 0x0c, 0x06, 0x07, 0x0c, 0x06, 0x07, 0x05, 0x06,
    0x06, 0x05, 0x07, 0x06, 0x05, 0x07, 0x06, 0x06, 0x07, 0x06, 0x07, 0x05,
    0x06, 0x07, 0x0c, 0x07, 0x0c, 0x06, 0x07, 0x0c, 0x07, 0x06, 0x0c, 0x07,
    0x06, 0x0c, 0x07, 0x06, 0x05, 0x06, 0x06, 0x05, 0x06, 0x06, 0x05, 0x07,
    0x0c, 0x07, 0x07, 0x0c, 0x07, 0x06, 0x06, 0x05, 0x06, 0x07, 0x0c, 0x07,
    0x06, 0x05, 0x06, 0x07, 0x0c, 0x07, 0x0c, 0x06, 0x05, 0x06, 0x05, 0x07,
    0x0c, 0x07, 0x05, 0x06, 0x05, 0x06, 0x07, 0x1d, 0x07, 0x06, 0x0c, 0x07,
    0x0c, 0x06, 0x07, 0x0c, 0x06, 0x07, 0x0c, 0x06, 0x07, 0x0c, 0x07, 0x06,
    0x05, 0x06, 0x06, 0x05, 0x06, 0x0c, 0x07, 0x06, 0x05, 0x07, 0x06, 0x0c,
    0x07, 0x06, 0x05, 0x07, 0x06, 0x05, 0x06, 0x06, 0x05, 0x06, 0x06, 0x05,
    0x07, 0x0c, 0x07, 0x07, 0x0c, 0x06, 0x07, 0x0c, 0x06, 0x05, 0x07, 0x07,
    0x0c, 0x07, 0x07, 0x0c, 0x06, 0x07, 0x06, 0x05, 0x07, 0x06, 0x0c, 0x07,
    0x07, 0x0c, 0x06, 0x05, 0x07, 0x0c, 0x07, 0x06, 0x05, 0x06, 0x07, 0x0c,
    0x06, 0x07, 0x05, 0x06, 0x0c, 0x07, 0x06, 0x0c, 0x07, 0x07, 0x05, 0x06,
    0x07, 0x05, 0x06, 0x07, 0x0c, 0x06, 0x05, 0x06, 0x06, 0x05, 0x07, 0x06,
    0x0c, 0x07, 0x0c, 0x07, 0x07, 0x06, 0x05, 0x07, 0x06, 0x05, 0x06, 0x07,
    0x0c, 0x06, 0x07, 0x0c, 0x07, 0x06, 0x05, 0x06, 0x0c, 0x07, 0x07, 0x05,
    0x06, 0x07, 0x05, 0x06, 0x05, 0x06, 0x07, 0x0c, 0x07, 0x06, 0x05, 0x06,
    0x0c, 0x07, 0x0c, 0x07, 0x05, 0x06, 0x05, 0x06, 0x06, 0x05, 0x0c, 0x07,
    0x05, 0x0c, 0x06, 0x07, 0x0c, 0x07, 0x0c, 0x07, 0x06, 0x05, 0x07, 0x06,
    0x0c, 0x07, 0x07, 0x0c, 0x07, 0x07, 0x0c, 0x07, 0x0c, 0x07, 0x07, 0x0c,
    0x07, 0x05, 0x06, 0x06, 0x05, 0x06, 0x06, 0x05, 0x07, 0x0c, 0x07, 0x05,
    0x06, 0x06, 0x05, 0x05, 0x06, 0x07, 0x0c, 0x07, 0x0c, 0x07, 0x07, 0x0c,
    0x07, 0x06, 0x0c, 0x07, 0x06, 0x0c, 0x07, 0x06, 0x05, 0x07, 0x0c, 0x07,
    0x1c, 0x05, 0x06, 0x07, 0x05, 0x06, 0x05, 0x07, 0x06, 0x05, 0x07, 0x06,
    0x05, 0x06, 0x0c, 0x07, 0x07, 0x0c, 0x07, 0x07, 0x0c, 0x07, 0x07, 0x0c,
    0x06, 0x05, 0x07, 0x0c, 0x07, 0x06, 0x0c, 0x07, 0x06, 0x05, 0x07, 0x06,
    0x05, 0x07, 0x0c, 0x07, 0x06, 0x0c, 0x07, 0x0c, 0x07, 0x06, 0x05, 0x07,
    0x06, 0x0c, 0x07, 0x0c, 0x06, 0x07, 0x0c, 0x07, 0x06, 0x05, 0x06, 0x0c,
    0x07, 0x06, 0x05, 0x06, 0x06, 0x05, 0x07, 0x06, 0x05, 0x06, 0x07, 0x05,
    0x06, 0x0c, 0x07, 0x07, 0x05, 0x06, 0x06, 0x05, 0x07, 0x06, 0x05, 0x07,
    0x0c, 0x06, 0x07, 0x0c, 0x06, 0x07, 0x0c, 0x05, 0x06, 0x07, 0x05, 0x06,
    0x07, 0x0c, 0x0c, 0x07, 0x07, 0x0c, 0x07, 0x06, 0x0c, 0x07, 0x0c, 0x06,
    0x07, 0x0c, 0x07, 0x07, 0x0c, 0x05, 0x07, 0x0c, 0x06, 0x07, 0x05, 0x06,
    0x07, 0x0c, 0x06, 0x07, 0x0c, 0x06, 0x07, 0x0c, 0x07, 0x06, 0x05, 0x06,
    0x05, 0x06, 0x07, 0x05, 0x06, 0x07, 0x05, 0x06, 0x06, 0x05, 0x06, 0x07,
    0x0c, 0x07, 0x06, 0x0c, 0x07, 0x07, 0x0c, 0x07, 0x0c, 0x07, 0x06, 0x05,
    0x06, 0x07, 0x0c, 0x07, 0x0c, 0x07, 0x06, 0x05, 0x06, 0x0c, 0x07, 0x07,
    0x0c, 0x06, 0x05, 0x06, 0x06, 0x05, 0x07, 0x0c, 0x07, 0x06, 0x05, 0x06,
    0x06, 0x05, 0x06, 0x07, 0x05, 0x06, 0x07, 0x0c, 0x06, 0x07, 0x0c, 0x07,
    0x06, 0x0c, 0x07, 0x06, 0x05, 0x07, 0x06, 0x05, 0x07, 0x06, 0x05, 0x06,
    0x06, 0x05, 0x06, 0x06, 0x05, 0x03, 0x07, 0x0c, 0x06, 0x07, 0x0c, 0x06,
    0x05, 0x06, 0x0c, 0x07, 0x05, 0x06, 0x07, 0x05, 0x06, 0x0c, 0x07, 0x0c,
    0x06, 0x05, 0x06, 0x07, 0x0c, 0x07, 0x06, 0x0c, 0x07, 0x07, 0x0c, 0x07,
    0x06, 0x0c, 0x07, 0x06, 0x0c, 0x07, 0x06, 0x05, 0x07, 0x06, 0x05, 0x06,
    0x07, 0x0c, 0x07, 0x0c, 0x07, 0x07, 0x0c, 0x07, 0x06, 0x05, 0x06, 0x0c,
    0x07, 0x07, 0x0c, 0x07, 0x07, 0x0c, 0x07, 0x05, 0x06, 0x05, 0x0c, 0x06,
    0x07, 0x0c, 0x06, 0x07, 0x0c, 0x07, 0x06, 0x0c, 0x07, 0x0c, 0x07, 0x0c,
    0x07, 0x06, 0x0c, 0x07, 0x07, 0x0c, 0x07, 0x0c, 0x07, 0x05, 0x06, 0x06,
    0x05, 0x06, 0x07, 0x0c, 0x07, 0x07, 0x0c, 0x07, 0x06, 0x0c, 0x07, 0x05,
    0x06, 0x07, 0x0c, 0x07, 0x07, 0x0c, 0x06, 0x05, 0x06, 0x06, 0x07, 0x07,
    0x0c, 0x07, 0x0c, 0x0c, 0x07, 0x07, 0x0c, 0x07, 0x0c, 0x07, 0x05, 0x06,
    0x06, 0x05, 0x07, 0x06, 0x05, 0x06, 0x0c, 0x07, 0x06, 0x05, 0x06, 0x07,
    0x0c, 0x07, 0x06, 0x05, 0x06, 0x05, 0x07, 0x06, 0x05, 0x06, 0x06, 0x07,
    0x05, 0x06, 0x06, 0x05, 0x06, 0x05, 0x06, 0x06, 0x05, 0x07, 0x06, 0x05,
    0x06, 0x07, 0x0c, 0x06, 0x07, 0x0c, 0x07, 0x07, 0x0c, 0x06, 0x07, 0x0c,
    0x06, 0x07, 0x05, 0x0c, 0x07, 0x07, 0x0c, 0x06, 0x06, 0x05, 0x06, 0x07,
    0x05, 0x06, 0x07, 0x0c, 0x07, 0x07, 0x0c, 0x06, 0x05, 0x06, 0x0c, 0x07,
    0x06, 0x0c, 0x07, 0x05, 0x06, 0x07, 0x05, 0x06, 0x07, 0x0c, 0x1c, 0x07,
    0x0c, 0x07, 0x07, 0x06, 0x05, 0x07, 0x06, 0x06, 0x05, 0x06, 0x06, 0x05,
    0x07, 0x06, 0x05, 0x07, 0x06, 0x05, 0x06, 0x0c, 0x07, 0x05, 0x06, 0x07,
    0x0c, 0x06, 0x05, 0x07, 0x0c, 0x07, 0x05, 0x06, 0x05, 0x07, 0x06, 0x0c,
    0x07, 0x0c, 0x07, 0x06, 0x05, 0x06, 0x07, 0x0c, 0x06, 0x0c, 0x07, 0x06,
    0x05, 0x07, 0x06, 0x05, 0x07, 0x0c, 0x06, 0x07, 0x0c, 0x06, 0x07, 0x0c,
    0x06, 0x07, 0x07, 0x06, 0x05, 0x07, 0x06, 0x05, 0x06, 0x05, 0x07, 0x06,
    0x05, 0x06, 0x07, 0x0c, 0x07, 0x07, 0x0c, 0x05, 0x06, 0x06, 0x05, 0x06,
    0x07, 0x0c, 0x07, 0x06, 0x05, 0x07, 0x06, 0x0c, 0x07, 0x0c, 0x06, 0x07,
    0x05, 0x06, 0x06, 0x05, 0x06, 0x05, 0x06, 0x05, 0x06, 0x05, 0x06, 0x07,
    0x05, 0x0c, 0x06, 0x07, 0x0c, 0x06, 0x07, 0x07, 0x06, 0x0c, 0x07, 0x07,
    0x0c, 0x06, 0x07, 0x05, 0x06, 0x07, 0x0c, 0x06, 0x07, 0x05, 0x06, 0x07,
    0x0c, 0x07, 0x0c, 0x07, 0x06, 0x05, 0x06, 0x07, 0x0c, 0x06, 0x07, 0x0c,
    0x07, 0x07, 0x0c, 0x0c, 0x07, 0x06, 0x05, 0x07, 0x06, 0x05, 0x07, 0x0c,
    0x07, 0x06, 0x0c, 0x07, 0x0c, 0x07, 0x07, 0x0c, 0x07, 0x0c, 0x07, 0x06,
    0x05, 0x07, 0x0c, 0x07, 0x07, 0x0c, 0x06, 0x07, 0x0c, 0x07, 0x05, 0x06,
    0x05, 0x07, 0x0c, 0x06, 0x05, 0x06, 0x07, 0x0c, 0x06, 0x05, 0x07, 0x06,
    0x05, 0x07, 0x06, 0x05, 0x07, 0x0c, 0x06, 0x07, 0x0c, 0x07, 0x0c, 0x06,
    0x07, 0x0c, 0x07, 0x03, 0x06, 0x05, 0x0c, 0x06, 0x07, 0x0c, 0x07, 0x07,
    0x0c, 0x07, 0x07, 0x0c, 0x0c, 0x06, 0x07, 0x0c, 0x06, 0x07, 0x07, 0x0c,
    0x07, 0x06, 0x0c, 0x07, 0x07, 0x0c, 0x07, 0x06, 0x0c, 0x07, 0x06, 0x06,
    0x05, 0x06, 0x05, 0x06, 0x07, 0x0c, 0x06, 0x05, 0x07, 0x0c, 0x07, 0x06,
    0x05, 0x07, 0x06, 0x05, 0x06, 0x0c, 0x07, 0x06, 0x0c, 0x07, 0x06, 0x05,
    0x07, 0x0c, 0x07, 0x07, 0x0c, 0x06, 0x05, 0x06, 0x06, 0x05, 0x06, 0x05,
    0x07, 0x06, 0x0c, 0x07, 0x05, 0x06, 0x07, 0x0c, 0x06, 0x07, 0x0c, 0x07,
    0x07, 0x0c, 0x07, 0x06, 0x05, 0x06, 0x06, 0x05, 0x06, 0x05, 0x06, 0x07,
    0x05, 0x06, 0x07, 0x0c, 0x07, 0x0c, 0x07, 0x07, 0x0c, 0x07, 0x06, 0x05,
    0x06, 0x06, 0x05, 0x06, 0x06, 0x07, 0x05, 0x06, 0x05, 0x05, 0x06, 0x05,
    0x07, 0x06, 0x0c, 0x07, 0x06, 0x05, 0x06, 0x06, 0x05, 0x06, 0x05, 0x05,
    0x06, 0x0c, 0x07, 0x06, 0x05, 0x07, 0x06, 0x05, 0x06, 0x05, 0x06, 0x05,
    0x07, 0x06, 0x05, 0x06, 0x0c, 0x07, 0x06, 0x05, 0x07, 0x06, 0x0c, 0x05,
    0x06, 0x06, 0x05, 0x06, 0x07, 0x05, 0x06, 0x07, 0x0c, 0x06, 0x05, 0x06,
    0x07, 0x05, 0x06, 0x06, 0x05, 0x06, 0x06, 0x05, 0x06, 0x07, 0x05, 0x06,
    0x06, 0x07, 0x0c, 0x06, 0x07, 0x06, 0x05, 0x06, 0x07, 0x0c, 0x06, 0x05,
    0x07, 0x06, 0x0c, 0x07, 0x06, 0x0c, 0x07, 0x06, 0x0c, 0x07, 0x07, 0x05,
    0x06, 0x07, 0x0c, 0x07, 0x07, 0x0c, 0x07, 0x06, 0x1c, 0x07, 0x07, 0x0c,
    0x07, 0x0c, 0x06, 0x05, 0x0c, 0x06, 0x07, 0x05, 0x06, 0x07, 0x05, 0x06,
    0x07, 0x0c, 0x05, 0x06, 0x07, 0x05, 0x06, 0x06, 0x05, 0x06, 0x07, 0x05,
    0x06, 0x07, 0x05, 0x06, 0x05, 0x06, 0x06, 0x05, 0x07, 0x06, 0x05, 0x07,
    0x06, 0x0c, 0x07, 0x0c, 0x07, 0x06, 0x05, 0x07, 0x06, 0x05, 0x06, 0x05,
    0x07, 0x06, 0x05, 0x06, 0x06, 0x05, 0x06, 0x0c, 0x07, 0x07, 0x0c, 0x07,
    0x05, 0x0c, 0x07, 0x06, 0x0c, 0x07, 0x06, 0x0c, 0x07, 0x06, 0x0c, 0x07,
    0x05, 0x06, 0x05, 0x06, 0x06, 0x05, 0x06, 0x07, 0x05, 0x06, 0x05, 0x07,
    0x06, 0x05, 0x06, 0x06, 0x05, 0x06, 0x07, 0x0c, 0x07, 0x06, 0x0c, 0x07,
    0x0c, 0x07, 0x06, 0x05, 0x07, 0x06, 0x05, 0x07, 0x0c, 0x07, 0x06, 0x06,
    0x07, 0x06, 0x06, 0x05, 0x06, 0x0c, 0x05, 0x07, 0x0c, 0x07, 0x05, 0x06,
    0x05, 0x06, 0x06, 0x07, 0x06, 0x05, 0x07, 0x06, 0x0c, 0x05, 0x06, 0x06,
    0x05, 0x06, 0x06, 0x05, 0x06, 0x0c, 0x07, 0x07, 0x0c, 0x07, 0x0c, 0x06,
    0x07, 0x05, 0x06, 0x07, 0x07, 0x0c, 0x07, 0x06, 0x0c, 0x07, 0x0c, 0x07,
    0x07, 0x0c, 0x07, 0x06, 0x0c, 0x07, 0x06, 0x05, 0x07, 0x0c, 0x07, 0x06,
    0x05, 0x06, 0x0c, 0x07, 0x05, 0x0c, 0x07, 0x06, 0x05, 0x06, 0x05, 0x06,
    0x07, 0x05, 0x06, 0x07, 0x0c, 0x07, 0x07, 0x0c, 0x07, 0x05, 0x06, 0x07,
    0x05, 0x06, 0x06, 0x05, 0x06, 0x0c, 0x07, 0x06, 0x05, 0x06, 0x0c, 0x07,
    0x07, 0x1d, 0x07, 0x0c, 0x07, 0x07, 0x06, 0x07, 0x07, 0x0c, 0x06, 0x05,
    0x06, 0x06, 0x07, 0x0c, 0x07, 0x06, 0x05, 0x06, 0x06, 0x05, 0x06, 0x07,
    0x05, 0x0c, 0x06, 0x07, 0x0c, 0x06, 0x07, 0x0c, 0x07, 0x07, 0x0c, 0x07,
    0x06, 0x0c, 0x07, 0x0c, 0x07, 0x06, 0x05, 0x06, 0x07, 0x0c, 0x06, 0x05,
    0x06, 0x06, 0x05, 0x07, 0x06, 0x0c, 0x07, 0x05, 0x06, 0x07, 0x05, 0x06,
    0x06, 0x05, 0x06, 0x06, 0x07, 0x06, 0x05, 0x07, 0x06, 0x05, 0x07, 0x0c,
    0x07, 0x07, 0x0c, 0x07, 0x06, 0x07, 0x05, 0x06, 0x07, 0x0c, 0x06, 0x07,
    0x0c, 0x06, 0x07, 0x0c, 0x06, 0x07, 0x05, 0x06, 0x05, 0x0c, 0x06, 0x05,
    0x07, 0x06, 0x05, 0x07, 0x06, 0x05, 0x06, 0x06, 0x05, 0x06, 0x06, 0x05,
    0x06, 0x07, 0x05, 0x0c, 0x05, 0x07, 0x0c, 0x07, 0x07, 0x06, 0x06, 0x07,
    0x06, 0x0c, 0x07, 0x06, 0x05, 0x07, 0x0c, 0x07, 0x0c, 0x06, 0x07, 0x05,
    0x06, 0x07, 0x06, 0x05, 0x07, 0x06, 0x05, 0x07, 0x06, 0x05, 0x06, 0x05,
    0x06, 0x07, 0x05, 0x06, 0x07, 0x0c, 0x06, 0x05, 0x06, 0x06, 0x05, 0x07,
    0x06, 0x05, 0x06, 0x06, 0x05, 0x06, 0x07, 0x05, 0x06, 0x05, 0x06, 0x0c,
    0x07, 0x06, 0x05, 0x06, 0x05, 0x07, 0x06, 0x0c, 0x07, 0x06, 0x05, 0x06,
    0x07, 0x05, 0x06, 0x06, 0x05, 0x06, 0x0c, 0x07, 0x07, 0x0c, 0x06, 0x05,
    0x06, 0x06, 0x05, 0x06, 0x0c, 0x07, 0x07, 0x0c, 0x06, 0x07, 0x05, 0x06,
    0x07, 0x0c, 0x07, 0x06, 0x05, 0x06, 0x1c, 0x0c, 0x06, 0x07, 0x0c, 0x0c,
    0x07, 0x07, 0x06, 0x05, 0x07, 0x0c, 0x07, 0x0c, 0x07, 0x0c, 0x07, 0x07,
    0x0c, 0x07, 0x0c, 0x06, 0x07, 0x05, 0x06, 0x07, 0x05, 0x06, 0x05, 0x06,
    0x0c, 0x07, 0x06, 0x05, 0x07, 0x0c, 0x07, 0x06, 0x05, 0x06, 0x07, 0x0c,
    0x07, 0x07, 0x0c, 0x07, 0x07, 0x0c, 0x07, 0x0c, 0x06, 0x07, 0x0c, 0x06,
    0x07, 0x0c, 0x07, 0x0c, 0x07, 0x07, 0x0c, 0x05, 0x07, 0x0c, 0x06, 0x07,
    0x0c, 0x06, 0x07, 0x0c, 0x06, 0x07, 0x0c, 0x05, 0x06, 0x0c, 0x07, 0x06,
    0x0c, 0x07, 0x05, 0x06, 0x05, 0x0c, 0x07, 0x07, 0x0c, 0x06, 0x05, 0x06,
    0x07, 0x07, 0x06, 0x07, 0x0c, 0x06, 0x05, 0x0c, 0x06, 0x07, 0x05, 0x06,
    0x05, 0x07, 0x0c, 0x07, 0x06, 0x0c, 0x07, 0x06, 0x0c, 0x07, 0x06, 0x0c,
    0x05, 0x06, 0x05, 0x05, 0x06, 0x07, 0x05, 0x06, 0x06, 0x05, 0x06, 0x07,
    0x05, 0x06, 0x05, 0x06, 0x0c, 0x07, 0x06, 0x05, 0x06, 0x0c, 0x07, 0x0c,
    0x07, 0x06, 0x05, 0x07, 0x06, 0x0c, 0x07, 0x06, 0x05, 0x07, 0x06, 0x05,
    0x07, 0x0c, 0x06, 0x05, 0x06, 0x05, 0x07, 0x06, 0x05, 0x0c, 0x06, 0x07,
    0x0c, 0x07, 0x07, 0x0c, 0x07, 0x06, 0x05, 0x06, 0x06, 0x05, 0x06, 0x07,
    0x05, 0x06, 0x07, 0x0c, 0x06, 0x07, 0x0c, 0x07, 0x07, 0x0c, 0x07, 0x06,
    0x05, 0x06, 0x07, 0x0c, 0x07, 0x07, 0x0c, 0x07, 0x07, 0x0c, 0x06, 0x05,
    0x05, 0x06, 0x07, 0x0c, 0x07, 0x0c, 0x07, 0x06, 0x05, 0x06, 0x06, 0x1c,
    0x07, 0x07, 0x0c, 0x07, 0x0c, 0x0c, 0x07, 0x0c, 0x06, 0x07, 0x05, 0x06,
    0x07, 0x0c, 0x06, 0x07, 0x0c, 0x07, 0x07, 0x0c, 0x07, 0x06, 0x0c, 0x07,
    0x06, 0x0c, 0x07, 0x07, 0x0c, 0x07, 0x0c, 0x06, 0x07, 0x0c, 0x07, 0x06,
    0x05, 0x06, 0x05, 0x06, 0x06, 0x05, 0x06, 0x0c, 0x07, 0x06, 0x05, 0x07,
    0x06, 0x05, 0x07, 0x0c, 0x07, 0x06, 0x05, 0x06, 0x06, 0x05, 0x06, 0x06,
    0x05, 0x07, 0x0c, 0x07, 0x06, 0x05, 0x07, 0x06, 0x05, 0x07, 0x06, 0x0c,
    0x07, 0x07, 0x0c, 0x07, 0x0c, 0x07, 0x07, 0x0c, 0x07, 0x06, 0x07, 0x0c,
    0x07, 0x07, 0x0c, 0x07, 0x0c, 0x06, 0x05, 0x07, 0x0c, 0x07, 0x06, 0x07,
    0x07, 0x0c, 0x06, 0x07, 0x0c, 0x06, 0x07, 0x0c, 0x07, 0x07, 0x0c, 0x07,
    0x07, 0x06, 0x07, 0x05, 0x06, 0x07, 0x06, 0x0c, 0x07, 0x0c, 0x07, 0x07,
    0x0c, 0x07, 0x06, 0x0c, 0x07, 0x06, 0x05, 0x07, 0x06, 0x05, 0x06, 0x05,
    0x07, 0x06, 0x05, 0x06, 0x07, 0x0c, 0x06, 0x07, 0x0c, 0x06, 0x05, 0x06,
    0x06, 0x05, 0x06, 0x06, 0x05, 0x06, 0x07, 0x05, 0x06, 0x06, 0x05, 0x06,
    0x07, 0x05, 0x06, 0x07, 0x0c, 0x06, 0x07, 0x0c, 0x07, 0x07, 0x0c, 0x05,
    0x07, 0x06, 0x05, 0x06, 0x0c, 0x07, 0x06, 0x05, 0x07, 0x06, 0x05, 0x06,
    0x0c, 0x07, 0x0c, 0x07, 0x07, 0x0c, 0x06, 0x07, 0x0c, 0x06, 0x05, 0x06,
    0x06, 0x05, 0x07, 0x06, 0x06, 0x05, 0x06, 0x06, 0x05, 0x06, 0x07, 0x0c,
    0x07, 0x05, 0x06, 0x07, 0x1c, 0x07, 0x0c, 0x07, 0x07, 0x06, 0x07, 0x05,
    0x06, 0x06, 0x05, 0x06, 0x06, 0x05, 0x07, 0x06, 0x0c, 0x07, 0x06, 0x0c,
    0x07, 0x05, 0x06, 0x07, 0x05, 0x06, 0x0c, 0x07, 0x06, 0x05, 0x07, 0x06,
    0x05, 0x06, 0x0c, 0x07, 0x05, 0x06, 0x07, 0x05, 0x06, 0x05, 0x07, 0x06,
    0x05, 0x06, 0x0c, 0x07, 0x06, 0x0c, 0x07, 0x06, 0x05, 0x07, 0x0c, 0x07,
    0x07, 0x0c, 0x07, 0x07, 0x0c, 0x06, 0x07, 0x06, 0x05, 0x06, 0x0c, 0x07,
    0x0c, 0x06, 0x05, 0x07, 0x06, 0x07, 0x0c, 0x07, 0x06, 0x05, 0x06, 0x06,
    0x05, 0x06, 0x07, 0x0c, 0x06, 0x05, 0x06, 0x07, 0x05, 0x06, 0x0c, 0x07,
    0x0c, 0x06, 0x05, 0x07, 0x06, 0x05, 0x07, 0x0c, 0x07, 0x07, 0x0c, 0x06,
    0x07, 0x0c, 0x05, 0x06, 0x0c, 0x05, 0x06, 0x0c, 0x07, 0x07, 0x0c, 0x07,
    0x07, 0x06, 0x0c, 0x06, 0x07, 0x0c, 0x07, 0x07, 0x0c, 0x06, 0x07, 0x0c,
    0x06, 0x07, 0x0c, 0x07, 0x06, 0x0c, 0x07, 0x07, 0x0c, 0x07, 0x05, 0x06,
    0x07, 0x05, 0x06, 0x07, 0x05, 0x06, 0x05, 0x06, 0x05, 0x06, 0x06, 0x05,
    0x07, 0x06, 0x05, 0x06, 0x0c, 0x07, 0x06, 0x05, 0x07, 0x0c, 0x07, 0x0c,
    0x06, 0x07, 0x0c, 0x06, 0x07, 0x0c, 0x07, 0x07, 0x0c, 0x07, 0x06, 0x0c,
    0x07, 0x06, 0x05, 0x07, 0x06, 0x05, 0x06, 0x06, 0x05, 0x06, 0x05, 0x05,
    0x06, 0x07, 0x05, 0x06, 0x07, 0x0c, 0x0c, 0x07, 0x07, 0x0c, 0x07, 0x07,
    0x0c, 0x07, 0x07, 0x0c, 0x06, 0x07, 0x0c, 0x06, 0x05, 0x1d, 0x0c, 0x06,
    0x05, 0x06, 0x06, 0x05, 0x06, 0x07, 0x05, 0x06, 0x07, 0x0c, 0x07, 0x05,
    0x06, 0x05, 0x07, 0x0c, 0x06, 0x07, 0x0c, 0x06, 0x05, 0x06, 0x07, 0x05,
    0x06, 0x06, 0x05, 0x06, 0x07, 0x05, 0x06, 0x07, 0x0c, 0x06, 0x07, 0x0c,
    0x06, 0x07, 0x0c, 0x06, 0x07, 0x05, 0x06, 0x07, 0x05, 0x06, 0x05, 0x06,
    0x06, 0x05, 0x06, 0x06, 0x05, 0x06, 0x0c, 0x07, 0x05, 0x06, 0x07, 0x0c,
    0x07, 0x06, 0x05, 0x07, 0x06, 0x05, 0x06, 0x06, 0x05, 0x06, 0x0c, 0x07,
    0x06, 0x05, 0x06, 0x05, 0x06, 0x07, 0x0c, 0x05, 0x07, 0x06, 0x0c, 0x07,
    0x06, 0x0c, 0x07, 0x07, 0x06, 0x07, 0x0c, 0x07, 0x0c, 0x0c, 0x06, 0x07,
    0x0c, 0x06, 0x07, 0x05, 0x06, 0x07, 0x0c, 0x07, 0x07, 0x06, 0x05, 0x07,
    0x06, 0x0c, 0x07, 0x0c, 0x0c, 0x07, 0x05, 0x06, 0x05, 0x06, 0x0c, 0x05,
    0x07, 0x0c, 0x07, 0x07, 0x0c, 0x07, 0x06, 0x05, 0x06, 0x07, 0x0c, 0x06,
    0x07, 0x0c, 0x06, 0x07, 0x0c, 0x06, 0x07, 0x0c, 0x07, 0x06, 0x05, 0x06,
    0x07, 0x05, 0x06, 0x05, 0x06, 0x06, 0x05, 0x07, 0x06, 0x05, 0x06, 0x06,
    0x05, 0x06, 0x07, 0x05, 0x06, 0x07, 0x05, 0x06, 0x07, 0x06, 0x0c, 0x07,
    0x06, 0x05, 0x07, 0x0c, 0x05, 0x06, 0x0c, 0x05, 0x06, 0x07, 0x05, 0x06,
    0x07, 0x0c, 0x06, 0x07, 0x0c, 0x06, 0x07, 0x0c, 0x07, 0x07, 0x0c, 0x07,
    0x06, 0x0c, 0x05, 0x06, 0x07, 0x0c, 0x06, 0x05, 0x0c, 0x07, 0x07, 0x0c,
    0x07, 0x06, 0x1c, 0x07, 0x07, 0x0c, 0x05, 0x07, 0x0c, 0x06, 0x07, 0x0c,
    0x07, 0x05, 0x06, 0x06, 0x05, 0x06, 0x07, 0x0c, 0x07, 0x07, 0x0c, 0x07,
    0x07, 0x0c, 0x06, 0x07, 0x05, 0x06, 0x05, 0x06, 0x0c, 0x07, 0x06, 0x05,
    0x07, 0x06, 0x05, 0x07, 0x0c, 0x07, 0x07, 0x0c, 0x06, 0x05, 0x06, 0x06,
    0x05, 0x06, 0x07, 0x05, 0x06, 0x05, 0x07, 0x06, 0x05, 0x07, 0x06, 0x0c,
    0x07, 0x06, 0x0c, 0x07, 0x05, 0x0c, 0x06, 0x07, 0x0c, 0x07, 0x07, 0x0c,
    0x07, 0x07, 0x0c, 0x07, 0x05, 0x06, 0x07, 0x05, 0x06, 0x05, 0x06, 0x07,
    0x0c, 0x07, 0x07, 0x0c, 0x07, 0x07, 0x0c, 0x07, 0x0c, 0x07, 0x06, 0x05,
    0x06, 0x07, 0x07, 0x06, 0x05, 0x07, 0x0c, 0x06, 0x05, 0x07, 0x0c, 0x06,
    0x07, 0x0c, 0x06, 0x07, 0x05, 0x06, 0x07, 0x0c, 0x07, 0x06, 0x06, 0x07,
    0x05, 0x07, 0x06, 0x07, 0x06, 0x0c, 0x07, 0x0c, 0x06, 0x05, 0x07, 0x0c,
    0x07, 0x05, 0x06, 0x05, 0x07, 0x0c, 0x07, 0x06, 0x05, 0x07, 0x0c, 0x07,
    0x0c, 0x06, 0x07, 0x0c, 0x07, 0x06, 0x0c, 0x07, 0x07, 0x0c, 0x06, 0x05,
    0x06, 0x07, 0x05, 0x06, 0x05, 0x06, 0x06, 0x05, 0x06, 0x06, 0x05, 0x0c,
    0x07, 0x05, 0x0c, 0x07, 0x0c, 0x06, 0x07, 0x0c, 0x07, 0x07, 0x06, 0x07,
    0x06, 0x0c, 0x07, 0x0c, 0x07, 0x05, 0x06, 0x07, 0x07, 0x0c, 0x07, 0x06,
    0x0c, 0x07, 0x0c, 0x07, 0x07, 0x0c, 0x07, 0x06, 0x05, 0x06, 0x07, 0x05,
    0x06, 0x07, 0x0c, 0x06, 0x07, 0x05, 0x06, 0x1e, 0x07, 0x06, 0x06, 0x07,
    0x05, 0x06, 0x07, 0x0c, 0x06, 0x07, 0x0c, 0x06, 0x07, 0x0c, 0x07, 0x06,
    0x0c, 0x07, 0x0c, 0x06, 0x07, 0x05, 0x06, 0x05, 0x06, 0x06, 0x05, 0x07,
    0x06, 0x05, 0x06, 0x06, 0x05, 0x06, 0x06, 0x05, 0x06, 0x06, 0x05, 0x06,
    0x07, 0x05, 0x06, 0x07, 0x05, 0x0c, 0x06, 0x07, 0x0c, 0x06, 0x07, 0x0c,
    0x06, 0x05, 0x06, 0x07, 0x05, 0x06, 0x07, 0x0c, 0x07, 0x06, 0x05, 0x07,
    0x06, 0x0c, 0x07, 0x06, 0x0c, 0x07, 0x0c, 0x07, 0x06, 0x0c, 0x07, 0x06,
    0x0c, 0x07, 0x06, 0x05, 0x06, 0x06, 0x05, 0x06, 0x06, 0x05, 0x06, 0x07,
    0x0c, 0x06, 0x05, 0x07, 0x06, 0x0c, 0x07, 0x05, 0x06, 0x06, 0x05, 0x07,
    0x06, 0x06, 0x05, 0x06, 0x07, 0x05, 0x06, 0x0c, 0x07, 0x0c, 0x06, 0x07,
    0x05, 0x06, 0x07, 0x05, 0x06, 0x06, 0x0c, 0x05, 0x07, 0x06, 0x07, 0x05,
    0x06, 0x06, 0x07, 0x0c, 0x06, 0x07, 0x06, 0x0c, 0x07, 0x06, 0x05, 0x06,
    0x05, 0x06, 0x06, 0x05, 0x07, 0x06, 0x05, 0x07, 0x0c, 0x07, 0x05, 0x06,
    0x07, 0x0c, 0x07, 0x07, 0x0c, 0x06, 0x05, 0x06, 0x07, 0x05, 0x06, 0x07,
    0x05, 0x06, 0x07, 0x0c, 0x06, 0x07, 0x06, 0x07, 0x07, 0x0c, 0x07, 0x06,
    0x0c, 0x07, 0x06, 0x05, 0x07, 0x06, 0x05, 0x06, 0x06, 0x05, 0x06, 0x0c,
    0x07, 0x0c, 0x07, 0x07, 0x0c, 0x07, 0x06, 0x0c, 0x07, 0x06, 0x05, 0x06,
    0x07, 0x0c, 0x06, 0x07, 0x0c, 0x06, 0x07, 0x05, 0x06, 0x06, 0x05, 0x06,
    0x1d, 0x05, 0x0c, 0x06, 0x07, 0x0c, 0x06, 0x05, 0x05, 0x06, 0x07, 0x05,
    0x06, 0x05, 0x07, 0x06, 0x05, 0x07, 0x06, 0x05, 0x06, 0x0c, 0x07, 0x06,
    0x05, 0x07, 0x06, 0x0c, 0x07, 0x07, 0x0c, 0x07, 0x05, 0x06, 0x05, 0x07,
    0x06, 0x05, 0x06, 0x0c, 0x07, 0x06, 0x05, 0x06, 0x07, 0x05, 0x06, 0x07,
    0x0c, 0x07, 0x07, 0x0c, 0x07, 0x07, 0x0c, 0x06, 0x05, 0x06, 0x05, 0x07,
    0x06, 0x0c, 0x07, 0x06, 0x05, 0x06, 0x05, 0x07, 0x0c, 0x07, 0x06, 0x05,
    0x06, 0x07, 0x05, 0x06, 0x05, 0x06, 0x07, 0x05, 0x06, 0x07, 0x05, 0x06,
    0x07, 0x05, 0x0c, 0x06, 0x07, 0x05, 0x06, 0x06, 0x05, 0x07, 0x06, 0x0c,
    0x05, 0x06, 0x06, 0x05, 0x06, 0x05, 0x07, 0x06, 0x05, 0x06, 0x07, 0x05,
    0x06, 0x07, 0x05, 0x06, 0x06, 0x05, 0x06, 0x05, 0x0c, 0x07, 0x06, 0x05,
    0x06, 0x0c, 0x05, 0x06, 0x07, 0x05, 0x06, 0x05, 0x07, 0x06, 0x05, 0x06,
    0x07, 0x0c, 0x07, 0x06, 0x05, 0x06, 0x07, 0x0c, 0x07, 0x06, 0x0c, 0x07,
    0x06, 0x0c, 0x07, 0x06, 0x05, 0x06, 0x0c, 0x07, 0x07, 0x0c, 0x07, 0x06,
    0x0c, 0x07, 0x06, 0x0c, 0x07, 0x0c, 0x07, 0x07, 0x0c, 0x07, 0x06, 0x0c,
    0x07, 0x0c, 0x07, 0x05, 0x06, 0x07, 0x0c, 0x0c, 0x07, 0x0c, 0x05, 0x07,
    0x06, 0x05, 0x07, 0x06, 0x05, 0x06, 0x06, 0x05, 0x06, 0x05, 0x07, 0x06,
    0x05, 0x06, 0x0c, 0x07, 0x07, 0x0c, 0x07, 0x05, 0x06, 0x07, 0x0c, 0x07,
    0x07, 0x0c, 0x07, 0x07, 0x0c, 0x1c, 0x07, 0x05, 0x06, 0x05, 0x06, 0x07,
    0x07, 0x06, 0x0c, 0x07, 0x06, 0x05, 0x06, 0x06, 0x05, 0x0c, 0x06, 0x07,
    0x05, 0x07, 0x06, 0x0c, 0x07, 0x06, 0x05, 0x06, 0x0c, 0x07, 0x0c, 0x06,
    0x07, 0x0c, 0x06, 0x07, 0x0c, 0x07, 0x07, 0x05, 0x06, 0x05, 0x06, 0x0c,
    0x07, 0x06, 0x0c, 0x07, 0x06, 0x05, 0x06, 0x0c, 0x07, 0x06, 0x05, 0x06,
    0x07, 0x0c, 0x06, 0x07, 0x0c, 0x07, 0x05, 0x06, 0x06, 0x05, 0x06, 0x07,
    0x0c, 0x07, 0x07, 0x0c, 0x07, 0x0c, 0x06, 0x07, 0x0c, 0x07, 0x06, 0x0c,
    0x07, 0x06, 0x0c, 0x07, 0x0c, 0x06, 0x07, 0x05, 0x06, 0x07, 0x05, 0x06,
    0x07, 0x0c, 0x05, 0x07, 0x06, 0x07, 0x05, 0x06, 0x07, 0x0c, 0x06, 0x05,
    0x06, 0x0c, 0x07, 0x06, 0x0c, 0x07, 0x06, 0x05, 0x07, 0x0c, 0x06, 0x07,
    0x06, 0x05, 0x06, 0x07, 0x07, 0x06, 0x07, 0x0c, 0x06, 0x07, 0x0c, 0x06,
    0x07, 0x0c, 0x05, 0x06, 0x05, 0x07, 0x0c, 0x06, 0x07, 0x0c, 0x07, 0x05,
    0x06, 0x07, 0x05, 0x0c, 0x07, 0x07, 0x0c, 0x06, 0x07, 0x0c, 0x07, 0x06,
    0x0c, 0x07, 0x0c, 0x07, 0x07, 0x0c, 0x07, 0x05, 0x06, 0x07, 0x0c, 0x06,
    0x05, 0x07, 0x0c, 0x05, 0x07, 0x0c, 0x06, 0x07, 0x0c, 0x07, 0x07, 0x0c,
    0x07, 0x06, 0x06, 0x07, 0x0c, 0x06, 0x07, 0x0c, 0x07, 0x07, 0x0c, 0x07,
    0x06, 0x0c, 0x07, 0x0c, 0x07, 0x07, 0x0c, 0x07, 0x06, 0x0c, 0x07, 0x06,
    0x05, 0x06, 0x07, 0x0c, 0x06, 0x05, 0x06, 0x0c, 0x07, 0x06, 0x1e, 0x06,
    0x07, 0x05, 0x06, 0x07, 0x0c, 0x06, 0x07, 0x05, 0x06, 0x06, 0x05, 0x07,
    0x06, 0x05, 0x07, 0x06, 0x0c, 0x07, 0x06, 0x05, 0x07, 0x0c, 0x06, 0x07,
    0x05, 0x06, 0x07, 0x05, 0x06, 0x07, 0x05, 0x06, 0x06, 0x05, 0x0c, 0x06,
    0x07, 0x0c, 0x07, 0x07, 0x0c, 0x07, 0x0c, 0x07, 0x06, 0x05, 0x07, 0x06,
    0x05, 0x06, 0x05, 0x06, 0x07, 0x05, 0x06, 0x07, 0x0c, 0x06, 0x07, 0x05,
    0x06, 0x07, 0x05, 0x06, 0x06, 0x05, 0x06, 0x0c, 0x07, 0x06, 0x05, 0x07,
    0x06, 0x05, 0x06, 0x05, 0x07, 0x0c, 0x07, 0x06, 0x05, 0x07, 0x06, 0x0c,
    0x07, 0x06, 0x0c, 0x06, 0x05, 0x06, 0x06, 0x05, 0x06, 0x06, 0x05, 0x06,
    0x05, 0x07, 0x06, 0x05, 0x07, 0x06, 0x05, 0x07, 0x0c, 0x07, 0x06, 0x0c,
    0x07, 0x06, 0x05, 0x07, 0x06, 0x05, 0x06, 0x0c, 0x05, 0x06, 0x05, 0x07,
    0x06, 0x05, 0x07, 0x06, 0x05, 0x06, 0x06, 0x07, 0x06, 0x0c, 0x07, 0x07,
    0x0c, 0x07, 0x06, 0x0c, 0x07, 0x06, 0x0c, 0x07, 0x06, 0x0c, 0x07, 0x07,
    0x0c, 0x07, 0x05, 0x06, 0x07, 0x05, 0x06, 0x06, 0x05, 0x06, 0x06, 0x05,
    0x06, 0x07, 0x05, 0x06, 0x06, 0x05, 0x06, 0x06, 0x07, 0x07, 0x0c, 0x07,
    0x06, 0x0c, 0x07, 0x06, 0x05, 0x07, 0x06, 0x05, 0x07, 0x06, 0x05, 0x06,
    0x0c, 0x07, 0x06, 0x05, 0x07, 0x0c, 0x07, 0x06, 0x0c, 0x07, 0x06, 0x05,
    0x07, 0x0c, 0x07, 0x06, 0x05, 0x06, 0x05, 0x07, 0x06, 0x05, 0x06, 0x07,
    0x0c, 0x07, 0x06, 0x1d, 0x06, 0x0c, 0x07, 0x06, 0x05, 0x0c, 0x06, 0x05,
    0x07, 0x0c, 0x07, 0x0c, 0x06, 0x07, 0x0c, 0x07, 0x07, 0x0c, 0x06, 0x05,
    0x06, 0x07, 0x05, 0x06, 0x07, 0x0c, 0x07, 0x06, 0x0c, 0x07, 0x0c, 0x07,
    0x05, 0x06, 0x07, 0x0c, 0x06, 0x07, 0x0c, 0x06, 0x07, 0x05, 0x06, 0x07,
    0x0c, 0x07, 0x0c, 0x06, 0x07, 0x05, 0x06, 0x06, 0x05, 0x06, 0x0c, 0x07,
    0x05, 0x06, 0x07, 0x0c, 0x06, 0x05, 0x06, 0x05, 0x06, 0x07, 0x05, 0x06,
    0x07, 0x0c, 0x07, 0x06, 0x0c, 0x07, 0x06, 0x05, 0x06, 0x06, 0x05, 0x07,
    0x06, 0x0c, 0x07, 0x05, 0x06, 0x07, 0x05, 0x06, 0x07, 0x05, 0x06, 0x07,
    0x05, 0x06, 0x05, 0x06, 0x06, 0x05, 0x06, 0x06, 0x05, 0x06, 0x06, 0x05,
    0x06, 0x07, 0x05, 0x06, 0x05, 0x06, 0x06, 0x05, 0x0c, 0x07, 0x07, 0x06,
    0x07, 0x0c, 0x06, 0x05, 0x06, 0x06, 0x05, 0x06, 0x05, 0x07, 0x0c, 0x07,
    0x05, 0x06, 0x06, 0x05, 0x06, 0x05, 0x07, 0x06, 0x05, 0x07, 0x0c, 0x07,
    0x07, 0x0c, 0x06, 0x07, 0x0c, 0x07, 0x06, 0x0c, 0x07, 0x0c, 0x07, 0x07,
    0x0c, 0x05, 0x07, 0x06, 0x05, 0x06, 0x0c, 0x07, 0x07, 0x0c, 0x07, 0x06,
    0x05, 0x06, 0x06, 0x05, 0x07, 0x06, 0x05, 0x06, 0x0c, 0x07, 0x06, 0x0c,
    0x05, 0x06, 0x07, 0x05, 0x06, 0x07, 0x0c, 0x06, 0x07, 0x0c, 0x07, 0x07,
    0x0c, 0x07, 0x0c, 0x06, 0x07, 0x0c, 0x07, 0x0c, 0x07, 0x06, 0x0c, 0x07,
    0x0c, 0x07, 0x06, 0x05, 0x07, 0x06, 0x05, 0x05, 0x1d, 0x05, 0x07, 0x06,
    0x05, 0x06, 0x07, 0x05, 0x06, 0x06, 0x05, 0x07, 0x06, 0x05, 0x06, 0x0c,
    0x06, 0x07, 0x05, 0x06, 0x07, 0x0c, 0x06, 0x07, 0x0c, 0x0c, 0x07, 0x06,
    0x05, 0x07, 0x06, 0x0c, 0x07, 0x06, 0x05, 0x07, 0x06, 0x05, 0x07, 0x06,
    0x05, 0x06, 0x06, 0x05, 0x06, 0x07, 0x0c, 0x07, 0x0c, 0x06, 0x07, 0x05,
    0x06, 0x07, 0x05, 0x06, 0x07, 0x0c, 0x07, 0x05, 0x06, 0x07, 0x0c, 0x06,
    0x07, 0x0c, 0x06, 0x05, 0x06, 0x07, 0x05, 0x06, 0x05, 0x0c, 0x07, 0x07,
    0x0c, 0x07, 0x06, 0x0c, 0x05, 0x06, 0x06, 0x05, 0x06, 0x06, 0x05, 0x0c,
    0x07, 0x06, 0x0c, 0x07, 0x06, 0x0c, 0x07, 0x07, 0x0c, 0x07, 0x07, 0x0c,
    0x07, 0x05, 0x06, 0x07, 0x0c, 0x06, 0x07, 0x0c, 0x07, 0x07, 0x0c, 0x07,
    0x06, 0x0c, 0x07, 0x0c, 0x05, 0x07, 0x06, 0x07, 0x05, 0x06, 0x05, 0x06,
    0x06, 0x05, 0x06, 0x06, 0x05, 0x07, 0x0c, 0x07, 0x07, 0x0c, 0x06, 0x05,
    0x06, 0x06, 0x05, 0x06, 0x06, 0x05, 0x07, 0x07, 0x0c, 0x05, 0x06, 0x07,
    0x05, 0x06, 0x06, 0x05, 0x06, 0x06, 0x07, 0x0c, 0x07, 0x07, 0x0c, 0x06,
    0x05, 0x06, 0x05, 0x06, 0x07, 0x05, 0x0c, 0x06, 0x07, 0x0c, 0x07, 0x07,
    0x0c, 0x07, 0x05, 0x06, 0x07, 0x0c, 0x06, 0x05, 0x06, 0x07, 0x05, 0x0c,
    0x07, 0x06, 0x0c, 0x07, 0x0c, 0x07, 0x07, 0x0c, 0x07, 0x06, 0x05, 0x06,
    0x07, 0x05, 0x06, 0x07, 0x0c, 0x06, 0x05, 0x06, 0x0c, 0x07, 0x06, 0x06,
    0x07, 0x1e, 0x07, 0x0c, 0x06, 0x07, 0x0c, 0x07, 0x07, 0x0c, 0x06, 0x07,
    0x0c, 0x07, 0x07, 0x05, 0x06, 0x05, 0x06, 0x06, 0x05, 0x07, 0x0c, 0x07,
    0x07, 0x0c, 0x07, 0x07, 0x0c, 0x0c, 0x07, 0x07, 0x0c, 0x06, 0x07, 0x0c,
    0x06, 0x07, 0x0c, 0x07, 0x05, 0x06, 0x05, 0x06, 0x05, 0x07, 0x06, 0x05,
    0x07, 0x06, 0x05, 0x06, 0x0c, 0x07, 0x06, 0x0c, 0x07, 0x06, 0x0c, 0x07,
    0x06, 0x05, 0x07, 0x06, 0x05, 0x07, 0x06, 0x05, 0x06, 0x0c, 0x07, 0x06,
    0x0c, 0x07, 0x07, 0x0c, 0x06, 0x05, 0x07, 0x06, 0x05, 0x07, 0x07, 0x0c,
    0x07, 0x07, 0x0c, 0x06, 0x07, 0x05, 0x06, 0x05, 0x07, 0x0c, 0x06, 0x07,
    0x0c, 0x06, 0x05, 0x06, 0x06, 0x05, 0x06, 0x05, 0x07, 0x0c, 0x07, 0x0c,
    0x06, 0x07, 0x0c, 0x05, 0x07, 0x06, 0x07, 0x06, 0x0c, 0x07, 0x06, 0x0c,
    0x07, 0x06, 0x05, 0x07, 0x06, 0x05, 0x07, 0x06, 0x05, 0x06, 0x06, 0x05,
    0x06, 0x07, 0x0c, 0x07, 0x07, 0x0c, 0x07, 0x07, 0x0c, 0x06, 0x05, 0x06,
    0x06, 0x05, 0x06, 0x06, 0x05, 0x07, 0x06, 0x05, 0x07, 0x0c, 0x07, 0x06,
    0x0c, 0x07, 0x06, 0x05, 0x07, 0x06, 0x0c, 0x07, 0x0c, 0x06, 0x07, 0x05,
    0x06, 0x07, 0x0c, 0x0c, 0x07, 0x06, 0x0c, 0x07, 0x06, 0x05, 0x07, 0x06,
    0x05, 0x06, 0x06, 0x05, 0x07, 0x06, 0x05, 0x07, 0x06, 0x0c, 0x07, 0x06,
    0x05, 0x07, 0x0c, 0x06, 0x07, 0x0c, 0x0c, 0x07, 0x07, 0x0c, 0x07, 0x07,
    0x0c, 0x07, 0x05, 0x0c, 0x06, 0x07, 0x1d, 0x07, 0x0c, 0x07, 0x07, 0x0c,
    0x06, 0x07, 0x0c, 0x07, 0x06, 0x0c, 0x06, 0x07, 0x0c, 0x07, 0x07, 0x0c,
    0x06, 0x07, 0x0c, 0x06, 0x05, 0x06, 0x06, 0x05, 0x06, 0x07, 0x06, 0x0c,
    0x07, 0x07, 0x0c, 0x07, 0x0c, 0x07, 0x0c, 0x06, 0x07, 0x0c, 0x06, 0x07,
    0x05, 0x06, 0x0c, 0x06, 0x07, 0x0c, 0x07, 0x07, 0x0c, 0x07, 0x05, 0x06,
    0x05, 0x07, 0x06, 0x05, 0x06, 0x06, 0x05, 0x06, 0x06, 0x05, 0x06, 0x07,
    0x05, 0x06, 0x07, 0x05, 0x06, 0x07, 0x06, 0x0c, 0x07, 0x06, 0x0c, 0x07,
    0x06, 0x0c, 0x07, 0x06, 0x0c, 0x07, 0x05, 0x06, 0x07, 0x0c, 0x06, 0x07,
    0x06, 0x05, 0x07, 0x07, 0x0c, 0x07, 0x07, 0x0c, 0x07, 0x07, 0x0c, 0x06,
    0x07, 0x0c, 0x07, 0x07, 0x0c, 0x07, 0x06, 0x0c, 0x07, 0x06, 0x05, 0x05,
    0x06, 0x07, 0x05, 0x06, 0x05, 0x06, 0x06, 0x05, 0x06, 0x0c, 0x07, 0x06,
    0x05, 0x07, 0x06, 0x05, 0x06, 0x05, 0x06, 0x06, 0x05, 0x06, 0x0c, 0x07,
    0x0c, 0x07, 0x07, 0x0c, 0x06, 0x05, 0x07, 0x06, 0x05, 0x06, 0x06, 0x05,
    0x06, 0x06, 0x05, 0x05, 0x06, 0x05, 0x06, 0x0c, 0x07, 0x07, 0x0c, 0x07,
    0x07, 0x0c, 0x07, 0x06, 0x0c, 0x07, 0x07, 0x0c, 0x07, 0x06, 0x05, 0x07,
    0x06, 0x0c, 0x07, 0x06, 0x05, 0x07, 0x06, 0x0c, 0x07, 0x06, 0x0c, 0x07,
    0x07, 0x0c, 0x07, 0x0c, 0x06, 0x07, 0x0c, 0x07, 0x07, 0x0c, 0x07, 0x06,
    0x05, 0x06, 0x07, 0x0c, 0x06, 0x07, 0x06, 0x07, 0x05, 0x0c, 0x07, 0x1c,
    0x07, 0x0c, 0x06, 0x05, 0x06, 0x05, 0x06, 0x05, 0x07, 0x05, 0x06, 0x05,
    0x06, 0x06, 0x05, 0x06, 0x05, 0x07, 0x06, 0x05, 0x07, 0x06, 0x05, 0x07,
    0x0c, 0x07, 0x07, 0x0c, 0x07, 0x0c, 0x06, 0x07, 0x05, 0x06, 0x07, 0x05,
    0x06, 0x07, 0x0c, 0x07, 0x06, 0x0c, 0x07, 0x07, 0x0c, 0x06, 0x05, 0x06,
    0x06, 0x05, 0x06, 0x06, 0x05, 0x06, 0x0c, 0x07, 0x05, 0x06, 0x05, 0x07,
    0x0c, 0x07, 0x0c, 0x06, 0x05, 0x06, 0x06, 0x05, 0x06, 0x05, 0x07, 0x0c,
    0x07, 0x07, 0x0c, 0x07, 0x05, 0x06, 0x07, 0x0c, 0x07, 0x06, 0x0c, 0x07,
    0x06, 0x05, 0x07, 0x0c, 0x07, 0x06, 0x0c, 0x07, 0x0c, 0x06, 0x07, 0x0c,
    0x06, 0x05, 0x07, 0x06, 0x05, 0x06, 0x06, 0x05, 0x06, 0x07, 0x05, 0x06,
    0x07, 0x0c, 0x06, 0x07, 0x0c, 0x06, 0x07, 0x0c, 0x07, 0x07, 0x0c, 0x07,
    0x07, 0x0c, 0x07, 0x06, 0x0c, 0x05, 0x06, 0x05, 0x06, 0x07, 0x05, 0x06,
    0x07, 0x05, 0x06, 0x07, 0x0c, 0x06, 0x07, 0x05, 0x06, 0x07, 0x05, 0x06,
    0x07, 0x05, 0x06, 0x05, 0x05, 0x06, 0x06, 0x07, 0x06, 0x05, 0x07, 0x06,
    0x05, 0x06, 0x06, 0x05, 0x06, 0x06, 0x05, 0x07, 0x06, 0x0c, 0x07, 0x06,
    0x05, 0x06, 0x07, 0x0c, 0x07, 0x0c, 0x07, 0x06, 0x0c, 0x07, 0x06, 0x05,
    0x07, 0x06, 0x05, 0x06, 0x0c, 0x07, 0x06, 0x05, 0x07, 0x0c, 0x06, 0x07,
    0x0c, 0x06, 0x05, 0x07, 0x06, 0x0c, 0x07, 0x06, 0x05, 0x05, 0x06, 0x0c,
    0x07, 0x06, 0x06, 0x07, 0x1d, 0x07, 0x06, 0x05, 0x06, 0x07, 0x07, 0x0c,
    0x06, 0x07, 0x0c, 0x07, 0x07, 0x0c, 0x07, 0x06, 0x0c, 0x07, 0x0c, 0x06,
    0x07, 0x0c, 0x06, 0x07, 0x0c, 0x06, 0x05, 0x06, 0x07, 0x05, 0x06, 0x0c,
    0x07, 0x06, 0x0c, 0x07, 0x06, 0x05, 0x06, 0x05, 0x07, 0x06, 0x05, 0x07,
    0x06, 0x05, 0x07, 0x06, 0x05, 0x06, 0x07, 0x05, 0x06, 0x07, 0x05, 0x06,
    0x07, 0x06, 0x0c, 0x07, 0x06, 0x05, 0x07, 0x06, 0x05, 0x07, 0x06, 0x05,
    0x06, 0x06, 0x05, 0x06, 0x06, 0x05, 0x06, 0x07, 0x0c, 0x06, 0x05, 0x07,
    0x0c, 0x07, 0x07, 0x0c, 0x07, 0x0c, 0x06, 0x07, 0x05, 0x0c, 0x07, 0x06,
    0x0c, 0x07, 0x07, 0x0c, 0x07, 0x06, 0x0c, 0x07, 0x06, 0x05, 0x07, 0x06,
    0x0c, 0x07, 0x0c, 0x0c, 0x07, 0x07, 0x0c, 0x07, 0x07, 0x0c, 0x07, 0x0c,
    0x06, 0x07, 0x0c, 0x0c, 0x07, 0x06, 0x05, 0x07, 0x06, 0x05, 0x06, 0x06,
    0x05, 0x06, 0x06, 0x05, 0x06, 0x0c, 0x07, 0x06, 0x05, 0x07, 0x06, 0x0c,
    0x05, 0x06, 0x06, 0x05, 0x06, 0x0c, 0x07, 0x06, 0x06, 0x07, 0x05, 0x0c,
    0x07, 0x06, 0x0c, 0x07, 0x07, 0x0c, 0x07, 0x0c, 0x07, 0x07, 0x0c, 0x07,
    0x0c, 0x07, 0x05, 0x06, 0x05, 0x06, 0x07, 0x0c, 0x06, 0x07, 0x05, 0x06,
    0x05, 0x05, 0x06, 0x0c, 0x05, 0x06, 0x05, 0x07, 0x06, 0x05, 0x06, 0x06,
    0x05, 0x07, 0x06, 0x05, 0x07, 0x06, 0x0c, 0x07, 0x06, 0x05, 0x07, 0x0c,
    0x07, 0x06, 0x07, 0x05, 0x06, 0x05, 0x06, 0x07, 0x05, 0x1d, 0x0c, 0x07,
    0x07, 0x0c, 0x06, 0x05, 0x06, 0x07, 0x0c, 0x06, 0x07, 0x0c, 0x05, 0x07,
    0x06, 0x05, 0x07, 0x06, 0x05, 0x07, 0x0c, 0x07, 0x07, 0x0c, 0x07, 0x06,
    0x0c, 0x07, 0x06, 0x05, 0x07, 0x06, 0x05, 0x07, 0x0c, 0x07, 0x06, 0x0c,
    0x07, 0x06, 0x0c, 0x07, 0x0c, 0x06, 0x07, 0x0c, 0x07, 0x0c, 0x07, 0x0c,
    0x06, 0x07, 0x0c, 0x06, 0x07, 0x0c, 0x07, 0x07, 0x0c, 0x06, 0x07, 0x0c,
    0x06, 0x07, 0x0c, 0x07, 0x05, 0x06, 0x07, 0x05, 0x06, 0x07, 0x0c, 0x07,
    0x06, 0x05, 0x06, 0x07, 0x0c, 0x06, 0x05, 0x06, 0x07, 0x05, 0x06, 0x06,
    0x05, 0x06, 0x06, 0x05, 0x07, 0x06, 0x05, 0x06, 0x05, 0x07, 0x06, 0x05,
    0x0c, 0x06, 0x05, 0x07, 0x0c, 0x07, 0x07, 0x06, 0x06, 0x05, 0x06, 0x05,
    0x06, 0x0c, 0x07, 0x07, 0x0c, 0x07, 0x07, 0x0c, 0x07, 0x06, 0x0c, 0x07,
    0x0c, 0x07, 0x07, 0x06, 0x05, 0x07, 0x06, 0x05, 0x07, 0x06, 0x05, 0x06,
    0x0c, 0x07, 0x07, 0x0c, 0x07, 0x07, 0x0c, 0x07, 0x06, 0x05, 0x06, 0x05,
    0x06, 0x0c, 0x07, 0x06, 0x05, 0x07, 0x0c, 0x06, 0x07, 0x0c, 0x06, 0x07,
    0x05, 0x06, 0x0c, 0x07, 0x06, 0x0c, 0x07, 0x06, 0x05, 0x06, 0x07, 0x05,
    0x0c, 0x07, 0x06, 0x0c, 0x07, 0x06, 0x07, 0x07, 0x06, 0x06, 0x07, 0x0c,
    0x06, 0x07, 0x05, 0x06, 0x05, 0x06, 0x06, 0x05, 0x06, 0x05, 0x07, 0x07,
    0x0c, 0x06, 0x07, 0x0c, 0x07, 0x0c, 0x06, 0x07, 0x06, 0x05, 0x06, 0x05,
    0x06, 0x07, 0x1c, 0x07, 0x0c, 0x07, 0x06, 0x05, 0x06, 0x07, 0x05, 0x06,
    0x07, 0x0c, 0x06, 0x07, 0x0c, 0x06, 0x07, 0x0c, 0x07, 0x06, 0x0c, 0x07,
    0x0c, 0x06, 0x07, 0x05, 0x06, 0x05, 0x06, 0x06, 0x05, 0x06, 0x0c, 0x07,
    0x06, 0x05, 0x07, 0x06, 0x05, 0x07, 0x0c, 0x07, 0x07, 0x0c, 0x07, 0x06,
    0x05, 0x06, 0x07, 0x05, 0x06, 0x07, 0x05, 0x06, 0x07, 0x0c, 0x05, 0x06,
    0x07, 0x0c, 0x07, 0x07, 0x0c, 0x07, 0x0c, 0x06, 0x07, 0x0c, 0x06, 0x05,
    0x06, 0x05, 0x06, 0x05, 0x0c, 0x07, 0x07, 0x0c, 0x07, 0x06, 0x05, 0x06,
    0x0c, 0x07, 0x06, 0x05, 0x07, 0x06, 0x05, 0x06, 0x07, 0x0c, 0x07, 0x06,
    0x0c, 0x07, 0x0c, 0x07, 0x07, 0x06, 0x05, 0x06, 0x06, 0x05, 0x06, 0x05,
    0x07, 0x06, 0x05, 0x06, 0x07, 0x05, 0x06, 0x06, 0x05, 0x06, 0x05, 0x06,
    0x07, 0x05, 0x06, 0x07, 0x0c, 0x06, 0x05, 0x06, 0x0c, 0x07, 0x06, 0x0c,
    0x05, 0x06, 0x07, 0x05, 0x06, 0x07, 0x0c, 0x06, 0x05, 0x06, 0x06, 0x05,
    0x06, 0x07, 0x0c, 0x07, 0x07, 0x05, 0x06, 0x05, 0x06, 0x06, 0x05, 0x07,
    0x06, 0x05, 0x05, 0x06, 0x06, 0x05, 0x06, 0x07, 0x05, 0x06, 0x07, 0x0c,
    0x07, 0x06, 0x0c, 0x07, 0x06, 0x05, 0x07, 0x06, 0x05, 0x06, 0x06, 0x05,
    0x0c, 0x07, 0x07, 0x0c, 0x07, 0x0c, 0x07, 0x06, 0x05, 0x07, 0x06, 0x05,
    0x06, 0x06, 0x0c, 0x07, 0x0c, 0x07, 0x05, 0x06, 0x06, 0x05, 0x07, 0x0c,
    0x0c, 0x07, 0x06, 0x05, 0x06, 0x06, 0x06, 0x1c, 0x07, 0x0c, 0x06, 0x07,
    0x05, 0x06, 0x0c, 0x07, 0x0c, 0x07, 0x05, 0x06, 0x07, 0x05, 0x06, 0x07,
    0x0c, 0x07, 0x07, 0x0c, 0x07, 0x07, 0x0c, 0x06, 0x07, 0x05, 0x06, 0x05,
    0x07, 0x06, 0x05, 0x07, 0x06, 0x0c, 0x07, 0x0c, 0x06, 0x07, 0x0c, 0x06,
    0x07, 0x0c, 0x07, 0x0c, 0x07, 0x0c, 0x06, 0x07, 0x0c, 0x06, 0x05, 0x0c,
    0x07, 0x07, 0x0c, 0x06, 0x07, 0x0c, 0x07, 0x0c, 0x06, 0x07, 0x05, 0x06,
    0x07, 0x05, 0x06, 0x07, 0x0c, 0x07, 0x06, 0x05, 0x06, 0x06, 0x05, 0x06,
    0x06, 0x05, 0x07, 0x06, 0x07, 0x05, 0x06, 0x06, 0x05, 0x06, 0x07, 0x05,
    0x06, 0x06, 0x05, 0x07, 0x0c, 0x07, 0x06, 0x0c, 0x05, 0x06, 0x07, 0x05,
    0x06, 0x07, 0x0c, 0x06, 0x05, 0x0c, 0x07, 0x06, 0x05, 0x06, 0x07, 0x05,
    0x06, 0x07, 0x0c, 0x06, 0x07, 0x0c, 0x06, 0x05, 0x07, 0x06, 0x05, 0x07,
    0x0c, 0x07, 0x07, 0x0c, 0x07, 0x06, 0x0c, 0x07, 0x06, 0x05, 0x07, 0x06,
    0x05, 0x07, 0x06, 0x05, 0x07, 0x0c, 0x07, 0x06, 0x0c, 0x07, 0x06, 0x05,
    0x07, 0x06, 0x0c, 0x07, 0x06, 0x0c, 0x07, 0x07, 0x0c, 0x07, 0x06, 0x05,
    0x06, 0x0c, 0x07, 0x07, 0x0c, 0x07, 0x07, 0x0c, 0x06, 0x07, 0x0c, 0x06,
    0x07, 0x05, 0x06, 0x05, 0x06, 0x0c, 0x07, 0x0c, 0x07, 0x06, 0x05, 0x06,
    0x06, 0x05, 0x06, 0x05, 0x07, 0x07, 0x0c, 0x07, 0x06, 0x0c, 0x07, 0x07,
    0x0c, 0x07, 0x06, 0x07, 0x07, 0x0c, 0x07, 0x06, 0x05, 0x07, 0x0c, 0x05,
    0x03, 0x07, 0x0c, 0x07, 0x0c, 0x06, 0x07, 0x05, 0x06, 0x06, 0x05, 0x06,
    0x06, 0x05, 0x06, 0x05, 0x06, 0x05, 0x06, 0x0c, 0x07, 0x06, 0x05, 0x07,
    0x0c, 0x06, 0x07, 0x0c, 0x07, 0x06, 0x0c, 0x07, 0x07, 0x0c, 0x07, 0x06,
    0x05, 0x07, 0x06, 0x05, 0x07, 0x0c, 0x06, 0x07, 0x0c, 0x07, 0x07, 0x0c,
    0x07, 0x06, 0x05, 0x06, 0x06, 0x05, 0x06, 0x07, 0x05, 0x06, 0x07, 0x0c,
    0x07, 0x0c, 0x07, 0x06, 0x0c, 0x07, 0x0c, 0x07, 0x07, 0x0c, 0x06, 0x07,
    0x05, 0x06, 0x07, 0x05, 0x06, 0x07, 0x0c, 0x0c, 0x07, 0x06, 0x05, 0x07,
    0x0c, 0x05, 0x06, 0x0c, 0x07, 0x05, 0x06, 0x07, 0x0c, 0x07, 0x07, 0x06,
    0x07, 0x0c, 0x06, 0x07, 0x0c, 0x07, 0x07, 0x0c, 0x07, 0x06, 0x06, 0x05,
    0x07, 0x0c, 0x06, 0x06, 0x05, 0x06, 0x07, 0x05, 0x06, 0x05, 0x06, 0x06,
    0x05, 0x06, 0x07, 0x0c, 0x06, 0x07, 0x0c, 0x06, 0x05, 0x07, 0x06, 0x05,
    0x06, 0x06, 0x05, 0x06, 0x06, 0x05, 0x06, 0x0c, 0x07, 0x06, 0x0c, 0x07,
    0x07, 0x0c, 0x06, 0x06, 0x05, 0x06, 0x07, 0x05, 0x06, 0x07, 0x0c, 0x06,
    0x07, 0x0c, 0x07, 0x07, 0x0c, 0x07, 0x06, 0x05, 0x06, 0x0c, 0x07, 0x05,
    0x06, 0x05, 0x07, 0x06, 0x0c, 0x07, 0x06, 0x05, 0x07, 0x06, 0x07, 0x0c,
    0x07, 0x06, 0x05, 0x07, 0x0c, 0x07, 0x06, 0x0c, 0x06, 0x05, 0x06, 0x05,
    0x07, 0x06, 0x05, 0x06, 0x06, 0x05, 0x0c, 0x06, 0x05, 0x06, 0x07, 0x0c,
    0x07, 0x06, 0x05, 0x07, 0x06, 0x1c, 0x07, 0x06, 0x05, 0x07, 0x06, 0x05,
    0x06, 0x07, 0x05, 0x06, 0x07, 0x05, 0x06, 0x06, 0x05, 0x07, 0x06, 0x05,
    0x06, 0x07, 0x0c, 0x06, 0x07, 0x05, 0x06, 0x06, 0x05, 0x06, 0x05, 0x06,
    0x06, 0x05, 0x0c, 0x07, 0x06, 0x0c, 0x07, 0x0c, 0x06, 0x07, 0x05, 0x06,
    0x07, 0x0c, 0x06, 0x07, 0x05, 0x06, 0x07, 0x05, 0x06, 0x07, 0x0c, 0x06,
    0x07, 0x0c, 0x07, 0x06, 0x05, 0x06, 0x07, 0x0c, 0x07, 0x07, 0x0c, 0x06,
    0x05, 0x06, 0x07, 0x0c, 0x07, 0x06, 0x0c, 0x07, 0x06, 0x05, 0x07, 0x06,
    0x05, 0x06, 0x0c, 0x07, 0x06, 0x07, 0x07, 0x0c, 0x06, 0x07, 0x0c, 0x07,
    0x06, 0x0c, 0x05, 0x06, 0x05, 0x07, 0x06, 0x05, 0x06, 0x0c, 0x07, 0x06,
    0x05, 0x07, 0x06, 0x05, 0x06, 0x07, 0x05, 0x06, 0x05, 0x06, 0x0c, 0x07,
    0x06, 0x05, 0x07, 0x07, 0x05, 0x06, 0x07, 0x0c, 0x07, 0x07, 0x0c, 0x07,
    0x06, 0x05, 0x06, 0x07, 0x05, 0x06, 0x05, 0x05, 0x06, 0x05, 0x07, 0x06,
    0x05, 0x07, 0x06, 0x05, 0x06, 0x05, 0x07, 0x0c, 0x07, 0x06, 0x0c, 0x07,
    0x0c, 0x07, 0x05, 0x06, 0x07, 0x0c, 0x06, 0x05, 0x06, 0x06, 0x05, 0x07,
    0x06, 0x05, 0x06, 0x06, 0x05, 0x06, 0x06, 0x05, 0x07, 0x0c, 0x07, 0x06,
    0x0c, 0x07, 0x07, 0x0c, 0x07, 0x06, 0x0c, 0x07, 0x06, 0x05, 0x07, 0x07,
    0x0c, 0x07, 0x06, 0x0c, 0x07, 0x0c, 0x07, 0x07, 0x0c, 0x07, 0x07, 0x06,
    0x05, 0x06, 0x05, 0x06, 0x05, 0x06, 0x06, 0x05, 0x06, 0x06, 0x1c, 0x0c,
    0x07, 0x0c, 0x07, 0x0c, 0x06, 0x07, 0x0c, 0x06, 0x07, 0x0c, 0x05, 0x07,
    0x06, 0x0c, 0x07, 0x06, 0x05, 0x07, 0x0c, 0x07, 0x06, 0x0c, 0x07, 0x05,
    0x06, 0x07, 0x05, 0x06, 0x07, 0x05, 0x06, 0x07, 0x0c, 0x07, 0x07, 0x0c,
    0x07, 0x06, 0x0c, 0x07, 0x05, 0x06, 0x07, 0x0c, 0x06, 0x05, 0x06, 0x0c,
    0x07, 0x07, 0x0c, 0x07, 0x05, 0x06, 0x0c, 0x07, 0x05, 0x06, 0x07, 0x0c,
    0x05, 0x06, 0x07, 0x0c, 0x07, 0x06, 0x05, 0x06, 0x05, 0x06, 0x07, 0x05,
    0x06, 0x06, 0x05, 0x06, 0x07, 0x07, 0x0c, 0x07, 0x0c, 0x06, 0x05, 0x06,
    0x07, 0x05, 0x06, 0x06, 0x05, 0x07, 0x06, 0x06, 0x05, 0x0c, 0x06, 0x07,
    0x05, 0x06, 0x07, 0x0c, 0x06, 0x05, 0x06, 0x05, 0x06, 0x06, 0x05, 0x06,
    0x07, 0x05, 0x06, 0x07, 0x0c, 0x06, 0x06, 0x0c, 0x07, 0x0c, 0x06, 0x05,
    0x06, 0x07, 0x0c, 0x07, 0x07, 0x0c, 0x06, 0x07, 0x0c, 0x06, 0x07, 0x06,
    0x06, 0x05, 0x06, 0x06, 0x05, 0x06, 0x06, 0x05, 0x06, 0x06, 0x05, 0x06,
    0x07, 0x05, 0x06, 0x07, 0x0c, 0x06, 0x07, 0x0c, 0x07, 0x05, 0x06, 0x07,
    0x05, 0x06, 0x05, 0x06, 0x0c, 0x07, 0x07, 0x0c, 0x07, 0x07, 0x0c, 0x06,
    0x07, 0x0c, 0x07, 0x05, 0x06, 0x0c, 0x07, 0x0c, 0x0c, 0x07, 0x05, 0x06,
    0x07, 0x0c, 0x06, 0x0c, 0x07, 0x07, 0x0c, 0x07, 0x07, 0x0c, 0x06, 0x07,
    0x0c, 0x0c, 0x07, 0x06, 0x05, 0x07, 0x06, 0x06, 0x05, 0x07, 0x06, 0x05,
    0x07, 0x06, 0x05, 0x1e, 0x07, 0x0c, 0x07, 0x06, 0x05, 0x07, 0x0c, 0x05,
    0x07, 0x06, 0x0c, 0x06, 0x07, 0x05, 0x06, 0x0c, 0x07, 0x06, 0x0c, 0x07,
    0x05, 0x06, 0x07, 0x0c, 0x06, 0x05, 0x06, 0x06, 0x05, 0x06, 0x05, 0x06,
    0x06, 0x05, 0x06, 0x07, 0x0c, 0x07, 0x05, 0x06, 0x06, 0x05, 0x06, 0x05,
    0x07, 0x06, 0x05, 0x07, 0x06, 0x0c, 0x07, 0x06, 0x0c, 0x07, 0x07, 0x06,
    0x0c, 0x07, 0x06, 0x0c, 0x07, 0x06, 0x05, 0x06, 0x07, 0x0c, 0x07, 0x06,
    0x05, 0x06, 0x05, 0x06, 0x05, 0x06, 0x05, 0x06, 0x0c, 0x05, 0x06, 0x07,
    0x05, 0x06, 0x07, 0x0c, 0x06, 0x07, 0x05, 0x06, 0x05, 0x06, 0x05, 0x07,
    0x06, 0x07, 0x06, 0x0c, 0x07, 0x06, 0x05, 0x07, 0x06, 0x05, 0x06, 0x06,
    0x05, 0x07, 0x06, 0x0c, 0x07, 0x06, 0x0c, 0x07, 0x07, 0x05, 0x07, 0x0c,
    0x07, 0x06, 0x07, 0x05, 0x06, 0x05, 0x06, 0x0c, 0x07, 0x0c, 0x07, 0x07,
    0x0c, 0x05, 0x07, 0x0c, 0x07, 0x07, 0x0c, 0x07, 0x06, 0x05, 0x07, 0x0c,
    0x07, 0x07, 0x0c, 0x07, 0x06, 0x0c, 0x05, 0x07, 0x06, 0x05, 0x07, 0x06,
    0x0c, 0x07, 0x06, 0x0c, 0x07, 0x06, 0x05, 0x07, 0x06, 0x0c, 0x07, 0x06,
    0x0c, 0x07, 0x06, 0x05, 0x07, 0x0c, 0x06, 0x07, 0x0c, 0x07, 0x07, 0x0c,
    0x07, 0x07, 0x06, 0x05, 0x07, 0x0c, 0x07, 0x07, 0x0c, 0x06, 0x05, 0x06,
    0x06, 0x05, 0x06, 0x07, 0x0c, 0x07, 0x07, 0x0c, 0x06, 0x05, 0x06, 0x05,
    0x06, 0x07, 0x0c, 0x06, 0x05, 0x06, 0x0c, 0x07, 0x1d, 0x07, 0x06, 0x0c,
    0x07, 0x06, 0x07, 0x06, 0x0c, 0x07, 0x07, 0x0c, 0x07, 0x06, 0x05, 0x07,
    0x06, 0x05, 0x07, 0x06, 0x0c, 0x07, 0x05, 0x06, 0x07, 0x05, 0x06, 0x07,
    0x05, 0x06, 0x06, 0x05, 0x07, 0x06, 0x05, 0x06, 0x0c, 0x07, 0x06, 0x05,
    0x07, 0x06, 0x0c, 0x07, 0x06, 0x05, 0x06, 0x06, 0x05, 0x07, 0x0c, 0x07,
    0x07, 0x0c, 0x06, 0x05, 0x07, 0x06, 0x05, 0x07, 0x0c, 0x07, 0x07, 0x0c,
    0x07, 0x06, 0x05, 0x06, 0x07, 0x0c, 0x07, 0x06, 0x05, 0x06, 0x07, 0x05,
    0x06, 0x07, 0x0c, 0x06, 0x07, 0x0c, 0x07, 0x07, 0x0c, 0x07, 0x0c, 0x06,
    0x07, 0x0c, 0x06, 0x07, 0x0c, 0x05, 0x07, 0x07, 0x0c, 0x07, 0x0c, 0x06,
    0x05, 0x07, 0x06, 0x05, 0x07, 0x06, 0x05, 0x07, 0x0c, 0x07, 0x05, 0x06,
    0x0c, 0x06, 0x07, 0x0c, 0x07, 0x05, 0x06, 0x0c, 0x07, 0x06, 0x07, 0x05,
    0x06, 0x06, 0x05, 0x06, 0x06, 0x05, 0x06, 0x07, 0x0c, 0x0c, 0x07, 0x06,
    0x05, 0x07, 0x06, 0x0c, 0x07, 0x0c, 0x07, 0x05, 0x06, 0x07, 0x0c, 0x06,
    0x07, 0x0c, 0x07, 0x05, 0x06, 0x07, 0x05, 0x06, 0x05, 0x06, 0x06, 0x05,
    0x06, 0x07, 0x05, 0x06, 0x05, 0x07, 0x0c, 0x0c, 0x07, 0x07, 0x0c, 0x07,
    0x06, 0x0c, 0x07, 0x06, 0x0c, 0x07, 0x06, 0x0c, 0x06, 0x07, 0x0c, 0x06,
    0x07, 0x05, 0x06, 0x07, 0x05, 0x06, 0x05, 0x07, 0x06, 0x05, 0x06, 0x07,
    0x0c, 0x07, 0x06, 0x05, 0x06, 0x05, 0x06, 0x07, 0x05, 0x06, 0x07, 0x05,
    0x06, 0x1c, 0x05, 0x07, 0x06, 0x05, 0x0c, 0x06, 0x07, 0x0c, 0x07, 0x06,
    0x05, 0x07, 0x06, 0x0c, 0x07, 0x06, 0x0c, 0x07, 0x07, 0x0c, 0x06, 0x07,
    0x0c, 0x06, 0x07, 0x0c, 0x06, 0x05, 0x07, 0x06, 0x05, 0x06, 0x05, 0x07,
    0x06, 0x05, 0x07, 0x06, 0x0c, 0x07, 0x05, 0x06, 0x07, 0x0c, 0x07, 0x05,
    0x06, 0x06, 0x05, 0x06, 0x0c, 0x07, 0x07, 0x0c, 0x06, 0x05, 0x06, 0x06,
    0x05, 0x06, 0x06, 0x05, 0x06, 0x0c, 0x07, 0x0c, 0x07, 0x0c, 0x07, 0x06,
    0x05, 0x06, 0x06, 0x05, 0x06, 0x07, 0x07, 0x0c, 0x07, 0x06, 0x0c, 0x07,
    0x0c, 0x07, 0x07, 0x0c, 0x07, 0x07, 0x0c, 0x07, 0x06, 0x0c, 0x06, 0x05,
    0x0c, 0x07, 0x07, 0x0c, 0x06, 0x07, 0x0c, 0x06, 0x05, 0x06, 0x06, 0x05,
    0x06, 0x06, 0x05, 0x07, 0x06, 0x05, 0x07, 0x06, 0x0c, 0x07, 0x06, 0x05,
    0x06, 0x0c, 0x07, 0x06, 0x05, 0x07, 0x06, 0x05, 0x07, 0x0c, 0x07, 0x06,
    0x06, 0x07, 0x05, 0x06, 0x06, 0x05, 0x0c, 0x06, 0x07, 0x0c, 0x06, 0x06,
    0x05, 0x06, 0x07, 0x05, 0x06, 0x07, 0x0c, 0x06, 0x07, 0x0c, 0x06, 0x07,
    0x05, 0x06, 0x05, 0x07, 0x0c, 0x06, 0x05, 0x06, 0x06, 0x05, 0x07, 0x06,
    0x05, 0x06, 0x06, 0x05, 0x07, 0x06, 0x05, 0x07, 0x06, 0x05, 0x07, 0x0c,
    0x07, 0x07, 0x0c, 0x07, 0x0c, 0x06, 0x07, 0x0c, 0x06, 0x07, 0x0c, 0x06,
    0x05, 0x06, 0x0c, 0x07, 0x06, 0x05, 0x06, 0x07, 0x0c, 0x07, 0x06, 0x05,
    0x06, 0x06, 0x05, 0x06, 0x06, 0x07, 0x1d, 0x06, 0x05, 0x06, 0x07, 0x05,
    0x06, 0x05, 0x07, 0x06, 0x0c, 0x07, 0x0c, 0x06, 0x05, 0x07, 0x0c, 0x06,
    0x05, 0x06, 0x07, 0x0c, 0x07, 0x05, 0x06, 0x07, 0x05, 0x06, 0x06, 0x05,
    0x06, 0x06, 0x05, 0x06, 0x06, 0x05, 0x06, 0x05, 0x06, 0x06, 0x05, 0x06,
    0x07, 0x0c, 0x07, 0x06, 0x05, 0x06, 0x07, 0x05, 0x06, 0x06, 0x05, 0x06,
    0x07, 0x05, 0x06, 0x05, 0x07, 0x06, 0x05, 0x06, 0x07, 0x05, 0x06, 0x07,
    0x05, 0x06, 0x07, 0x0c, 0x07, 0x05, 0x06, 0x07, 0x0c, 0x0c, 0x07, 0x0c,
    0x07, 0x07, 0x0c, 0x07, 0x06, 0x0c, 0x07, 0x06, 0x0c, 0x07, 0x0c, 0x07,
    0x05, 0x07, 0x06, 0x07, 0x06, 0x0c, 0x07, 0x06, 0x05, 0x07, 0x06, 0x05,
    0x07, 0x06, 0x05, 0x06, 0x05, 0x07, 0x06, 0x0c, 0x07, 0x06, 0x05, 0x07,
    0x0c, 0x07, 0x06, 0x05, 0x07, 0x06, 0x05, 0x05, 0x06, 0x0c, 0x07, 0x0c,
    0x06, 0x07, 0x0c, 0x07, 0x05, 0x0c, 0x07, 0x07, 0x0c, 0x07, 0x07, 0x0c,
    0x07, 0x07, 0x05, 0x07, 0x06, 0x0c, 0x07, 0x0c, 0x07, 0x06, 0x05, 0x07,
    0x06, 0x05, 0x0c, 0x06, 0x07, 0x0c, 0x06, 0x07, 0x05, 0x06, 0x07, 0x05,
    0x06, 0x07, 0x0c, 0x06, 0x07, 0x07, 0x0c, 0x06, 0x07, 0x0c, 0x07, 0x0c,
    0x06, 0x05, 0x06, 0x06, 0x05, 0x07, 0x06, 0x0c, 0x07, 0x07, 0x0c, 0x07,
    0x05, 0x06, 0x07, 0x05, 0x06, 0x07, 0x05, 0x06, 0x07, 0x0c, 0x07, 0x05,
    0x06, 0x07, 0x0c, 0x07, 0x05, 0x06, 0x07, 0x05, 0x0c, 0x07, 0x07, 0x1d,
    0x07, 0x0c, 0x06, 0x07, 0x06, 0x05, 0x06, 0x07, 0x0c, 0x07, 0x07, 0x0c,
    0x07, 0x07, 0x0c, 0x07, 0x07, 0x0c, 0x07, 0x06, 0x05, 0x06, 0x06, 0x05,
    0x06, 0x05, 0x07, 0x06, 0x05, 0x05, 0x06, 0x07, 0x05, 0x06, 0x07, 0x0c,
    0x07, 0x05, 0x06, 0x07, 0x0c, 0x06, 0x05, 0x06, 0x06, 0x05, 0x06, 0x0c,
    0x07, 0x07, 0x0c, 0x07, 0x0c, 0x06, 0x07, 0x0c, 0x06, 0x05, 0x06, 0x05,
    0x07, 0x06, 0x0c, 0x07, 0x06, 0x0c, 0x07, 0x06, 0x0c, 0x07, 0x06, 0x05,
    0x07, 0x06, 0x07, 0x0c, 0x06, 0x07, 0x0c, 0x05, 0x07, 0x06, 0x05, 0x07,
    0x0c, 0x07, 0x06, 0x0c, 0x06, 0x07, 0x0c, 0x05, 0x07, 0x06, 0x05, 0x06,
    0x06, 0x05, 0x06, 0x0c, 0x07, 0x06, 0x05, 0x06, 0x07, 0x0c, 0x07, 0x0c,
    0x07, 0x06, 0x0c, 0x06, 0x06, 0x05, 0x06, 0x0c, 0x07, 0x06, 0x06, 0x07,
    0x06, 0x0c, 0x07, 0x07, 0x0c, 0x07, 0x06, 0x0c, 0x07, 0x06, 0x0c, 0x07,
    0x06, 0x0c, 0x07, 0x06, 0x0c, 0x07, 0x06, 0x0c, 0x07, 0x05, 0x06, 0x07,
    0x0c, 0x06, 0x05, 0x06, 0x0c, 0x07, 0x07, 0x0c, 0x07, 0x07, 0x0c, 0x06,
    0x07, 0x0c, 0x06, 0x07, 0x0c, 0x07, 0x05, 0x06, 0x0c, 0x07, 0x0c, 0x07,
    0x05, 0x06, 0x07, 0x0c, 0x07, 0x07, 0x0c, 0x07, 0x06, 0x0c, 0x07, 0x0c,
    0x07, 0x07, 0x0c, 0x06, 0x07, 0x0c, 0x06, 0x05, 0x06, 0x06, 0x05, 0x06,
    0x07, 0x0c, 0x06, 0x07, 0x0c, 0x06, 0x07, 0x0c, 0x06, 0x07, 0x0c, 0x06,
    0x07, 0x0c, 0x06, 0x07, 0x1c, 0x07, 0x05, 0x0c, 0x07, 0x0c, 0x06, 0x07,
    0x0c, 0x05, 0x06, 0x06, 0x05, 0x06, 0x06, 0x0c, 0x07, 0x06, 0x05, 0x06,
    0x05, 0x07, 0x06, 0x05, 0x06, 0x06, 0x05, 0x06, 0x06, 0x05, 0x06, 0x06,
    0x05, 0x06, 0x05, 0x06, 0x06, 0x05, 0x06, 0x05, 0x07, 0x06, 0x05, 0x07,
    0x0c, 0x07, 0x07, 0x0c, 0x07, 0x06, 0x0c, 0x07, 0x07, 0x0c, 0x07, 0x07,
    0x0c, 0x07, 0x06, 0x0c, 0x07, 0x0c, 0x06, 0x05, 0x07, 0x06, 0x05, 0x07,
    0x0c, 0x07, 0x06, 0x0c, 0x07, 0x0c, 0x07, 0x07, 0x0c, 0x07, 0x06, 0x0c,
    0x07, 0x06, 0x0c, 0x07, 0x06, 0x05, 0x07, 0x07, 0x0c, 0x07, 0x06, 0x0c,
    0x07, 0x06, 0x05, 0x07, 0x06, 0x05, 0x07, 0x06, 0x05, 0x06, 0x05, 0x06,
    0x07, 0x0c, 0x06, 0x07, 0x05, 0x06, 0x05, 0x07, 0x07, 0x0c, 0x07, 0x07,
    0x0c, 0x05, 0x07, 0x0c, 0x05, 0x07, 0x06, 0x07, 0x0c, 0x07, 0x07, 0x0c,
    0x07, 0x07, 0x06, 0x05, 0x07, 0x06, 0x05, 0x06, 0x05, 0x07, 0x06, 0x0c,
    0x07, 0x06, 0x0c, 0x07, 0x07, 0x0c, 0x07, 0x07, 0x0c, 0x06, 0x07, 0x0c,
    0x07, 0x06, 0x05, 0x07, 0x06, 0x05, 0x07, 0x06, 0x0c, 0x07, 0x06, 0x06,
    0x05, 0x07, 0x06, 0x0c, 0x07, 0x06, 0x05, 0x06, 0x0c, 0x07, 0x06, 0x05,
    0x07, 0x05, 0x06, 0x07, 0x0c, 0x06, 0x05, 0x06, 0x07, 0x05, 0x06, 0x07,
    0x05, 0x06, 0x07, 0x0c, 0x06, 0x05, 0x07, 0x06, 0x05, 0x06, 0x05, 0x07,
    0x06, 0x05, 0x06, 0x05, 0x06, 0x07, 0x05, 0x06, 0x06, 0x1c, 0x06, 0x07,
    0x06, 0x05, 0x07, 0x06, 0x05, 0x07, 0x06, 0x05, 0x06, 0x07, 0x05, 0x06,
    0x07, 0x0c, 0x07, 0x06, 0x0c, 0x07, 0x06, 0x05, 0x05, 0x06, 0x07, 0x05,
    0x06, 0x07, 0x05, 0x06, 0x07, 0x0c, 0x07, 0x06, 0x05, 0x07, 0x06, 0x0c,
    0x07, 0x06, 0x0c, 0x07, 0x06, 0x05, 0x06, 0x06, 0x05, 0x07, 0x0c, 0x07,
    0x06, 0x0c, 0x07, 0x0c, 0x06, 0x07, 0x05, 0x06, 0x07, 0x07, 0x0c, 0x07,
    0x07, 0x0c, 0x06, 0x07, 0x0c, 0x07, 0x07, 0x0c, 0x07, 0x06, 0x0c, 0x05,
    0x06, 0x07, 0x05, 0x06, 0x07, 0x05, 0x06, 0x05, 0x06, 0x06, 0x0c, 0x07,
    0x0c, 0x07, 0x07, 0x0c, 0x07, 0x06, 0x0c, 0x07, 0x0c, 0x06, 0x05, 0x06,
    0x07, 0x05, 0x06, 0x06, 0x05, 0x07, 0x0c, 0x07, 0x06, 0x0c, 0x07, 0x06,
    0x05, 0x06, 0x05, 0x06, 0x07, 0x06, 0x06, 0x05, 0x06, 0x06, 0x05, 0x06,
    0x0c, 0x07, 0x06, 0x0c, 0x05, 0x06, 0x0c, 0x05, 0x06, 0x06, 0x05, 0x06,
    0x07, 0x0c, 0x07, 0x05, 0x06, 0x07, 0x05, 0x06, 0x05, 0x06, 0x06, 0x05,
    0x07, 0x06, 0x05, 0x07, 0x0c, 0x06, 0x07, 0x0c, 0x06, 0x05, 0x06, 0x07,
    0x05, 0x0c, 0x07, 0x07, 0x0c, 0x07, 0x07, 0x0c, 0x07, 0x06, 0x05, 0x06,
    0x07, 0x05, 0x06, 0x0c, 0x06, 0x07, 0x0c, 0x07, 0x07, 0x0c, 0x07, 0x06,
    0x05, 0x06, 0x0c, 0x07, 0x06, 0x0c, 0x07, 0x05, 0x06, 0x07, 0x05, 0x06,
    0x05, 0x06, 0x07, 0x0c, 0x06, 0x05, 0x07, 0x06, 0x05, 0x07, 0x0c, 0x07,
    0x0c, 0x07, 0x1d, 0x05, 0x06, 0x06, 0x05, 0x06, 0x0c, 0x07, 0x06, 0x0c,
    0x07, 0x07, 0x0c, 0x05, 0x07, 0x06, 0x05, 0x07, 0x06, 0x05, 0x06, 0x06,
    0x05, 0x06, 0x06, 0x05, 0x06, 0x0c, 0x07, 0x0c, 0x07, 0x06, 0x05, 0x06,
    0x07, 0x0c, 0x07, 0x06, 0x05, 0x07, 0x0c, 0x07, 0x06, 0x05, 0x07, 0x0c,
    0x07, 0x06, 0x0c, 0x07, 0x05, 0x06, 0x07, 0x05, 0x06, 0x06, 0x05, 0x06,
    0x05, 0x06, 0x0c, 0x07, 0x06, 0x0c, 0x05, 0x07, 0x06, 0x0c, 0x07, 0x0c,
    0x05, 0x07, 0x06, 0x07, 0x0c, 0x06, 0x07, 0x0c, 0x06, 0x07, 0x0c, 0x07,
    0x07, 0x05, 0x06, 0x07, 0x0c, 0x06, 0x07, 0x0c, 0x07, 0x07, 0x0c, 0x07,
    0x07, 0x0c, 0x07, 0x06, 0x0c, 0x07, 0x06, 0x05, 0x06, 0x07, 0x0c, 0x07,
    0x05, 0x06, 0x07, 0x0c, 0x07, 0x06, 0x0c, 0x07, 0x0c, 0x05, 0x07, 0x06,
    0x05, 0x07, 0x06, 0x05, 0x07, 0x06, 0x05, 0x06, 0x07, 0x07, 0x06, 0x07,
    0x05, 0x06, 0x07, 0x0c, 0x07, 0x06, 0x0c, 0x07, 0x06, 0x0c, 0x07, 0x06,
    0x05, 0x06, 0x05, 0x06, 0x0c, 0x07, 0x06, 0x05, 0x06, 0x07, 0x05, 0x06,
    0x07, 0x0c, 0x07, 0x0c, 0x06, 0x07, 0x0c, 0x06, 0x05, 0x0c, 0x06, 0x07,
    0x0c, 0x07, 0x05, 0x06, 0x06, 0x05, 0x07, 0x06, 0x05, 0x07, 0x06, 0x0c,
    0x06, 0x05, 0x07, 0x06, 0x05, 0x07, 0x06, 0x05, 0x07, 0x0c, 0x06, 0x07,
    0x0c, 0x07, 0x06, 0x0c, 0x07, 0x06, 0x05, 0x07, 0x06, 0x0c, 0x07, 0x06,
    0x0c, 0x07, 0x06, 0x06, 0x05, 0x07, 0x06, 0x1c, 0x07, 0x0c, 0x07, 0x07,
    0x0c, 0x07, 0x07, 0x0c, 0x07, 0x06, 0x0c, 0x06, 0x06, 0x05, 0x06, 0x0c,
    0x07, 0x0c, 0x07, 0x05, 0x06, 0x07, 0x0c, 0x07, 0x07, 0x0c, 0x07, 0x06,
    0x0c, 0x07, 0x05, 0x06, 0x05, 0x06, 0x0c, 0x07, 0x0c, 0x07, 0x06, 0x05,
    0x07, 0x0c, 0x06, 0x07, 0x0c, 0x07, 0x07, 0x0c, 0x07, 0x06, 0x0c, 0x07,
    0x05, 0x06, 0x05, 0x07, 0x06, 0x05, 0x07, 0x06, 0x05, 0x07, 0x06, 0x07,
    0x0c, 0x07, 0x07, 0x0c, 0x06, 0x07, 0x0c, 0x07, 0x07, 0x0c, 0x07, 0x05,
    0x06, 0x05, 0x06, 0x06, 0x0c, 0x07, 0x0c, 0x07, 0x07, 0x0c, 0x07, 0x0c,
    0x0c, 0x07, 0x0c, 0x06, 0x07, 0x0c, 0x07, 0x07, 0x0c, 0x05, 0x06, 0x07,
    0x0c, 0x07, 0x0c, 0x06, 0x07, 0x0c, 0x07, 0x06, 0x05, 0x07, 0x06, 0x05,
    0x07, 0x06, 0x0c, 0x07, 0x0c, 0x06, 0x07, 0x0c, 0x06, 0x07, 0x05, 0x0c,
    0x07, 0x0c, 0x0c, 0x07, 0x06, 0x0c, 0x07, 0x05, 0x06, 0x05, 0x07, 0x06,
    0x05, 0x06, 0x05, 0x06, 0x07, 0x0c, 0x07, 0x07, 0x05, 0x06, 0x06, 0x05,
    0x06, 0x06, 0x05, 0x0c, 0x07, 0x06, 0x05, 0x07, 0x06, 0x05, 0x07, 0x06,
    0x07, 0x07, 0x06, 0x05, 0x06, 0x06, 0x05, 0x06, 0x07, 0x0c, 0x0c, 0x07,
    0x06, 0x05, 0x07, 0x0c, 0x07, 0x06, 0x0c, 0x07, 0x0c, 0x06, 0x07, 0x0c,
    0x06, 0x07, 0x05, 0x07, 0x06, 0x05, 0x06, 0x05, 0x06, 0x07, 0x0c, 0x06,
    0x05, 0x07, 0x06, 0x05, 0x07, 0x0c, 0x07, 0x0c, 0x06, 0x07, 0x0c, 0x06,
    0x1e, 0x07, 0x0c, 0x07, 0x06, 0x0c, 0x07, 0x0c, 0x07, 0x07, 0x0c, 0x07,
    0x07, 0x0c, 0x07, 0x07, 0x06, 0x0c, 0x07, 0x06, 0x05, 0x06, 0x07, 0x0c,
    0x06, 0x07, 0x0c, 0x07, 0x07, 0x0c, 0x06, 0x07, 0x0c, 0x07, 0x07, 0x06,
    0x05, 0x07, 0x06, 0x0c, 0x06, 0x07, 0x0c, 0x07, 0x06, 0x0c, 0x07, 0x0c,
    0x07, 0x06, 0x05, 0x06, 0x06, 0x07, 0x0c, 0x07, 0x06, 0x0c, 0x07, 0x06,
    0x0c, 0x07, 0x0c, 0x07, 0x06, 0x0c, 0x07, 0x06, 0x05, 0x07, 0x06, 0x0c,
    0x07, 0x0c, 0x06, 0x07, 0x0c, 0x07, 0x07, 0x05, 0x06, 0x07, 0x0c, 0x06,
    0x05, 0x06, 0x07, 0x05, 0x06, 0x07, 0x07, 0x0c, 0x07, 0x0c, 0x06, 0x07,
    0x0c, 0x07, 0x07, 0x0c, 0x06, 0x07, 0x05, 0x06, 0x07, 0x0c, 0x06, 0x05,
    0x06, 0x0c, 0x07, 0x0c, 0x06, 0x07, 0x06, 0x07, 0x05, 0x06, 0x07, 0x05,
    0x0c, 0x06, 0x07, 0x0c, 0x06, 0x07, 0x07, 0x0c, 0x07, 0x05, 0x06, 0x06,
    0x05, 0x06, 0x06, 0x05, 0x07, 0x06, 0x05, 0x07, 0x0c, 0x06, 0x07, 0x0c,
    0x06, 0x07, 0x05, 0x06, 0x05, 0x07, 0x06, 0x0c, 0x07, 0x06, 0x0c, 0x07,
    0x06, 0x0c, 0x07, 0x0c, 0x0c, 0x07, 0x06, 0x05, 0x07, 0x0c, 0x07, 0x06,
    0x05, 0x07, 0x06, 0x07, 0x0c, 0x06, 0x07, 0x0c, 0x07, 0x07, 0x05, 0x06,
    0x07, 0x0c, 0x07, 0x0c, 0x05, 0x06, 0x06, 0x05, 0x06, 0x0c, 0x07, 0x07,
    0x0c, 0x07, 0x05, 0x06, 0x06, 0x05, 0x06, 0x07, 0x0c, 0x06, 0x07, 0x05,
    0x06, 0x05, 0x07, 0x0c, 0x07, 0x1d, 0x06, 0x05, 0x06, 0x05, 0x07, 0x06,
    0x0c, 0x07, 0x0c, 0x05, 0x07, 0x06, 0x05, 0x06, 0x05, 0x07, 0x0c, 0x07,
    0x06, 0x0c, 0x07, 0x05, 0x06, 0x05, 0x06, 0x0c, 0x07, 0x07, 0x0c, 0x07,
    0x06, 0x0c, 0x07, 0x0c, 0x06, 0x07, 0x0c, 0x07, 0x05, 0x06, 0x07, 0x05,
    0x06, 0x05, 0x07, 0x06, 0x0c, 0x07, 0x05, 0x06, 0x05, 0x07, 0x0c, 0x07,
    0x06, 0x05, 0x06, 0x07, 0x0c, 0x07, 0x06, 0x0c, 0x05, 0x07, 0x0c, 0x06,
    0x05, 0x06, 0x07, 0x0c, 0x07, 0x06, 0x05, 0x07, 0x06, 0x0c, 0x06, 0x07,
    0x0c, 0x05, 0x07, 0x06, 0x05, 0x06, 0x0c, 0x07, 0x06, 0x0c, 0x07, 0x06,
    0x05, 0x07, 0x06, 0x05, 0x06, 0x0c, 0x07, 0x06, 0x05, 0x06, 0x07, 0x0c,
    0x07, 0x05, 0x06, 0x07, 0x05, 0x06, 0x07, 0x05, 0x06, 0x05, 0x0c, 0x07,
    0x0c, 0x06, 0x07, 0x0c, 0x07, 0x07, 0x0c, 0x07, 0x07, 0x0c, 0x07, 0x06,
    0x06, 0x05, 0x07, 0x06, 0x05, 0x07, 0x06, 0x0c, 0x05, 0x06, 0x06, 0x05,
    0x06, 0x07, 0x05, 0x06, 0x05, 0x06, 0x06, 0x05, 0x06, 0x07, 0x05, 0x06,
    0x07, 0x05, 0x06, 0x05, 0x07, 0x0c, 0x07, 0x07, 0x06, 0x05, 0x06, 0x0c,
    0x07, 0x06, 0x05, 0x06, 0x05, 0x06, 0x0c, 0x07, 0x07, 0x0c, 0x07, 0x06,
    0x0c, 0x06, 0x07, 0x0c, 0x07, 0x06, 0x05, 0x06, 0x07, 0x07, 0x0c, 0x07,
    0x06, 0x05, 0x06, 0x06, 0x05, 0x06, 0x06, 0x05, 0x07, 0x06, 0x05, 0x06,
    0x05, 0x07, 0x06, 0x0c, 0x07, 0x06, 0x07, 0x0c, 0x07, 0x07, 0x1d, 0x07,
    0x06, 0x05, 0x06, 0x07, 0x0c, 0x07, 0x06, 0x06, 0x05, 0x06, 0x06, 0x05,
    0x06, 0x06, 0x05, 0x06, 0x07, 0x05, 0x06, 0x07, 0x0c, 0x07, 0x07, 0x0c,
    0x07, 0x0c, 0x06, 0x05, 0x07, 0x06, 0x05, 0x07, 0x0c, 0x07, 0x0c, 0x06,
    0x07, 0x0c, 0x07, 0x0c, 0x06, 0x07, 0x0c, 0x07, 0x07, 0x0c, 0x06, 0x07,
    0x0c, 0x07, 0x0c, 0x06, 0x07, 0x05, 0x0c, 0x07, 0x0c, 0x07, 0x07, 0x0c,
    0x07, 0x06, 0x07, 0x07, 0x0c, 0x07, 0x06, 0x0c, 0x07, 0x07, 0x0c, 0x06,
    0x05, 0x07, 0x06, 0x05, 0x06, 0x06, 0x05, 0x06, 0x07, 0x07, 0x0c, 0x07,
    0x07, 0x0c, 0x07, 0x0c, 0x06, 0x07, 0x0c, 0x07, 0x07, 0x0c, 0x07, 0x06,
    0x05, 0x06, 0x05, 0x06, 0x06, 0x05, 0x06, 0x06, 0x05, 0x06, 0x06, 0x05,
    0x06, 0x07, 0x06, 0x05, 0x07, 0x06, 0x05, 0x06, 0x0c, 0x07, 0x06, 0x0c,
    0x07, 0x06, 0x05, 0x0c, 0x07, 0x0c, 0x06, 0x07, 0x0c, 0x06, 0x07, 0x05,
    0x06, 0x07, 0x0c, 0x07, 0x06, 0x0c, 0x07, 0x06, 0x05, 0x07, 0x06, 0x05,
    0x06, 0x06, 0x05, 0x0c, 0x06, 0x07, 0x0c, 0x07, 0x06, 0x0c, 0x07, 0x0c,
    0x06, 0x07, 0x07, 0x0c, 0x07, 0x06, 0x0c, 0x07, 0x07, 0x0c, 0x07, 0x06,
    0x05, 0x0c, 0x07, 0x05, 0x07, 0x0c, 0x07, 0x0c, 0x06, 0x05, 0x06, 0x07,
    0x0c, 0x06, 0x07, 0x05, 0x06, 0x07, 0x05, 0x06, 0x05, 0x07, 0x06, 0x0c,
    0x07, 0x0c, 0x07, 0x06, 0x0c, 0x07, 0x05, 0x06, 0x05, 0x06, 0x05, 0x06,
    0x06, 0x05, 0x06, 0x1c, 0x05, 0x06, 0x06, 0x05, 0x06, 0x05, 0x07, 0x06,
    0x05, 0x06, 0x07, 0x05, 0x06, 0x07, 0x0c, 0x06, 0x07, 0x0c, 0x05, 0x06,
    0x06, 0x05, 0x06, 0x06, 0x05, 0x07, 0x06, 0x0c, 0x07, 0x06, 0x05, 0x06,
    0x06, 0x07, 0x05, 0x06, 0x07, 0x0c, 0x07, 0x06, 0x05, 0x06, 0x07, 0x0c,
    0x06, 0x05, 0x07, 0x06, 0x0c, 0x07, 0x06, 0x07, 0x0c, 0x06, 0x07, 0x06,
    0x07, 0x0c, 0x06, 0x05, 0x07, 0x06, 0x0c, 0x07, 0x0c, 0x07, 0x07, 0x0c,
    0x05, 0x06, 0x05, 0x06, 0x06, 0x05, 0x06, 0x05, 0x07, 0x06, 0x05, 0x06,
    0x0c, 0x07, 0x0c, 0x06, 0x07, 0x0c, 0x07, 0x07, 0x0c, 0x07, 0x06, 0x0c,
    0x07, 0x0c, 0x07, 0x06, 0x05, 0x06, 0x07, 0x05, 0x06, 0x07, 0x05, 0x06,
    0x07, 0x05, 0x06, 0x07, 0x0c, 0x07, 0x06, 0x0c, 0x07, 0x06, 0x05, 0x07,
    0x06, 0x05, 0x07, 0x06, 0x05, 0x06, 0x07, 0x0c, 0x07, 0x07, 0x0c, 0x07,
    0x05, 0x06, 0x06, 0x05, 0x06, 0x07, 0x0c, 0x07, 0x05, 0x06, 0x05, 0x06,
    0x06, 0x05, 0x06, 0x05, 0x05, 0x06, 0x07, 0x05, 0x06, 0x07, 0x0c, 0x07,
    0x06, 0x05, 0x07, 0x06, 0x05, 0x0c, 0x07, 0x0c, 0x07, 0x07, 0x0c, 0x05,
    0x06, 0x06, 0x05, 0x06, 0x07, 0x0c, 0x06, 0x06, 0x07, 0x0c, 0x07, 0x07,
    0x06, 0x05, 0x06, 0x05, 0x07, 0x0c, 0x06, 0x05, 0x06, 0x0c, 0x07, 0x06,
    0x0c, 0x07, 0x07, 0x0c, 0x07, 0x06, 0x05, 0x07, 0x06, 0x05, 0x06, 0x06,
    0x05, 0x06, 0x07, 0x05, 0x06, 0x07, 0x0c, 0x06, 0x1e, 0x07, 0x05, 0x06,
    0x07, 0x0c, 0x06, 0x05, 0x07, 0x0c, 0x06, 0x05, 0x06, 0x05, 0x07, 0x0c,
    0x07, 0x07, 0x0c, 0x06, 0x07, 0x05, 0x06, 0x07, 0x0c, 0x07, 0x06, 0x05,
    0x07, 0x06, 0x05, 0x0c, 0x07, 0x06, 0x05, 0x06, 0x07, 0x05, 0x06, 0x06,
    0x05, 0x07, 0x06, 0x05, 0x07, 0x06, 0x0c, 0x07, 0x07, 0x0c, 0x07, 0x07,
    0x0c, 0x07, 0x05, 0x06, 0x05, 0x06, 0x07, 0x0c, 0x06, 0x07, 0x0c, 0x07,
    0x0c, 0x06, 0x07, 0x0c, 0x07, 0x06, 0x07, 0x0c, 0x07, 0x07, 0x0c, 0x06,
    0x07, 0x0c, 0x07, 0x07, 0x0c, 0x07, 0x07, 0x0c, 0x07, 0x0c, 0x06, 0x07,
    0x0c, 0x07, 0x05, 0x06, 0x07, 0x0c, 0x06, 0x07, 0x05, 0x0c, 0x06, 0x07,
    0x0c, 0x06, 0x05, 0x06, 0x0c, 0x07, 0x0c, 0x07, 0x05, 0x06, 0x05, 0x05,
    0x06, 0x06, 0x05, 0x06, 0x06, 0x05, 0x06, 0x06, 0x05, 0x07, 0x0c, 0x06,
    0x07, 0x06, 0x0c, 0x07, 0x06, 0x05, 0x07, 0x0c, 0x05, 0x06, 0x07, 0x0c,
    0x06, 0x07, 0x05, 0x06, 0x05, 0x07, 0x06, 0x0c, 0x07, 0x06, 0x0c, 0x07,
    0x06, 0x07, 0x0c, 0x07, 0x06, 0x05, 0x06, 0x06, 0x07, 0x07, 0x06, 0x0c,
    0x07, 0x06, 0x0c, 0x07, 0x07, 0x0c, 0x07, 0x06, 0x05, 0x07, 0x06, 0x05,
    0x07, 0x06, 0x0c, 0x07, 0x0c, 0x07, 0x07, 0x0c, 0x06, 0x07, 0x07, 0x0c,
    0x07, 0x07, 0x0c, 0x07, 0x07, 0x0c, 0x06, 0x05, 0x0c, 0x07, 0x06, 0x0c,
    0x07, 0x0c, 0x07, 0x07, 0x0c, 0x07, 0x06, 0x0c, 0x07, 0x0c, 0x07, 0x07,
    0x0c, 0x1c, 0x06, 0x05, 0x07, 0x06, 0x05, 0x06, 0x06, 0x05, 0x06, 0x07,
    0x06, 0x0c, 0x07, 0x06, 0x0c, 0x07, 0x07, 0x0c, 0x07, 0x07, 0x0c, 0x07,
    0x0c, 0x07, 0x06, 0x0c, 0x07, 0x06, 0x05, 0x06, 0x07, 0x05, 0x06, 0x0c,
    0x07, 0x0c, 0x0c, 0x07, 0x07, 0x0c, 0x06, 0x05, 0x06, 0x07, 0x0c, 0x07,
    0x0c, 0x06, 0x05, 0x06, 0x0c, 0x07, 0x06, 0x05, 0x06, 0x0c, 0x07, 0x07,
    0x05, 0x06, 0x05, 0x07, 0x06, 0x05, 0x07, 0x0c, 0x06, 0x07, 0x0c, 0x07,
    0x06, 0x05, 0x07, 0x06, 0x05, 0x06, 0x0c, 0x07, 0x06, 0x0c, 0x07, 0x06,
    0x05, 0x07, 0x06, 0x05, 0x06, 0x06, 0x05, 0x06, 0x05, 0x07, 0x0c, 0x07,
    0x06, 0x05, 0x06, 0x07, 0x05, 0x06, 0x07, 0x05, 0x06, 0x07, 0x0c, 0x06,
    0x07, 0x0c, 0x06, 0x07, 0x07, 0x0c, 0x07, 0x05, 0x06, 0x05, 0x07, 0x0c,
    0x06, 0x07, 0x0c, 0x07, 0x05, 0x06, 0x05, 0x07, 0x06, 0x0c, 0x07, 0x06,
    0x07, 0x0c, 0x07, 0x07, 0x0c, 0x06, 0x07, 0x06, 0x0c, 0x07, 0x05, 0x06,
    0x07, 0x06, 0x07, 0x05, 0x0c, 0x06, 0x05, 0x07, 0x0c, 0x07, 0x0c, 0x05,
    0x06, 0x05, 0x0c, 0x07, 0x07, 0x0c, 0x07, 0x0c, 0x07, 0x06, 0x05, 0x06,
    0x07, 0x0c, 0x06, 0x07, 0x05, 0x0c, 0x07, 0x07, 0x0c, 0x06, 0x05, 0x06,
    0x07, 0x0c, 0x06, 0x05, 0x06, 0x06, 0x05, 0x06, 0x0c, 0x07, 0x07, 0x0c,
    0x06, 0x07, 0x05, 0x06, 0x07, 0x0c, 0x06, 0x07, 0x0c, 0x07, 0x07, 0x0c,
    0x07, 0x06, 0x0c, 0x07, 0x06, 0x05, 0x03, 0x06, 0x0c, 0x07, 0x0c, 0x07,
    0x07, 0x0c, 0x07, 0x07, 0x0c, 0x07, 0x07, 0x0c, 0x07, 0x06, 0x0c, 0x07,
    0x0c, 0x06, 0x07, 0x0c, 0x06, 0x07, 0x05, 0x06, 0x05, 0x06, 0x05, 0x06,
    0x06, 0x05, 0x06, 0x07, 0x07, 0x0c, 0x07, 0x06, 0x05, 0x07, 0x06, 0x05,
    0x06, 0x0c, 0x07, 0x07, 0x0c, 0x07, 0x07, 0x06, 0x05, 0x07, 0x06, 0x0c,
    0x07, 0x07, 0x0c, 0x06, 0x05, 0x06, 0x06, 0x05, 0x06, 0x06, 0x05, 0x07,
    0x06, 0x05, 0x06, 0x05, 0x06, 0x06, 0x05, 0x06, 0x05, 0x07, 0x06, 0x05,
    0x07, 0x0c, 0x07, 0x06, 0x0c, 0x07, 0x06, 0x05, 0x05, 0x06, 0x07, 0x0c,
    0x06, 0x07, 0x0c, 0x07, 0x0c, 0x07, 0x06, 0x05, 0x06, 0x0c, 0x07, 0x06,
    0x0c, 0x07, 0x07, 0x0c, 0x07, 0x07, 0x0c, 0x06, 0x07, 0x0c, 0x06, 0x07,
    0x06, 0x0c, 0x07, 0x06, 0x05, 0x07, 0x06, 0x0c, 0x07, 0x06, 0x0c, 0x07,
    0x07, 0x0c, 0x07, 0x0c, 0x06, 0x07, 0x0c, 0x06, 0x07, 0x05, 0x0c, 0x07,
    0x05, 0x06, 0x06, 0x05, 0x0c, 0x07, 0x0c, 0x06, 0x07, 0x07, 0x0c, 0x06,
    0x07, 0x0c, 0x06, 0x07, 0x07, 0x0c, 0x06, 0x07, 0x0c, 0x06, 0x07, 0x0c,
    0x07, 0x06, 0x0c, 0x07, 0x05, 0x06, 0x05, 0x06, 0x06, 0x05, 0x06, 0x06,
    0x05, 0x06, 0x07, 0x0c, 0x06, 0x07, 0x05, 0x06, 0x07, 0x05, 0x06, 0x07,
    0x05, 0x06, 0x0c, 0x07, 0x07, 0x06, 0x07, 0x0c, 0x07, 0x07, 0x0c, 0x07,
    0x0c, 0x06, 0x05, 0x06, 0x05, 0x07, 0x06, 0x05, 0x06, 0x05, 0x06, 0x1c,
    0x07, 0x07, 0x0c, 0x06, 0x07, 0x0c, 0x06, 0x07, 0x0c, 0x0c, 0x07, 0x06,
    0x05, 0x07, 0x0c, 0x07, 0x07, 0x0c, 0x07, 0x0c, 0x07, 0x06, 0x05, 0x06,
    0x07, 0x05, 0x06, 0x07, 0x05, 0x06, 0x0c, 0x07, 0x0c, 0x06, 0x07, 0x07,
    0x06, 0x0c, 0x06, 0x07, 0x05, 0x06, 0x07, 0x0c, 0x06, 0x07, 0x0c, 0x07,
    0x0c, 0x06, 0x07, 0x05, 0x0c, 0x07, 0x07, 0x0c, 0x07, 0x06, 0x05, 0x07,
    0x06, 0x05, 0x06, 0x06, 0x05, 0x06, 0x07, 0x05, 0x06, 0x05, 0x07, 0x06,
    0x0c, 0x07, 0x06, 0x0c, 0x07, 0x06, 0x05, 0x07, 0x0c, 0x07, 0x06, 0x0c,
    0x07, 0x06, 0x05, 0x07, 0x06, 0x05, 0x06, 0x06, 0x07, 0x05, 0x06, 0x07,
    0x0c, 0x07, 0x07, 0x0c, 0x07, 0x0c, 0x07, 0x06, 0x0c, 0x07, 0x05, 0x06,
    0x07, 0x05, 0x0c, 0x07, 0x07, 0x0c, 0x07, 0x06, 0x0c, 0x07, 0x05, 0x06,
    0x07, 0x05, 0x06, 0x07, 0x0c, 0x06, 0x07, 0x05, 0x06, 0x05, 0x07, 0x06,
    0x0c, 0x07, 0x06, 0x07, 0x0c, 0x07, 0x07, 0x06, 0x06, 0x07, 0x05, 0x06,
    0x0c, 0x07, 0x07, 0x0c, 0x07, 0x07, 0x0c, 0x07, 0x06, 0x05, 0x07, 0x06,
    0x07, 0x05, 0x06, 0x07, 0x05, 0x06, 0x05, 0x07, 0x06, 0x0c, 0x07, 0x07,
    0x0c, 0x07, 0x07, 0x0c, 0x07, 0x06, 0x05, 0x07, 0x06, 0x05, 0x07, 0x0c,
    0x06, 0x07, 0x0c, 0x06, 0x07, 0x05, 0x06, 0x06, 0x05, 0x0c, 0x07, 0x0c,
    0x06, 0x05, 0x06, 0x07, 0x05, 0x06, 0x07, 0x0c, 0x06, 0x07, 0x0c, 0x07,
    0x07, 0x0c, 0x07, 0x06, 0x1c, 0x05, 0x06, 0x07, 0x05, 0x06, 0x05, 0x07,
    0x06, 0x05, 0x07, 0x06, 0x0c, 0x07, 0x06, 0x0c, 0x07, 0x06, 0x05, 0x06,
    0x07, 0x05, 0x06, 0x0c, 0x07, 0x06, 0x0c, 0x07, 0x06, 0x05, 0x07, 0x06,
    0x05, 0x07, 0x0c, 0x0c, 0x07, 0x05, 0x06, 0x05, 0x06, 0x06, 0x05, 0x07,
    0x0c, 0x07, 0x0c, 0x06, 0x05, 0x07, 0x0c, 0x06, 0x07, 0x0c, 0x06, 0x06,
    0x05, 0x07, 0x06, 0x0c, 0x07, 0x0c, 0x05, 0x07, 0x06, 0x05, 0x06, 0x06,
    0x05, 0x06, 0x06, 0x05, 0x06, 0x05, 0x06, 0x05, 0x07, 0x06, 0x0c, 0x07,
    0x06, 0x05, 0x07, 0x0c, 0x07, 0x06, 0x0c, 0x07, 0x06, 0x05, 0x07, 0x0c,
    0x07, 0x0c, 0x06, 0x07, 0x0c, 0x06, 0x07, 0x0c, 0x07, 0x06, 0x05, 0x07,
    0x0c, 0x07, 0x06, 0x0c, 0x07, 0x06, 0x0c, 0x07, 0x06, 0x0c, 0x05, 0x07,
    0x06, 0x05, 0x06, 0x06, 0x05, 0x06, 0x0c, 0x07, 0x05, 0x0c, 0x06, 0x07,
    0x0c, 0x06, 0x07, 0x05, 0x06, 0x05, 0x05, 0x06, 0x06, 0x05, 0x06, 0x05,
    0x05, 0x06, 0x07, 0x0c, 0x07, 0x07, 0x0c, 0x06, 0x05, 0x06, 0x06, 0x05,
    0x06, 0x0c, 0x07, 0x0c, 0x06, 0x05, 0x06, 0x0c, 0x07, 0x06, 0x0c, 0x07,
    0x06, 0x0c, 0x07, 0x06, 0x0c, 0x05, 0x06, 0x06, 0x05, 0x06, 0x07, 0x0c,
    0x06, 0x05, 0x06, 0x06, 0x05, 0x07, 0x0c, 0x07, 0x0c, 0x06, 0x07, 0x05,
    0x06, 0x07, 0x0c, 0x07, 0x07, 0x0c, 0x06, 0x05, 0x06, 0x06, 0x05, 0x07,
    0x06, 0x05, 0x06, 0x0c, 0x07, 0x06, 0x0c, 0x07, 0x07, 0x1d, 0x06, 0x05,
    0x06, 0x06, 0x05, 0x06, 0x05, 0x06, 0x06, 0x05, 0x07, 0x0c, 0x07, 0x07,
    0x0c, 0x06, 0x05, 0x06, 0x06, 0x05, 0x06, 0x07, 0x05, 0x06, 0x05, 0x06,
    0x05, 0x06, 0x06, 0x05, 0x06, 0x06, 0x07, 0x07, 0x0c, 0x06, 0x07, 0x05,
    0x06, 0x05, 0x06, 0x07, 0x0c, 0x07, 0x07, 0x0c, 0x07, 0x06, 0x05, 0x07,
    0x06, 0x05, 0x07, 0x06, 0x05, 0x06, 0x0c, 0x07, 0x07, 0x0c, 0x06, 0x07,
    0x0c, 0x07, 0x05, 0x06, 0x05, 0x07, 0x06, 0x05, 0x06, 0x07, 0x05, 0x06,
    0x06, 0x05, 0x07, 0x0c, 0x06, 0x07, 0x0c, 0x06, 0x07, 0x05, 0x06, 0x05,
    0x06, 0x0c, 0x07, 0x06, 0x05, 0x07, 0x06, 0x05, 0x07, 0x0c, 0x07, 0x0c,
    0x07, 0x06, 0x0c, 0x07, 0x06, 0x05, 0x07, 0x06, 0x05, 0x07, 0x06, 0x05,
    0x07, 0x06, 0x0c, 0x07, 0x06, 0x05, 0x07, 0x06, 0x05, 0x07, 0x06, 0x0c,
    0x07, 0x06, 0x07, 0x05, 0x06, 0x07, 0x0c, 0x06, 0x07, 0x0c, 0x07, 0x06,
    0x05, 0x07, 0x06, 0x0c, 0x06, 0x05, 0x06, 0x0c, 0x07, 0x06, 0x05, 0x06,
    0x07, 0x05, 0x06, 0x05, 0x07, 0x06, 0x07, 0x05, 0x06, 0x05, 0x07, 0x06,
    0x05, 0x07, 0x06, 0x05, 0x07, 0x06, 0x05, 0x07, 0x06, 0x05, 0x07, 0x06,
    0x05, 0x06, 0x05, 0x07, 0x06, 0x05, 0x07, 0x06, 0x0c, 0x07, 0x06, 0x05,
    0x07, 0x07, 0x0c, 0x06, 0x05, 0x07, 0x06, 0x0c, 0x07, 0x07, 0x0c, 0x07,
    0x07, 0x0c, 0x06, 0x05, 0x06, 0x07, 0x05, 0x06, 0x07, 0x05, 0x06, 0x0c,
    0x07, 0x06, 0x1d, 0x07, 0x05, 0x06, 0x07, 0x0c, 0x07, 0x06, 0x05, 0x06,
    0x06, 0x05, 0x06, 0x0c, 0x07, 0x07, 0x0c, 0x07, 0x07, 0x0c, 0x05, 0x06,
    0x06, 0x05, 0x06, 0x07, 0x05, 0x06, 0x05, 0x06, 0x05, 0x05, 0x06, 0x0c,
    0x07, 0x07, 0x0c, 0x06, 0x07, 0x0c, 0x07, 0x05, 0x06, 0x06, 0x05, 0x06,
    0x07, 0x0c, 0x06, 0x07, 0x0c, 0x06, 0x05, 0x06, 0x07, 0x05, 0x06, 0x07,
    0x0c, 0x07, 0x07, 0x06, 0x07, 0x0c, 0x06, 0x07, 0x0c, 0x06, 0x07, 0x0c,
    0x05, 0x06, 0x06, 0x05, 0x06, 0x06, 0x05, 0x07, 0x06, 0x05, 0x07, 0x0c,
    0x06, 0x07, 0x0c, 0x07, 0x07, 0x0c, 0x07, 0x06, 0x0c, 0x07, 0x06, 0x0c,
    0x07, 0x06, 0x05, 0x07, 0x06, 0x05, 0x07, 0x0c, 0x06, 0x07, 0x0c, 0x06,
    0x05, 0x06, 0x0c, 0x07, 0x06, 0x05, 0x07, 0x06, 0x05, 0x06, 0x0c, 0x07,
    0x0c, 0x0c, 0x07, 0x07, 0x05, 0x06, 0x06, 0x05, 0x06, 0x05, 0x07, 0x0c,
    0x07, 0x06, 0x05, 0x06, 0x06, 0x05, 0x06, 0x07, 0x07, 0x06, 0x07, 0x05,
    0x06, 0x07, 0x0c, 0x0c, 0x07, 0x06, 0x0c, 0x07, 0x06, 0x0c, 0x07, 0x0c,
    0x06, 0x07, 0x06, 0x0c, 0x07, 0x06, 0x0c, 0x05, 0x06, 0x0c, 0x07, 0x0c,
    0x07, 0x06, 0x05, 0x06, 0x07, 0x05, 0x06, 0x06, 0x05, 0x06, 0x0c, 0x07,
    0x05, 0x07, 0x06, 0x0c, 0x06, 0x07, 0x0c, 0x07, 0x06, 0x0c, 0x07, 0x06,
    0x05, 0x06, 0x06, 0x05, 0x06, 0x07, 0x05, 0x06, 0x07, 0x0c, 0x06, 0x07,
    0x0c, 0x06, 0x07, 0x05, 0x06, 0x05, 0x07, 0x1c, 0x07, 0x0c, 0x07, 0x0c,
    0x07, 0x06, 0x05, 0x05, 0x06, 0x07, 0x05, 0x06, 0x06, 0x05, 0x06, 0x05,
    0x06, 0x07, 0x05, 0x06, 0x07, 0x05, 0x06, 0x06, 0x05, 0x06, 0x06, 0x07,
    0x07, 0x06, 0x07, 0x05, 0x06, 0x0c, 0x07, 0x05, 0x06, 0x06, 0x05, 0x06,
    0x06, 0x05, 0x07, 0x0c, 0x06, 0x07, 0x05, 0x06, 0x07, 0x0c, 0x07, 0x06,
    0x0c, 0x07, 0x06, 0x05, 0x06, 0x0c, 0x05, 0x06, 0x05, 0x05, 0x06, 0x07,
    0x0c, 0x07, 0x07, 0x0c, 0x07, 0x06, 0x05, 0x07, 0x06, 0x05, 0x07, 0x0c,
    0x06, 0x07, 0x0c, 0x07, 0x07, 0x0c, 0x07, 0x06, 0x0c, 0x07, 0x07, 0x0c,
    0x07, 0x05, 0x06, 0x05, 0x07, 0x06, 0x0c, 0x07, 0x06, 0x0c, 0x07, 0x07,
    0x0c, 0x07, 0x05, 0x06, 0x07, 0x05, 0x06, 0x07, 0x0c, 0x06, 0x05, 0x06,
    0x07, 0x05, 0x06, 0x07, 0x07, 0x06, 0x06, 0x05, 0x06, 0x06, 0x05, 0x07,
    0x06, 0x0c, 0x07, 0x06, 0x05, 0x07, 0x0c, 0x07, 0x07, 0x0c, 0x06, 0x05,
    0x0c, 0x07, 0x0c, 0x06, 0x07, 0x05, 0x06, 0x07, 0x07, 0x0c, 0x07, 0x06,
    0x05, 0x07, 0x06, 0x05, 0x07, 0x0c, 0x07, 0x05, 0x06, 0x05, 0x06, 0x07,
    0x07, 0x06, 0x05, 0x06, 0x07, 0x0c, 0x07, 0x0c, 0x06, 0x07, 0x0c, 0x06,
    0x07, 0x05, 0x06, 0x06, 0x05, 0x06, 0x06, 0x05, 0x05, 0x06, 0x06, 0x05,
    0x07, 0x06, 0x05, 0x06, 0x05, 0x07, 0x0c, 0x07, 0x0c, 0x06, 0x05, 0x06,
    0x07, 0x05, 0x0c, 0x07, 0x07, 0x0c, 0x0c, 0x07, 0x06, 0x05, 0x06, 0x06,
    0x1c, 0x06, 0x07, 0x0c, 0x07, 0x06, 0x0c, 0x07, 0x06, 0x0c, 0x07, 0x07,
    0x0c, 0x07, 0x07, 0x0c, 0x06, 0x05, 0x06, 0x06, 0x05, 0x06, 0x05, 0x06,
    0x07, 0x05, 0x06, 0x05, 0x0c, 0x06, 0x0c, 0x06, 0x07, 0x05, 0x06, 0x06,
    0x05, 0x07, 0x06, 0x05, 0x07, 0x06, 0x05, 0x06, 0x07, 0x0c, 0x07, 0x0c,
    0x07, 0x0c, 0x07, 0x07, 0x0c, 0x07, 0x0c, 0x07, 0x06, 0x05, 0x07, 0x06,
    0x06, 0x05, 0x06, 0x07, 0x0c, 0x07, 0x06, 0x0c, 0x07, 0x06, 0x05, 0x06,
    0x07, 0x0c, 0x07, 0x07, 0x0c, 0x06, 0x05, 0x06, 0x06, 0x05, 0x05, 0x06,
    0x07, 0x0c, 0x06, 0x07, 0x0c, 0x06, 0x07, 0x0c, 0x06, 0x07, 0x0c, 0x05,
    0x07, 0x06, 0x0c, 0x07, 0x06, 0x0c, 0x07, 0x06, 0x0c, 0x07, 0x06, 0x05,
    0x07, 0x06, 0x05, 0x06, 0x0c, 0x07, 0x06, 0x0c, 0x05, 0x06, 0x07, 0x05,
    0x06, 0x05, 0x06, 0x05, 0x07, 0x06, 0x05, 0x06, 0x06, 0x05, 0x06, 0x06,
    0x05, 0x07, 0x06, 0x07, 0x05, 0x06, 0x06, 0x05, 0x0c, 0x06, 0x05, 0x06,
    0x06, 0x05, 0x07, 0x0c, 0x07, 0x0c, 0x07, 0x06, 0x0c, 0x07, 0x06, 0x0c,
    0x07, 0x07, 0x0c, 0x07, 0x0c, 0x06, 0x07, 0x05, 0x06, 0x06, 0x05, 0x07,
    0x06, 0x05, 0x06, 0x05, 0x07, 0x0c, 0x07, 0x07, 0x0c, 0x07, 0x06, 0x0c,
    0x07, 0x07, 0x05, 0x06, 0x05, 0x06, 0x05, 0x07, 0x06, 0x0c, 0x07, 0x06,
    0x05, 0x07, 0x06, 0x0c, 0x07, 0x06, 0x0c, 0x07, 0x06, 0x05, 0x07, 0x06,
    0x05, 0x06, 0x07, 0x0c, 0x06, 0x1e, 0x05, 0x06, 0x05, 0x07, 0x0c, 0x07,
    0x07, 0x06, 0x05, 0x06, 0x06, 0x05, 0x06, 0x07, 0x0c, 0x07, 0x07, 0x0c,
    0x07, 0x06, 0x0c, 0x07, 0x0c, 0x06, 0x07, 0x0c, 0x07, 0x07, 0x0c, 0x07,
    0x05, 0x06, 0x07, 0x05, 0x06, 0x06, 0x05, 0x06, 0x0c, 0x07, 0x06, 0x0c,
    0x07, 0x06, 0x05, 0x06, 0x07, 0x0c, 0x06, 0x07, 0x0c, 0x07, 0x07, 0x0c,
    0x06, 0x07, 0x0c, 0x07, 0x06, 0x05, 0x06, 0x06, 0x05, 0x06, 0x07, 0x05,
    0x0c, 0x07, 0x06, 0x0c, 0x07, 0x0c, 0x0c, 0x06, 0x07, 0x05, 0x06, 0x07,
    0x05, 0x06, 0x06, 0x05, 0x06, 0x05, 0x07, 0x0c, 0x07, 0x07, 0x0c, 0x07,
    0x07, 0x0c, 0x07, 0x06, 0x0c, 0x07, 0x05, 0x06, 0x05, 0x06, 0x07, 0x05,
    0x06, 0x05, 0x06, 0x06, 0x05, 0x06, 0x07, 0x05, 0x06, 0x07, 0x05, 0x06,
    0x07, 0x0c, 0x06, 0x05, 0x06, 0x07, 0x0c, 0x07, 0x06, 0x0c, 0x07, 0x05,
    0x06, 0x07, 0x05, 0x06, 0x06, 0x05, 0x0c, 0x06, 0x07, 0x0c, 0x07, 0x07,
    0x07, 0x07, 0x0c, 0x07, 0x05, 0x0c, 0x06, 0x07, 0x06, 0x0c, 0x07, 0x0c,
    0x07, 0x07, 0x0c, 0x07, 0x06, 0x0c, 0x07, 0x06, 0x05, 0x06, 0x0c, 0x05,
    0x06, 0x07, 0x0c, 0x07, 0x06, 0x05, 0x06, 0x07, 0x0c, 0x06, 0x07, 0x0c,
    0x06, 0x05, 0x07, 0x05, 0x06, 0x06, 0x05, 0x06, 0x07, 0x06, 0x0c, 0x07,
    0x06, 0x05, 0x06, 0x06, 0x05, 0x06, 0x07, 0x05, 0x06, 0x07, 0x0c, 0x07,
    0x06, 0x0c, 0x07, 0x06, 0x07, 0x0c, 0x07, 0x07, 0x0c, 0x07, 0x1c, 0x07,
    0x0c, 0x06, 0x07, 0x0c, 0x06, 0x05, 0x05, 0x06, 0x05, 0x06, 0x05, 0x06,
    0x0c, 0x07, 0x06, 0x0c, 0x07, 0x05, 0x06, 0x07, 0x07, 0x0c, 0x07, 0x06,
    0x0c, 0x07, 0x07, 0x06, 0x05, 0x06, 0x06, 0x0c, 0x07, 0x07, 0x0c, 0x07,
    0x07, 0x0c, 0x07, 0x05, 0x06, 0x05, 0x07, 0x06, 0x05, 0x07, 0x06, 0x05,
    0x06, 0x0c, 0x07, 0x06, 0x05, 0x07, 0x0c, 0x07, 0x06, 0x05, 0x07, 0x06,
    0x05, 0x07, 0x0c, 0x06, 0x07, 0x0c, 0x07, 0x07, 0x0c, 0x07, 0x07, 0x07,
    0x0c, 0x06, 0x07, 0x0c, 0x06, 0x05, 0x07, 0x06, 0x06, 0x05, 0x06, 0x07,
    0x0c, 0x06, 0x05, 0x06, 0x06, 0x05, 0x07, 0x0c, 0x07, 0x06, 0x0c, 0x07,
    0x07, 0x0c, 0x07, 0x0c, 0x06, 0x07, 0x05, 0x06, 0x05, 0x06, 0x0c, 0x07,
    0x06, 0x0c, 0x07, 0x0c, 0x07, 0x07, 0x06, 0x05, 0x06, 0x07, 0x0c, 0x07,
    0x06, 0x05, 0x06, 0x06, 0x05, 0x06, 0x0c, 0x07, 0x05, 0x06, 0x07, 0x0c,
    0x07, 0x0c, 0x06, 0x05, 0x0c, 0x06, 0x07, 0x06, 0x06, 0x07, 0x05, 0x06,
    0x07, 0x05, 0x06, 0x07, 0x0c, 0x06, 0x07, 0x0c, 0x07, 0x07, 0x0c, 0x06,
    0x07, 0x05, 0x07, 0x06, 0x05, 0x07, 0x06, 0x05, 0x06, 0x0c, 0x05, 0x06,
    0x07, 0x05, 0x06, 0x07, 0x0c, 0x06, 0x07, 0x0c, 0x07, 0x07, 0x0c, 0x06,
    0x05, 0x06, 0x05, 0x07, 0x06, 0x0c, 0x05, 0x07, 0x06, 0x05, 0x06, 0x06,
    0x05, 0x07, 0x0c, 0x07, 0x07, 0x0c, 0x07, 0x0c, 0x0c, 0x07, 0x06, 0x0c,
    0x07, 0x06, 0x0c, 0x1c, 0x07, 0x06, 0x05, 0x06, 0x07, 0x0c, 0x06, 0x07,
    0x06, 0x07, 0x05, 0x06, 0x07, 0x05, 0x06, 0x05, 0x06, 0x07, 0x0c, 0x0c,
    0x07, 0x06, 0x05, 0x07, 0x0c, 0x07, 0x0c, 0x06, 0x05, 0x06, 0x07, 0x05,
    0x06, 0x0c, 0x07, 0x0c, 0x06, 0x07, 0x0c, 0x06, 0x07, 0x0c, 0x06, 0x05,
    0x06, 0x0c, 0x07, 0x06, 0x05, 0x07, 0x06, 0x05, 0x06, 0x06, 0x05, 0x06,
    0x07, 0x0c, 0x0c, 0x07, 0x06, 0x0c, 0x07, 0x06, 0x05, 0x06, 0x06, 0x05,
    0x06, 0x07, 0x0c, 0x06, 0x07, 0x05, 0x06, 0x07, 0x05, 0x06, 0x06, 0x05,
    0x05, 0x06, 0x07, 0x0c, 0x06, 0x07, 0x05, 0x06, 0x07, 0x0c, 0x06, 0x07,
    0x0c, 0x07, 0x07, 0x0c, 0x06, 0x07, 0x0c, 0x07, 0x06, 0x0c, 0x07, 0x06,
    0x05, 0x07, 0x06, 0x05, 0x06, 0x05, 0x07, 0x06, 0x0c, 0x05, 0x06, 0x05,
    0x07, 0x06, 0x05, 0x0c, 0x06, 0x07, 0x05, 0x06, 0x07, 0x05, 0x06, 0x06,
    0x05, 0x06, 0x07, 0x0c, 0x07, 0x07, 0x06, 0x07, 0x07, 0x0c, 0x0c, 0x07,
    0x05, 0x0c, 0x06, 0x07, 0x0c, 0x06, 0x05, 0x07, 0x06, 0x05, 0x07, 0x0c,
    0x06, 0x05, 0x07, 0x0c, 0x07, 0x0c, 0x06, 0x07, 0x06, 0x0c, 0x07, 0x0c,
    0x07, 0x07, 0x06, 0x07, 0x0c, 0x06, 0x07, 0x0c, 0x07, 0x05, 0x06, 0x07,
    0x0c, 0x06, 0x05, 0x07, 0x06, 0x05, 0x06, 0x06, 0x05, 0x07, 0x06, 0x07,
    0x0c, 0x07, 0x05, 0x06, 0x0c, 0x07, 0x06, 0x0c, 0x07, 0x0c, 0x07, 0x07,
    0x06, 0x05, 0x07, 0x06, 0x05, 0x05, 0x06, 0x07, 0x03, 0x0c, 0x07, 0x07,
    0x0c, 0x07, 0x07, 0x0c, 0x06, 0x05, 0x06, 0x06, 0x05, 0x06, 0x07, 0x05,
    0x06, 0x07, 0x06, 0x07, 0x05, 0x06, 0x0c, 0x07, 0x06, 0x05, 0x07, 0x06,
    0x05, 0x06, 0x07, 0x0c, 0x07, 0x07, 0x0c, 0x07, 0x07, 0x0c, 0x07, 0x07,
    0x0c, 0x07, 0x07, 0x0c, 0x07, 0x06, 0x05, 0x06, 0x0c, 0x07, 0x06, 0x05,
    0x05, 0x06, 0x07, 0x0c, 0x07, 0x06, 0x05, 0x07, 0x06, 0x05, 0x07, 0x06,
    0x05, 0x07, 0x0c, 0x07, 0x0c, 0x07, 0x06, 0x05, 0x0c, 0x06, 0x07, 0x0c,
    0x06, 0x05, 0x07, 0x06, 0x0c, 0x07, 0x07, 0x0c, 0x07, 0x07, 0x0c, 0x07,
    0x06, 0x05, 0x05, 0x06, 0x06, 0x05, 0x06, 0x07, 0x05, 0x06, 0x06, 0x05,
    0x07, 0x07, 0x0c, 0x07, 0x06, 0x0c, 0x07, 0x06, 0x05, 0x06, 0x06, 0x05,
    0x06, 0x07, 0x06, 0x0c, 0x07, 0x06, 0x0c, 0x07, 0x07, 0x0c, 0x07, 0x0c,
    0x06, 0x05, 0x07, 0x06, 0x05, 0x07, 0x06, 0x0c, 0x07, 0x0c, 0x0c, 0x07,
    0x0c, 0x07, 0x07, 0x06, 0x07, 0x0c, 0x07, 0x07, 0x0c, 0x07, 0x06, 0x0c,
    0x07, 0x0c, 0x06, 0x07, 0x05, 0x06, 0x06, 0x05, 0x06, 0x07, 0x05, 0x06,
    0x05, 0x07, 0x06, 0x0c, 0x07, 0x0c, 0x0c, 0x07, 0x07, 0x0c, 0x07, 0x0c,
    0x06, 0x07, 0x0c, 0x07, 0x07, 0x0c, 0x06, 0x07, 0x0c, 0x07, 0x07, 0x0c,
    0x06, 0x05, 0x0c, 0x07, 0x06, 0x0c, 0x07, 0x06, 0x05, 0x07, 0x06, 0x05,
    0x06, 0x06, 0x05, 0x06, 0x06, 0x05, 0x06, 0x07, 0x0c, 0x07, 0x06, 0x05,
    0x07, 0x1d, 0x07, 0x0c, 0x06, 0x05, 0x06, 0x07, 0x05, 0x06, 0x05, 0x07,
    0x06, 0x05, 0x06, 0x06, 0x05, 0x06, 0x0c, 0x05, 0x06, 0x07, 0x05, 0x06,
    0x06, 0x05, 0x06, 0x06, 0x05, 0x07, 0x06, 0x0c, 0x05, 0x06, 0x06, 0x05,
    0x06, 0x06, 0x05, 0x06, 0x05, 0x06, 0x06, 0x05, 0x07, 0x06, 0x05, 0x07,
    0x06, 0x05, 0x07, 0x06, 0x0c, 0x07, 0x06, 0x05, 0x07, 0x0c, 0x06, 0x07,
    0x0c, 0x06, 0x05, 0x06, 0x0c, 0x07, 0x06, 0x07, 0x05, 0x06, 0x05, 0x07,
    0x06, 0x05, 0x07, 0x06, 0x05, 0x06, 0x06, 0x05, 0x07, 0x06, 0x0c, 0x07,
    0x0c, 0x06, 0x05, 0x06, 0x06, 0x05, 0x06, 0x07, 0x05, 0x06, 0x05, 0x06,
    0x0c, 0x07, 0x05, 0x06, 0x0c, 0x07, 0x0c, 0x07, 0x05, 0x06, 0x05, 0x06,
    0x05, 0x07, 0x06, 0x05, 0x06, 0x05, 0x07, 0x06, 0x05, 0x07, 0x0c, 0x07,
    0x06, 0x05, 0x06, 0x07, 0x07, 0x0c, 0x06, 0x07, 0x0c, 0x07, 0x06, 0x05,
    0x07, 0x06, 0x07, 0x05, 0x06, 0x0c, 0x0c, 0x07, 0x06, 0x0c, 0x07, 0x06,
    0x0c, 0x07, 0x07, 0x0c, 0x07, 0x07, 0x0c, 0x06, 0x07, 0x05, 0x06, 0x07,
    0x0c, 0x06, 0x07, 0x0c, 0x06, 0x05, 0x07, 0x06, 0x05, 0x07, 0x06, 0x0c,
    0x07, 0x0c, 0x07, 0x07, 0x0c, 0x07, 0x06, 0x0c, 0x07, 0x0c, 0x07, 0x07,
    0x0c, 0x06, 0x07, 0x0c, 0x07, 0x07, 0x06, 0x0c, 0x07, 0x05, 0x06, 0x07,
    0x0c, 0x06, 0x07, 0x0c, 0x07, 0x07, 0x0c, 0x07, 0x05, 0x0c, 0x07, 0x06,
    0x0c, 0x07, 0x06, 0x0c, 0x07, 0x06, 0x1c, 0x07, 0x06, 0x05, 0x06, 0x06,
    0x05, 0x06, 0x06, 0x05, 0x06, 0x05, 0x06, 0x05, 0x06, 0x07, 0x05, 0x06,
    0x07, 0x0c, 0x06, 0x07, 0x05, 0x06, 0x05, 0x07, 0x06, 0x0c, 0x07, 0x07,
    0x0c, 0x07, 0x07, 0x0c, 0x07, 0x05, 0x06, 0x07, 0x0c, 0x06, 0x05, 0x06,
    0x0c, 0x07, 0x06, 0x0c, 0x07, 0x06, 0x05, 0x06, 0x07, 0x0c, 0x06, 0x07,
    0x0c, 0x07, 0x06, 0x05, 0x07, 0x06, 0x05, 0x07, 0x06, 0x05, 0x06, 0x0c,
    0x07, 0x06, 0x0c, 0x07, 0x06, 0x0c, 0x07, 0x06, 0x05, 0x07, 0x07, 0x0c,
    0x0c, 0x07, 0x07, 0x0c, 0x07, 0x07, 0x0c, 0x07, 0x07, 0x0c, 0x07, 0x06,
    0x0c, 0x07, 0x07, 0x06, 0x05, 0x06, 0x06, 0x07, 0x05, 0x06, 0x06, 0x07,
    0x0c, 0x06, 0x07, 0x07, 0x0c, 0x06, 0x07, 0x05, 0x06, 0x07, 0x0c, 0x06,
    0x05, 0x06, 0x06, 0x05, 0x06, 0x07, 0x0c, 0x06, 0x05, 0x07, 0x0c, 0x07,
    0x0c, 0x05, 0x06, 0x0c, 0x07, 0x0c, 0x06, 0x07, 0x07, 0x06, 0x07, 0x05,
    0x06, 0x05, 0x05, 0x06, 0x07, 0x0c, 0x07, 0x0c, 0x06, 0x07, 0x0c, 0x07,
    0x05, 0x06, 0x0c, 0x07, 0x07, 0x0c, 0x07, 0x05, 0x06, 0x06, 0x05, 0x06,
    0x06, 0x05, 0x07, 0x06, 0x07, 0x05, 0x06, 0x06, 0x05, 0x07, 0x0c, 0x07,
    0x07, 0x0c, 0x06, 0x07, 0x05, 0x0c, 0x07, 0x06, 0x0c, 0x05, 0x07, 0x06,
    0x07, 0x0c, 0x07, 0x06, 0x05, 0x07, 0x06, 0x05, 0x0c, 0x06, 0x05, 0x06,
    0x07, 0x06, 0x05, 0x07, 0x0c, 0x07, 0x07, 0x0c, 0x07, 0x06, 0x0c, 0x1e,
    0x05, 0x06, 0x07, 0x05, 0x06, 0x05, 0x07, 0x06, 0x05, 0x06, 0x06, 0x05,
    0x07, 0x0c, 0x06, 0x07, 0x05, 0x06, 0x07, 0x0c, 0x06, 0x07, 0x0c, 0x06,
    0x05, 0x07, 0x0c, 0x06, 0x05, 0x06, 0x06, 0x05, 0x06, 0x06, 0x05, 0x06,
    0x07, 0x05, 0x06, 0x07, 0x05, 0x06, 0x07, 0x0c, 0x07, 0x0c, 0x07, 0x0c,
    0x06, 0x05, 0x07, 0x06, 0x05, 0x06, 0x06, 0x05, 0x0c, 0x06, 0x07, 0x0c,
    0x06, 0x07, 0x05, 0x06, 0x05, 0x07, 0x06, 0x05, 0x06, 0x07, 0x05, 0x06,
    0x0c, 0x06, 0x05, 0x06, 0x07, 0x06, 0x0c, 0x07, 0x06, 0x0c, 0x07, 0x06,
    0x0c, 0x07, 0x05, 0x06, 0x05, 0x06, 0x0c, 0x07, 0x06, 0x05, 0x07, 0x0c,
    0x06, 0x07, 0x05, 0x06, 0x05, 0x06, 0x06, 0x05, 0x06, 0x07, 0x0c, 0x06,
    0x05, 0x06, 0x07, 0x05, 0x06, 0x07, 0x05, 0x06, 0x07, 0x0c, 0x07, 0x07,
    0x0c, 0x06, 0x06, 0x07, 0x0c, 0x07, 0x07, 0x06, 0x07, 0x05, 0x06, 0x05,
    0x0c, 0x06, 0x05, 0x07, 0x06, 0x06, 0x07, 0x06, 0x05, 0x06, 0x07, 0x0c,
    0x07, 0x07, 0x0c, 0x06, 0x07, 0x0c, 0x06, 0x07, 0x0c, 0x06, 0x07, 0x0c,
    0x07, 0x07, 0x0c, 0x07, 0x0c, 0x06, 0x07, 0x0c, 0x06, 0x07, 0x0c, 0x07,
    0x06, 0x0c, 0x07, 0x06, 0x05, 0x07, 0x0c, 0x07, 0x06, 0x0c, 0x07, 0x07,
    0x0c, 0x07, 0x06, 0x0c, 0x05, 0x06, 0x07, 0x0c, 0x06, 0x05, 0x06, 0x07,
    0x05, 0x06, 0x07, 0x0c, 0x07, 0x06, 0x0c, 0x07, 0x06, 0x0c, 0x07, 0x0c,
    0x05, 0x07, 0x06, 0x05, 0x1c, 0x06, 0x05, 0x06, 0x07, 0x0c, 0x06, 0x05,
    0x07, 0x06, 0x05, 0x06, 0x07, 0x0c, 0x07, 0x06, 0x0c, 0x07, 0x0c, 0x07,
    0x05, 0x06, 0x07, 0x05, 0x06, 0x06, 0x05, 0x07, 0x06, 0x05, 0x07, 0x06,
    0x05, 0x07, 0x06, 0x0c, 0x07, 0x0c, 0x07, 0x06, 0x05, 0x06, 0x07, 0x0c,
    0x07, 0x07, 0x0c, 0x07, 0x07, 0x0c, 0x07, 0x06, 0x05, 0x05, 0x06, 0x07,
    0x05, 0x06, 0x07, 0x05, 0x06, 0x06, 0x05, 0x06, 0x06, 0x05, 0x06, 0x07,
    0x0c, 0x07, 0x0c, 0x07, 0x07, 0x0c, 0x07, 0x06, 0x0c, 0x07, 0x07, 0x0c,
    0x07, 0x07, 0x0c, 0x07, 0x07, 0x0c, 0x06, 0x07, 0x0c, 0x07, 0x07, 0x0c,
    0x0c, 0x07, 0x06, 0x05, 0x07, 0x0c, 0x06, 0x07, 0x05, 0x06, 0x05, 0x07,
    0x0c, 0x05, 0x07, 0x06, 0x05, 0x06, 0x0c, 0x07, 0x06, 0x0c, 0x07, 0x0c,
    0x07, 0x06, 0x05, 0x0c, 0x07, 0x07, 0x0c, 0x07, 0x05, 0x06, 0x06, 0x05,
    0x06, 0x0c, 0x07, 0x06, 0x07, 0x05, 0x06, 0x0c, 0x05, 0x06, 0x05, 0x06,
    0x07, 0x0c, 0x07, 0x06, 0x05, 0x06, 0x05, 0x0c, 0x07, 0x07, 0x0c, 0x07,
    0x07, 0x0c, 0x05, 0x07, 0x06, 0x0c, 0x07, 0x06, 0x05, 0x07, 0x0c, 0x07,
    0x05, 0x0c, 0x07, 0x06, 0x05, 0x07, 0x0c, 0x06, 0x07, 0x0c, 0x06, 0x07,
    0x05, 0x06, 0x06, 0x05, 0x06, 0x07, 0x05, 0x06, 0x07, 0x05, 0x06, 0x07,
    0x05, 0x06, 0x07, 0x0c, 0x06, 0x07, 0x07, 0x0c, 0x07, 0x05, 0x06, 0x05,
    0x07, 0x06, 0x07, 0x0c, 0x06, 0x07, 0x0c, 0x06, 0x07, 0x1d, 0x07, 0x0c,
    0x07, 0x06, 0x05, 0x06, 0x06, 0x05, 0x06, 0x05, 0x07, 0x06, 0x05, 0x07,
    0x0c, 0x07, 0x06, 0x06, 0x05, 0x06, 0x06, 0x05, 0x07, 0x06, 0x05, 0x06,
    0x06, 0x05, 0x06, 0x06, 0x05, 0x06, 0x05, 0x07, 0x06, 0x05, 0x06, 0x06,
    0x05, 0x06, 0x07, 0x0c, 0x0c, 0x07, 0x06, 0x0c, 0x07, 0x06, 0x05, 0x06,
    0x06, 0x05, 0x06, 0x06, 0x05, 0x06, 0x07, 0x0c, 0x07, 0x07, 0x05, 0x0c,
    0x07, 0x07, 0x0c, 0x06, 0x05, 0x06, 0x06, 0x05, 0x06, 0x06, 0x05, 0x07,
    0x06, 0x05, 0x05, 0x06, 0x0c, 0x07, 0x0c, 0x06, 0x05, 0x07, 0x06, 0x05,
    0x06, 0x06, 0x05, 0x07, 0x06, 0x07, 0x05, 0x06, 0x06, 0x05, 0x07, 0x0c,
    0x06, 0x07, 0x0c, 0x07, 0x06, 0x06, 0x05, 0x06, 0x07, 0x05, 0x06, 0x07,
    0x05, 0x06, 0x07, 0x0c, 0x06, 0x05, 0x07, 0x06, 0x0c, 0x06, 0x07, 0x0c,
    0x07, 0x06, 0x05, 0x06, 0x05, 0x07, 0x06, 0x0c, 0x07, 0x06, 0x07, 0x06,
    0x07, 0x06, 0x05, 0x07, 0x0c, 0x0c, 0x07, 0x0c, 0x07, 0x06, 0x0c, 0x07,
    0x06, 0x05, 0x06, 0x06, 0x05, 0x06, 0x07, 0x0c, 0x07, 0x06, 0x05, 0x06,
    0x06, 0x05, 0x07, 0x06, 0x06, 0x07, 0x05, 0x06, 0x06, 0x05, 0x07, 0x06,
    0x05, 0x07, 0x0c, 0x06, 0x07, 0x0c, 0x07, 0x07, 0x0c, 0x06, 0x07, 0x0c,
    0x06, 0x07, 0x0c, 0x06, 0x07, 0x0c, 0x07, 0x07, 0x0c, 0x0c, 0x07, 0x0c,
    0x06, 0x07, 0x06, 0x0c, 0x07, 0x0c, 0x07, 0x05, 0x06, 0x07, 0x07, 0x0c,
    0x07, 0x06, 0x1c, 0x07, 0x0c, 0x06, 0x05, 0x07, 0x06, 0x05, 0x06, 0x06,
    0x05, 0x06, 0x06, 0x05, 0x06, 0x07, 0x05, 0x06, 0x05, 0x07, 0x06, 0x05,
    0x0c, 0x06, 0x07, 0x05, 0x06, 0x07, 0x05, 0x06, 0x05, 0x06, 0x06, 0x05,
    0x06, 0x07, 0x05, 0x06, 0x05, 0x05, 0x06, 0x07, 0x05, 0x06, 0x07, 0x0c,
    0x07, 0x06, 0x0c, 0x07, 0x05, 0x06, 0x07, 0x05, 0x06, 0x07, 0x0c, 0x06,
    0x05, 0x06, 0x06, 0x05, 0x06, 0x06, 0x05, 0x07, 0x06, 0x05, 0x07, 0x06,
    0x05, 0x07, 0x0c, 0x07, 0x0c, 0x06, 0x07, 0x06, 0x05, 0x07, 0x06, 0x05,
    0x06, 0x06, 0x0c, 0x07, 0x05, 0x06, 0x07, 0x0c, 0x06, 0x07, 0x0c, 0x07,
    0x0c, 0x06, 0x07, 0x0c, 0x07, 0x07, 0x0c, 0x06, 0x07, 0x05, 0x06, 0x06,
    0x05, 0x06, 0x06, 0x05, 0x06, 0x0c, 0x07, 0x07, 0x0c, 0x07, 0x06, 0x05,
    0x07, 0x06, 0x05, 0x06, 0x05, 0x06, 0x07, 0x0c, 0x07, 0x06, 0x05, 0x07,
    0x0c, 0x05, 0x06, 0x0c, 0x05, 0x07, 0x06, 0x06, 0x07, 0x07, 0x06, 0x07,
    0x05, 0x06, 0x07, 0x05, 0x06, 0x07, 0x0c, 0x07, 0x07, 0x0c, 0x07, 0x06,
    0x0c, 0x07, 0x07, 0x0c, 0x07, 0x05, 0x06, 0x06, 0x05, 0x0c, 0x06, 0x07,
    0x0c, 0x07, 0x0c, 0x06, 0x07, 0x0c, 0x07, 0x07, 0x0c, 0x07, 0x0c, 0x06,
    0x05, 0x07, 0x0c, 0x07, 0x06, 0x05, 0x07, 0x06, 0x05, 0x06, 0x0c, 0x07,
    0x06, 0x05, 0x07, 0x06, 0x05, 0x06, 0x07, 0x0c, 0x07, 0x06, 0x0c, 0x07,
    0x06, 0x0c, 0x07, 0x0c, 0x07, 0x07, 0x0c, 0x1e, 0x07, 0x07, 0x0c, 0x07,
    0x06, 0x05, 0x07, 0x06, 0x05, 0x07, 0x0c, 0x07, 0x06, 0x0c, 0x07, 0x06,
    0x0c, 0x07, 0x0c, 0x07, 0x07, 0x06, 0x0c, 0x07, 0x0c, 0x06, 0x05, 0x06,
    0x07, 0x05, 0x06, 0x07, 0x0c, 0x0c, 0x07, 0x06, 0x0c, 0x07, 0x06, 0x0c,
    0x07, 0x06, 0x05, 0x06, 0x05, 0x07, 0x0c, 0x07, 0x06, 0x05, 0x06, 0x06,
    0x05, 0x07, 0x06, 0x05, 0x07, 0x06, 0x0c, 0x07, 0x06, 0x05, 0x06, 0x06,
    0x05, 0x06, 0x07, 0x0c, 0x06, 0x07, 0x0c, 0x07, 0x06, 0x05, 0x05, 0x06,
    0x06, 0x05, 0x06, 0x07, 0x05, 0x07, 0x06, 0x05, 0x06, 0x06, 0x05, 0x07,
    0x0c, 0x07, 0x0c, 0x06, 0x07, 0x05, 0x06, 0x07, 0x0c, 0x06, 0x07, 0x0c,
    0x07, 0x0c, 0x05, 0x07, 0x06, 0x05, 0x06, 0x07, 0x05, 0x06, 0x06, 0x05,
    0x06, 0x07, 0x0c, 0x06, 0x05, 0x06, 0x07, 0x05, 0x06, 0x07, 0x0c, 0x06,
    0x05, 0x06, 0x06, 0x05, 0x06, 0x07, 0x07, 0x0c, 0x07, 0x0c, 0x05, 0x06,
    0x0c, 0x05, 0x06, 0x0c, 0x07, 0x06, 0x0c, 0x07, 0x06, 0x05, 0x06, 0x07,
    0x0c, 0x06, 0x05, 0x07, 0x0c, 0x07, 0x06, 0x0c, 0x07, 0x06, 0x05, 0x06,
    0x07, 0x05, 0x06, 0x07, 0x0c, 0x07, 0x07, 0x0c, 0x07, 0x0c, 0x06, 0x07,
    0x0c, 0x07, 0x07, 0x0c, 0x06, 0x07, 0x0c, 0x07, 0x0c, 0x07, 0x0c, 0x06,
    0x07, 0x05, 0x06, 0x07, 0x0c, 0x06, 0x07, 0x06, 0x05, 0x06, 0x05, 0x0c,
    0x07, 0x07, 0x0c, 0x07, 0x07, 0x0c, 0x07, 0x0c, 0x06, 0x07, 0x0c, 0x06,
    0x1c, 0x0c, 0x07, 0x06, 0x0c, 0x07, 0x0c, 0x06, 0x05, 0x06, 0x06, 0x05,
    0x07, 0x0c, 0x07, 0x0c, 0x07, 0x07, 0x0c, 0x06, 0x05, 0x06, 0x07, 0x05,
    0x06, 0x07, 0x05, 0x06, 0x06, 0x05, 0x06, 0x05, 0x07, 0x06, 0x05, 0x07,
    0x06, 0x05, 0x07, 0x06, 0x05, 0x06, 0x07, 0x0c, 0x06, 0x07, 0x0c, 0x07,
    0x06, 0x05, 0x06, 0x05, 0x06, 0x0c, 0x07, 0x0c, 0x06, 0x07, 0x05, 0x05,
    0x06, 0x07, 0x05, 0x07, 0x06, 0x05, 0x06, 0x05, 0x05, 0x06, 0x06, 0x05,
    0x06, 0x06, 0x07, 0x05, 0x06, 0x07, 0x0c, 0x06, 0x06, 0x05, 0x06, 0x05,
    0x07, 0x06, 0x0c, 0x07, 0x06, 0x05, 0x07, 0x06, 0x05, 0x07, 0x06, 0x05,
    0x07, 0x0c, 0x07, 0x0c, 0x07, 0x07, 0x06, 0x06, 0x05, 0x06, 0x05, 0x06,
    0x0c, 0x07, 0x07, 0x05, 0x0c, 0x07, 0x07, 0x0c, 0x07, 0x06, 0x0c, 0x07,
    0x06, 0x0c, 0x07, 0x07, 0x0c, 0x07, 0x07, 0x0c, 0x06, 0x07, 0x0c, 0x06,
    0x07, 0x07, 0x06, 0x07, 0x05, 0x06, 0x07, 0x05, 0x0c, 0x07, 0x06, 0x05,
    0x0c, 0x07, 0x0c, 0x07, 0x06, 0x05, 0x06, 0x06, 0x05, 0x06, 0x07, 0x05,
    0x0c, 0x07, 0x06, 0x0c, 0x07, 0x0c, 0x06, 0x07, 0x05, 0x06, 0x06, 0x05,
    0x06, 0x07, 0x05, 0x06, 0x0c, 0x07, 0x06, 0x0c, 0x07, 0x07, 0x0c, 0x07,
    0x06, 0x07, 0x0c, 0x07, 0x0c, 0x06, 0x05, 0x07, 0x06, 0x05, 0x05, 0x06,
    0x0c, 0x07, 0x07, 0x06, 0x0c, 0x07, 0x06, 0x0c, 0x07, 0x0c, 0x07, 0x07,
    0x0c, 0x07, 0x05, 0x06, 0x07, 0x1d, 0x07, 0x0c, 0x07, 0x07, 0x0c, 0x07,
    0x07, 0x0c, 0x07, 0x06, 0x05, 0x06, 0x07, 0x0c, 0x07, 0x0c, 0x07, 0x06,
    0x05, 0x06, 0x0c, 0x07, 0x06, 0x0c, 0x07, 0x07, 0x0c, 0x07, 0x06, 0x0c,
    0x07, 0x06, 0x0c, 0x07, 0x06, 0x0c, 0x07, 0x06, 0x05, 0x06, 0x07, 0x05,
    0x06, 0x07, 0x0c, 0x07, 0x06, 0x05, 0x06, 0x07, 0x05, 0x06, 0x07, 0x05,
    0x06, 0x06, 0x05, 0x06, 0x06, 0x05, 0x06, 0x0c, 0x07, 0x05, 0x06, 0x06,
    0x07, 0x05, 0x06, 0x07, 0x05, 0x0c, 0x07, 0x06, 0x0c, 0x07, 0x07, 0x05,
    0x06, 0x05, 0x06, 0x06, 0x05, 0x06, 0x05, 0x05, 0x06, 0x06, 0x05, 0x06,
    0x06, 0x05, 0x06, 0x0c, 0x07, 0x06, 0x07, 0x05, 0x06, 0x0c, 0x05, 0x06,
    0x07, 0x0c, 0x07, 0x07, 0x0c, 0x06, 0x07, 0x0c, 0x06, 0x07, 0x0c, 0x06,
    0x07, 0x05, 0x06, 0x05, 0x07, 0x0c, 0x07, 0x0c, 0x07, 0x06, 0x05, 0x07,
    0x0c, 0x07, 0x05, 0x0c, 0x06, 0x05, 0x0c, 0x06, 0x07, 0x0c, 0x06, 0x07,
    0x06, 0x07, 0x0c, 0x07, 0x07, 0x06, 0x0c, 0x07, 0x06, 0x05, 0x07, 0x07,
    0x0c, 0x07, 0x06, 0x0c, 0x07, 0x06, 0x05, 0x07, 0x06, 0x05, 0x07, 0x06,
    0x05, 0x06, 0x05, 0x06, 0x05, 0x06, 0x06, 0x05, 0x07, 0x06, 0x05, 0x06,
    0x05, 0x07, 0x0c, 0x06, 0x05, 0x06, 0x07, 0x05, 0x06, 0x07, 0x0c, 0x06,
    0x05, 0x06, 0x06, 0x07, 0x05, 0x06, 0x0c, 0x07, 0x06, 0x05, 0x07, 0x06,
    0x05, 0x06, 0x06, 0x05, 0x06, 0x06, 0x05, 0x06, 0x07, 0x05, 0x03, 0x07,
    0x0c, 0x06, 0x07, 0x0c, 0x06, 0x07, 0x0c, 0x07, 0x05, 0x06, 0x06, 0x05,
    0x07, 0x06, 0x0c, 0x07, 0x07, 0x0c, 0x07, 0x07, 0x0c, 0x07, 0x0c, 0x06,
    0x07, 0x0c, 0x07, 0x07, 0x0c, 0x07, 0x06, 0x05, 0x07, 0x06, 0x05, 0x06,
    0x05, 0x06, 0x06, 0x05, 0x0c, 0x07, 0x07, 0x0c, 0x07, 0x0c, 0x07, 0x06,
    0x0c, 0x07, 0x06, 0x05, 0x06, 0x07, 0x05, 0x06, 0x06, 0x05, 0x07, 0x06,
    0x06, 0x05, 0x06, 0x0c, 0x07, 0x06, 0x0c, 0x07, 0x06, 0x05, 0x07, 0x06,
    0x05, 0x06, 0x0c, 0x07, 0x06, 0x05, 0x07, 0x06, 0x05, 0x06, 0x06, 0x07,
    0x07, 0x0c, 0x07, 0x05, 0x06, 0x05, 0x07, 0x06, 0x05, 0x06, 0x0c, 0x07,
    0x06, 0x07, 0x06, 0x05, 0x07, 0x0c, 0x06, 0x07, 0x0c, 0x07, 0x07, 0x0c,
    0x07, 0x06, 0x05, 0x06, 0x0c, 0x07, 0x06, 0x0c, 0x07, 0x06, 0x05, 0x06,
    0x07, 0x0c, 0x06, 0x07, 0x0c, 0x06, 0x07, 0x07, 0x06, 0x07, 0x07, 0x0c,
    0x07, 0x07, 0x0c, 0x05, 0x06, 0x05, 0x06, 0x06, 0x05, 0x06, 0x07, 0x05,
    0x06, 0x0c, 0x07, 0x0c, 0x06, 0x05, 0x07, 0x0c, 0x07, 0x06, 0x0c, 0x07,
    0x0c, 0x06, 0x07, 0x0c, 0x07, 0x06, 0x05, 0x06, 0x07, 0x05, 0x06, 0x06,
    0x05, 0x06, 0x07, 0x0c, 0x07, 0x06, 0x0c, 0x07, 0x07, 0x0c, 0x0c, 0x07,
    0x06, 0x05, 0x07, 0x07, 0x06, 0x05, 0x05, 0x06, 0x06, 0x07, 0x05, 0x06,
    0x05, 0x06, 0x07, 0x0c, 0x07, 0x05, 0x06, 0x07, 0x05, 0x06, 0x07, 0x0c,
    0x06, 0x05, 0x06, 0x1c, 0x07, 0x0c, 0x07, 0x05, 0x06, 0x05, 0x06, 0x06,
    0x05, 0x06, 0x06, 0x05, 0x06, 0x07, 0x0c, 0x07, 0x06, 0x0c, 0x07, 0x06,
    0x05, 0x06, 0x07, 0x05, 0x06, 0x0c, 0x07, 0x0c, 0x06, 0x05, 0x06, 0x05,
    0x06, 0x0c, 0x07, 0x07, 0x0c, 0x07, 0x07, 0x0c, 0x06, 0x07, 0x0c, 0x06,
    0x07, 0x0c, 0x07, 0x07, 0x0c, 0x05, 0x06, 0x07, 0x0c, 0x06, 0x05, 0x07,
    0x06, 0x05, 0x07, 0x0c, 0x07, 0x07, 0x0c, 0x07, 0x07, 0x05, 0x06, 0x05,
    0x06, 0x06, 0x05, 0x06, 0x06, 0x05, 0x07, 0x06, 0x0c, 0x07, 0x0c, 0x06,
    0x05, 0x07, 0x0c, 0x05, 0x06, 0x06, 0x05, 0x06, 0x06, 0x05, 0x06, 0x06,
    0x05, 0x07, 0x06, 0x05, 0x0c, 0x06, 0x05, 0x07, 0x06, 0x0c, 0x07, 0x07,
    0x0c, 0x06, 0x05, 0x06, 0x05, 0x06, 0x05, 0x07, 0x07, 0x0c, 0x07, 0x07,
    0x0c, 0x07, 0x06, 0x0c, 0x07, 0x07, 0x0c, 0x05, 0x07, 0x06, 0x0c, 0x05,
    0x06, 0x0c, 0x07, 0x06, 0x0c, 0x07, 0x06, 0x07, 0x06, 0x05, 0x07, 0x0c,
    0x07, 0x0c, 0x0c, 0x07, 0x07, 0x0c, 0x07, 0x06, 0x05, 0x06, 0x06, 0x05,
    0x07, 0x06, 0x05, 0x07, 0x06, 0x05, 0x07, 0x0c, 0x06, 0x05, 0x06, 0x06,
    0x05, 0x06, 0x07, 0x05, 0x06, 0x05, 0x06, 0x05, 0x07, 0x06, 0x05, 0x06,
    0x07, 0x07, 0x06, 0x05, 0x06, 0x06, 0x0c, 0x05, 0x06, 0x06, 0x07, 0x05,
    0x06, 0x05, 0x06, 0x06, 0x05, 0x06, 0x07, 0x0c, 0x06, 0x07, 0x0c, 0x06,
    0x05, 0x06, 0x05, 0x07, 0x06, 0x05, 0x06, 0x06, 0x1c, 0x07, 0x06, 0x0c,
    0x07, 0x07, 0x0c, 0x07, 0x07, 0x0c, 0x07, 0x05, 0x06, 0x07, 0x0c, 0x07,
    0x07, 0x0c, 0x05, 0x06, 0x07, 0x0c, 0x06, 0x07, 0x05, 0x06, 0x07, 0x05,
    0x06, 0x07, 0x07, 0x0c, 0x07, 0x07, 0x0c, 0x06, 0x07, 0x0c, 0x06, 0x05,
    0x07, 0x06, 0x05, 0x06, 0x07, 0x0c, 0x06, 0x07, 0x0c, 0x07, 0x06, 0x05,
    0x07, 0x06, 0x05, 0x06, 0x0c, 0x07, 0x06, 0x0c, 0x06, 0x05, 0x06, 0x06,
    0x05, 0x06, 0x06, 0x05, 0x07, 0x0c, 0x07, 0x07, 0x0c, 0x07, 0x06, 0x05,
    0x07, 0x06, 0x05, 0x07, 0x06, 0x07, 0x06, 0x07, 0x05, 0x06, 0x05, 0x07,
    0x06, 0x05, 0x07, 0x06, 0x0c, 0x07, 0x06, 0x05, 0x07, 0x06, 0x05, 0x06,
    0x0c, 0x07, 0x06, 0x05, 0x07, 0x06, 0x05, 0x06, 0x07, 0x06, 0x0c, 0x07,
    0x06, 0x0c, 0x07, 0x0c, 0x07, 0x05, 0x06, 0x07, 0x0c, 0x07, 0x06, 0x0c,
    0x07, 0x06, 0x05, 0x07, 0x06, 0x05, 0x07, 0x0c, 0x05, 0x07, 0x0c, 0x0c,
    0x07, 0x06, 0x06, 0x05, 0x07, 0x06, 0x07, 0x05, 0x06, 0x06, 0x05, 0x07,
    0x06, 0x05, 0x07, 0x06, 0x0c, 0x07, 0x0c, 0x06, 0x07, 0x0c, 0x07, 0x07,
    0x0c, 0x07, 0x07, 0x0c, 0x07, 0x05, 0x06, 0x06, 0x05, 0x07, 0x06, 0x0c,
    0x07, 0x06, 0x0c, 0x07, 0x0c, 0x0c, 0x07, 0x06, 0x05, 0x07, 0x06, 0x07,
    0x0c, 0x07, 0x0c, 0x06, 0x07, 0x0c, 0x07, 0x05, 0x06, 0x07, 0x05, 0x06,
    0x05, 0x07, 0x06, 0x05, 0x07, 0x06, 0x0c, 0x07, 0x0c, 0x07, 0x07, 0x0c,
    0x07, 0x1c, 0x05, 0x06, 0x06, 0x05, 0x06, 0x06, 0x05, 0x06, 0x06, 0x05,
    0x06, 0x05, 0x06, 0x0c, 0x07, 0x06, 0x05, 0x06, 0x07, 0x05, 0x06, 0x05,
    0x06, 0x06, 0x05, 0x06, 0x06, 0x05, 0x06, 0x0c, 0x07, 0x06, 0x05, 0x07,
    0x0c, 0x07, 0x07, 0x0c, 0x06, 0x07, 0x05, 0x06, 0x07, 0x05, 0x0c, 0x07,
    0x06, 0x05, 0x06, 0x06, 0x05, 0x06, 0x07, 0x05, 0x06, 0x07, 0x05, 0x06,
    0x07, 0x05, 0x06, 0x05, 0x07, 0x0c, 0x06, 0x07, 0x0c, 0x06, 0x07, 0x0c,
    0x06, 0x05, 0x06, 0x0c, 0x07, 0x0c, 0x06, 0x07, 0x0c, 0x0c, 0x07, 0x0c,
    0x06, 0x07, 0x0c, 0x06, 0x07, 0x0c, 0x06, 0x07, 0x05, 0x0c, 0x07, 0x0c,
    0x06, 0x07, 0x06, 0x07, 0x05, 0x06, 0x07, 0x0c, 0x06, 0x05, 0x06, 0x07,
    0x05, 0x06, 0x05, 0x07, 0x06, 0x0c, 0x07, 0x06, 0x06, 0x0c, 0x07, 0x0c,
    0x07, 0x05, 0x06, 0x07, 0x05, 0x06, 0x06, 0x05, 0x06, 0x06, 0x07, 0x06,
    0x06, 0x07, 0x07, 0x06, 0x05, 0x05, 0x06, 0x0c, 0x07, 0x06, 0x0c, 0x07,
    0x07, 0x0c, 0x06, 0x07, 0x0c, 0x06, 0x07, 0x05, 0x06, 0x07, 0x0c, 0x07,
    0x07, 0x0c, 0x06, 0x06, 0x05, 0x06, 0x06, 0x05, 0x06, 0x07, 0x0c, 0x06,
    0x05, 0x06, 0x06, 0x05, 0x07, 0x06, 0x05, 0x07, 0x06, 0x07, 0x05, 0x06,
    0x0c, 0x07, 0x05, 0x06, 0x05, 0x07, 0x06, 0x05, 0x07, 0x06, 0x0c, 0x07,
    0x06, 0x0c, 0x07, 0x06, 0x0c, 0x07, 0x0c, 0x06, 0x07, 0x05, 0x06, 0x07,
    0x06, 0x0c, 0x07, 0x06, 0x0c, 0x07, 0x03, 0x07, 0x05, 0x06, 0x05, 0x07,
    0x0c, 0x05, 0x07, 0x06, 0x05, 0x06, 0x07, 0x05, 0x06, 0x0c, 0x07, 0x06,
    0x0c, 0x07, 0x06, 0x05, 0x07, 0x0c, 0x07, 0x05, 0x06, 0x07, 0x05, 0x06,
    0x05, 0x06, 0x0c, 0x06, 0x07, 0x0c, 0x06, 0x07, 0x05, 0x06, 0x0c, 0x07,
    0x0c, 0x06, 0x07, 0x05, 0x06, 0x07, 0x05, 0x06, 0x05, 0x06, 0x0c, 0x07,
    0x06, 0x0c, 0x07, 0x0c, 0x06, 0x07, 0x05, 0x06, 0x06, 0x05, 0x07, 0x0c,
    0x07, 0x07, 0x0c, 0x07, 0x07, 0x0c, 0x07, 0x07, 0x0c, 0x07, 0x07, 0x0c,
    0x07, 0x06, 0x05, 0x07, 0x0c, 0x07, 0x07, 0x0c, 0x07, 0x05, 0x06, 0x06,
    0x05, 0x06, 0x07, 0x07, 0x0c, 0x07, 0x0c, 0x0c, 0x07, 0x06, 0x05, 0x07,
    0x06, 0x05, 0x06, 0x0c, 0x07, 0x06, 0x0c, 0x07, 0x05, 0x06, 0x05, 0x07,
    0x05, 0x07, 0x06, 0x0c, 0x07, 0x06, 0x0c, 0x07, 0x0c, 0x07, 0x06, 0x05,
    0x07, 0x0c, 0x05, 0x07, 0x0c, 0x0c, 0x07, 0x0c, 0x06, 0x07, 0x07, 0x0c,
    0x07, 0x07, 0x0c, 0x05, 0x06, 0x06, 0x05, 0x07, 0x0c, 0x07, 0x0c, 0x06,
    0x05, 0x06, 0x07, 0x0c, 0x06, 0x05, 0x05, 0x06, 0x07, 0x05, 0x06, 0x05,
    0x06, 0x07, 0x0c, 0x07, 0x07, 0x0c, 0x07, 0x0c, 0x07, 0x06, 0x0c, 0x05,
    0x06, 0x06, 0x05, 0x07, 0x06, 0x0c, 0x07, 0x06, 0x0c, 0x07, 0x06, 0x0c,
    0x07, 0x05, 0x06, 0x07, 0x05, 0x06, 0x05, 0x07, 0x06, 0x05, 0x07, 0x06,
    0x0c, 0x07, 0x0c, 0x0c, 0x07, 0x05, 0x06, 0x07, 0x0c, 0x07, 0x07, 0x1d,
    0x06, 0x07, 0x0c, 0x06, 0x07, 0x06, 0x0c, 0x07, 0x07, 0x0c, 0x06, 0x07,
    0x05, 0x06, 0x07, 0x05, 0x06, 0x05, 0x06, 0x06, 0x05, 0x06, 0x06, 0x05,
    0x06, 0x0c, 0x07, 0x06, 0x05, 0x07, 0x07, 0x0c, 0x07, 0x07, 0x0c, 0x06,
    0x05, 0x06, 0x07, 0x05, 0x06, 0x07, 0x0c, 0x06, 0x07, 0x0c, 0x06, 0x07,
    0x0c, 0x07, 0x07, 0x0c, 0x07, 0x06, 0x05, 0x07, 0x06, 0x05, 0x06, 0x06,
    0x05, 0x06, 0x06, 0x05, 0x06, 0x06, 0x05, 0x06, 0x0c, 0x07, 0x06, 0x0c,
    0x07, 0x06, 0x0c, 0x07, 0x05, 0x06, 0x07, 0x06, 0x0c, 0x07, 0x06, 0x0c,
    0x07, 0x06, 0x05, 0x07, 0x0c, 0x07, 0x06, 0x0c, 0x07, 0x06, 0x05, 0x07,
    0x06, 0x05, 0x06, 0x0c, 0x07, 0x06, 0x05, 0x07, 0x06, 0x05, 0x06, 0x06,
    0x05, 0x06, 0x06, 0x07, 0x0c, 0x06, 0x05, 0x07, 0x06, 0x05, 0x07, 0x06,
    0x0c, 0x07, 0x06, 0x05, 0x06, 0x06, 0x07, 0x0c, 0x07, 0x07, 0x0c, 0x07,
    0x0c, 0x06, 0x07, 0x0c, 0x06, 0x07, 0x0c, 0x07, 0x07, 0x0c, 0x06, 0x07,
    0x0c, 0x07, 0x07, 0x0c, 0x07, 0x06, 0x05, 0x06, 0x07, 0x0c, 0x07, 0x06,
    0x05, 0x06, 0x06, 0x05, 0x07, 0x06, 0x0c, 0x05, 0x06, 0x07, 0x0c, 0x07,
    0x07, 0x0c, 0x07, 0x07, 0x0c, 0x07, 0x0c, 0x0c, 0x07, 0x07, 0x0c, 0x07,
    0x06, 0x05, 0x07, 0x06, 0x0c, 0x07, 0x06, 0x0c, 0x07, 0x06, 0x0c, 0x07,
    0x0c, 0x06, 0x07, 0x0c, 0x07, 0x07, 0x0c, 0x07, 0x06, 0x07, 0x0c, 0x07,
    0x0c, 0x07, 0x0c, 0x07, 0x1c, 0x05, 0x06, 0x07, 0x05, 0x06, 0x07, 0x0c,
    0x06, 0x07, 0x0c, 0x07, 0x06, 0x0c, 0x07, 0x06, 0x05, 0x07, 0x06, 0x05,
    0x07, 0x06, 0x05, 0x07, 0x06, 0x07, 0x05, 0x06, 0x06, 0x0c, 0x07, 0x06,
    0x05, 0x06, 0x05, 0x07, 0x06, 0x05, 0x06, 0x06, 0x05, 0x06, 0x07, 0x05,
    0x06, 0x07, 0x0c, 0x07, 0x06, 0x0c, 0x07, 0x06, 0x05, 0x06, 0x05, 0x06,
    0x06, 0x05, 0x05, 0x06, 0x07, 0x05, 0x06, 0x07, 0x05, 0x06, 0x05, 0x07,
    0x06, 0x05, 0x07, 0x06, 0x05, 0x07, 0x06, 0x0c, 0x07, 0x06, 0x0c, 0x05,
    0x07, 0x06, 0x05, 0x07, 0x0c, 0x07, 0x06, 0x0c, 0x07, 0x06, 0x05, 0x07,
    0x0c, 0x06, 0x07, 0x0c, 0x07, 0x06, 0x05, 0x07, 0x06, 0x0c, 0x07, 0x0c,
    0x07, 0x06, 0x05, 0x07, 0x06, 0x05, 0x07, 0x0c, 0x07, 0x06, 0x0c, 0x07,
    0x06, 0x05, 0x06, 0x07, 0x05, 0x06, 0x07, 0x05, 0x0c, 0x07, 0x06, 0x05,
    0x06, 0x06, 0x07, 0x07, 0x0c, 0x07, 0x07, 0x0c, 0x05, 0x07, 0x06, 0x0c,
    0x07, 0x06, 0x05, 0x07, 0x06, 0x0c, 0x07, 0x06, 0x05, 0x06, 0x07, 0x0c,
    0x07, 0x07, 0x0c, 0x06, 0x07, 0x05, 0x06, 0x06, 0x05, 0x06, 0x07, 0x05,
    0x06, 0x07, 0x0c, 0x06, 0x07, 0x0c, 0x0c, 0x07, 0x06, 0x07, 0x07, 0x06,
    0x07, 0x0c, 0x06, 0x07, 0x05, 0x06, 0x0c, 0x07, 0x05, 0x06, 0x07, 0x0c,
    0x07, 0x05, 0x06, 0x07, 0x05, 0x06, 0x07, 0x0c, 0x06, 0x05, 0x06, 0x07,
    0x05, 0x06, 0x06, 0x05, 0x06, 0x07, 0x0c, 0x06, 0x06, 0x1c, 0x07, 0x0c,
    0x07, 0x0c, 0x07, 0x05, 0x06, 0x05, 0x06, 0x05, 0x07, 0x0c, 0x07, 0x0c,
    0x06, 0x07, 0x0c, 0x06, 0x05, 0x06, 0x06, 0x05, 0x0c, 0x06, 0x05, 0x07,
    0x0c, 0x07, 0x05, 0x06, 0x06, 0x05, 0x06, 0x06, 0x05, 0x07, 0x06, 0x05,
    0x07, 0x0c, 0x06, 0x05, 0x06, 0x05, 0x06, 0x05, 0x07, 0x0c, 0x07, 0x0c,
    0x07, 0x06, 0x05, 0x07, 0x0c, 0x06, 0x07, 0x0c, 0x06, 0x05, 0x06, 0x0c,
    0x07, 0x06, 0x05, 0x06, 0x06, 0x05, 0x06, 0x0c, 0x07, 0x0c, 0x07, 0x05,
    0x06, 0x07, 0x05, 0x06, 0x07, 0x0c, 0x06, 0x07, 0x0c, 0x07, 0x0c, 0x07,
    0x06, 0x05, 0x06, 0x06, 0x05, 0x07, 0x0c, 0x07, 0x06, 0x0c, 0x07, 0x06,
    0x05, 0x07, 0x06, 0x05, 0x06, 0x06, 0x05, 0x0c, 0x07, 0x0c, 0x06, 0x07,
    0x0c, 0x07, 0x07, 0x0c, 0x07, 0x0c, 0x06, 0x07, 0x0c, 0x0c, 0x07, 0x06,
    0x0c, 0x07, 0x06, 0x05, 0x05, 0x06, 0x0c, 0x05, 0x06, 0x06, 0x05, 0x06,
    0x06, 0x07, 0x05, 0x06, 0x07, 0x0c, 0x06, 0x05, 0x07, 0x0c, 0x07, 0x0c,
    0x07, 0x06, 0x05, 0x06, 0x0c, 0x05, 0x06, 0x07, 0x0c, 0x07, 0x06, 0x05,
    0x07, 0x0c, 0x06, 0x07, 0x0c, 0x07, 0x07, 0x0c, 0x07, 0x07, 0x0c, 0x07,
    0x06, 0x0c, 0x05, 0x06, 0x05, 0x07, 0x06, 0x0c, 0x07, 0x06, 0x05, 0x06,
    0x06, 0x05, 0x07, 0x0c, 0x07, 0x06, 0x0c, 0x07, 0x06, 0x0c, 0x07, 0x05,
    0x06, 0x07, 0x0c, 0x06, 0x07, 0x0c, 0x07, 0x05, 0x06, 0x07, 0x05, 0x07,
    0x06, 0x05, 0x03, 0x1f, 0x07, 0x0c, 0x06, 0x07, 0x06, 0x05, 0x07, 0x06,
    0x06, 0x05, 0x06, 0x07, 0x05, 0x06, 0x07, 0x0c, 0x07, 0x07, 0x0c, 0x07,
    0x07, 0x06, 0x0c, 0x07, 0x06, 0x06, 0x05, 0x07, 0x06, 0x05, 0x07, 0x06,
    0x0c, 0x07, 0x0c, 0x06, 0x07, 0x05, 0x06, 0x07, 0x06, 0x05, 0x06, 0x06,
    0x05, 0x06, 0x07, 0x05, 0x06, 0x05, 0x06, 0x06, 0x05, 0x07, 0x06, 0x05,
    0x07, 0x06, 0x07, 0x05, 0x06, 0x07, 0x0c, 0x07, 0x07, 0x0c, 0x07, 0x07,
    0x0c, 0x07, 0x06, 0x0c, 0x07, 0x06, 0x0c, 0x07, 0x06, 0x05, 0x06, 0x05,
    0x06, 0x07, 0x0c, 0x07, 0x06, 0x05, 0x05, 0x06, 0x06, 0x05, 0x06, 0x07,
    0x05, 0x06, 0x05, 0x07, 0x06, 0x0c, 0x05, 0x06, 0x07, 0x05, 0x06, 0x07,
    0x06, 0x05, 0x07, 0x06, 0x05, 0x06, 0x0c, 0x07, 0x07, 0x0c, 0x07, 0x05,
    0x06, 0x07, 0x06, 0x05, 0x07, 0x06, 0x05, 0x06, 0x06, 0x07, 0x07, 0x0c,
    0x07, 0x07, 0x0c, 0x07, 0x05, 0x06, 0x06, 0x05, 0x06, 0x05, 0x07, 0x06,
    0x06, 0x05, 0x06, 0x07, 0x05, 0x06, 0x05, 0x07, 0x06, 0x07, 0x0c, 0x07,
    0x06, 0x05, 0x06, 0x0c, 0x07, 0x07, 0x0c, 0x07, 0x0c, 0x06, 0x07, 0x0c,
    0x06, 0x05, 0x06, 0x07, 0x05, 0x06, 0x07, 0x0c, 0x06, 0x05, 0x0c, 0x07,
    0x05, 0x06, 0x07, 0x05, 0x06, 0x07, 0x0c, 0x06, 0x07, 0x0c, 0x07, 0x06,
    0x05, 0x07, 0x06, 0x0c, 0x07, 0x07, 0x0c, 0x07, 0x05, 0x06, 0x06, 0x05,
    0x06, 0x06, 0x05, 0x06, 0x06, 0x05, 0x07, 0x1a, 0x04, 0x05, 0x06, 0x05,
    0x06, 0x0c, 0x07, 0x06, 0x05, 0x06, 0x05, 0x06, 0x06, 0x05, 0x07, 0x0c,
    0x07, 0x06, 0x0c, 0x05, 0x06, 0x07, 0x05, 0x06, 0x07, 0x05, 0x06, 0x06,
    0x05, 0x06, 0x0c, 0x07, 0x05, 0x06, 0x07, 0x0c, 0x06, 0x07, 0x0c, 0x06,
    0x05, 0x07, 0x06, 0x05, 0x07, 0x06, 0x0c, 0x07, 0x06, 0x0c, 0x07, 0x07,
    0x0c, 0x06, 0x07, 0x0c, 0x06, 0x07, 0x0c, 0x06, 0x07, 0x05, 0x06, 0x0c,
    0x07, 0x0c, 0x06, 0x07, 0x0c, 0x07, 0x07, 0x0c, 0x07, 0x07, 0x0c, 0x05,
    0x06, 0x07, 0x0c, 0x07, 0x07, 0x0c, 0x06, 0x07, 0x0c, 0x07, 0x06, 0x07,
    0x05, 0x06, 0x07, 0x0c, 0x06, 0x07, 0x0c, 0x06, 0x05, 0x06, 0x07, 0x0c,
    0x06, 0x07, 0x0c, 0x05, 0x06, 0x07, 0x0c, 0x06, 0x07, 0x05, 0x06, 0x06,
    0x05, 0x06, 0x06, 0x05, 0x06, 0x05, 0x06, 0x07, 0x0c, 0x06, 0x07, 0x05,
    0x06, 0x0c, 0x07, 0x06, 0x0c, 0x07, 0x06, 0x0c, 0x07, 0x07, 0x0c, 0x05,
    0x06, 0x06, 0x05, 0x07, 0x0c, 0x07, 0x06, 0x0c, 0x07, 0x06, 0x0c, 0x07,
    0x0c, 0x07, 0x07, 0x0c, 0x07, 0x05, 0x06, 0x07, 0x05, 0x06, 0x06, 0x05,
    0x07, 0x06, 0x05, 0x07, 0x06, 0x05, 0x06, 0x0c, 0x07, 0x0c, 0x07, 0x07,
    0x06, 0x07, 0x06, 0x06, 0x07, 0x0c, 0x06, 0x05, 0x06, 0x05, 0x07, 0x06,
    0x05, 0x06, 0x05, 0x07, 0x0c, 0x0c, 0x07, 0x07, 0x0c, 0x06, 0x05, 0x06,
    0x07, 0x05, 0x06, 0x07, 0x05, 0x06, 0x05, 0x06, 0x06, 0x05, 0x06, 0x06,
    0x0f, 0x1a, 0x06, 0x07, 0x05, 0x06, 0x07, 0x0c, 0x07, 0x0c, 0x07, 0x07,
    0x0c, 0x06, 0x07, 0x0c, 0x06, 0x05, 0x07, 0x06, 0x07, 0x0c, 0x0c, 0x07,
    0x06, 0x0c, 0x05, 0x07, 0x06, 0x05, 0x07, 0x06, 0x0c, 0x07, 0x07, 0x0c,
    0x07, 0x05, 0x06, 0x07, 0x0c, 0x07, 0x0c, 0x06, 0x05, 0x07, 0x06, 0x05,
    0x07, 0x06, 0x05, 0x06, 0x07, 0x05, 0x06, 0x05, 0x07, 0x06, 0x05, 0x05,
    0x06, 0x06, 0x05, 0x06, 0x07, 0x05, 0x06, 0x07, 0x0c, 0x0c, 0x07, 0x06,
    0x0c, 0x07, 0x06, 0x05, 0x07, 0x06, 0x05, 0x06, 0x06, 0x05, 0x07, 0x0c,
    0x07, 0x05, 0x06, 0x06, 0x0c, 0x07, 0x05, 0x06, 0x05, 0x07, 0x06, 0x05,
    0x07, 0x06, 0x05, 0x07, 0x06, 0x05, 0x06, 0x07, 0x0c, 0x07, 0x06, 0x05,
    0x06, 0x05, 0x06, 0x07, 0x05, 0x0c, 0x07, 0x07, 0x0c, 0x06, 0x07, 0x05,
    0x0c, 0x07, 0x0c, 0x07, 0x06, 0x05, 0x07, 0x0c, 0x07, 0x05, 0x06, 0x05,
    0x06, 0x06, 0x05, 0x06, 0x07, 0x07, 0x0c, 0x06, 0x07, 0x0c, 0x05, 0x07,
    0x0c, 0x07, 0x06, 0x05, 0x06, 0x06, 0x05, 0x06, 0x06, 0x05, 0x06, 0x06,
    0x05, 0x06, 0x0c, 0x07, 0x06, 0x0c, 0x07, 0x0c, 0x06, 0x05, 0x07, 0x06,
    0x07, 0x0c, 0x06, 0x05, 0x0c, 0x05, 0x07, 0x0c, 0x07, 0x05, 0x06, 0x07,
    0x0c, 0x06, 0x07, 0x0c, 0x07, 0x06, 0x05, 0x06, 0x06, 0x07, 0x06, 0x0c,
    0x07, 0x07, 0x0c, 0x06, 0x07, 0x0c, 0x06, 0x05, 0x06, 0x06, 0x05, 0x07,
    0x0c, 0x07, 0x05, 0x0c, 0x07, 0x20, 0x21, 0x07, 0x0c, 0x06, 0x07, 0x05,
    0x06, 0x06, 0x05, 0x06, 0x07, 0x05, 0x06, 0x07, 0x05, 0x06, 0x06, 0x05,
    0x07, 0x06, 0x07, 0x0c, 0x07, 0x07, 0x0c, 0x06, 0x07, 0x0c, 0x06, 0x07,
    0x05, 0x06, 0x06, 0x05, 0x06, 0x07, 0x0c, 0x07, 0x0c, 0x07, 0x06, 0x05,
    0x06, 0x06, 0x05, 0x06, 0x0c, 0x07, 0x0c, 0x07, 0x06, 0x0c, 0x07, 0x06,
    0x0c, 0x07, 0x06, 0x0c, 0x07, 0x07, 0x0c, 0x07, 0x06, 0x0c, 0x07, 0x07,
    0x0c, 0x07, 0x07, 0x0c, 0x07, 0x05, 0x06, 0x06, 0x05, 0x06, 0x06, 0x05,
    0x07, 0x0c, 0x06, 0x07, 0x06, 0x0c, 0x07, 0x05, 0x0c, 0x07, 0x06, 0x06,
    0x05, 0x06, 0x0c, 0x07, 0x06, 0x0c, 0x07, 0x0c, 0x06, 0x07, 0x05, 0x06,
    0x06, 0x05, 0x06, 0x07, 0x05, 0x06, 0x06, 0x05, 0x06, 0x07, 0x0c, 0x06,
    0x07, 0x05, 0x06, 0x06, 0x05, 0x06, 0x07, 0x05, 0x06, 0x06, 0x05, 0x06,
    0x06, 0x05, 0x06, 0x07, 0x05, 0x06, 0x05, 0x06, 0x06, 0x05, 0x07, 0x0c,
    0x07, 0x06, 0x06, 0x07, 0x06, 0x05, 0x06, 0x07, 0x05, 0x06, 0x07, 0x0c,
    0x07, 0x06, 0x05, 0x06, 0x07, 0x05, 0x06, 0x07, 0x05, 0x06, 0x07, 0x05,
    0x06, 0x06, 0x05, 0x06, 0x05, 0x07, 0x06, 0x07, 0x06, 0x06, 0x07, 0x0c,
    0x06, 0x05, 0x06, 0x07, 0x05, 0x06, 0x07, 0x0c, 0x06, 0x05, 0x06, 0x07,
    0x05, 0x06, 0x07, 0x05, 0x06, 0x0c, 0x07, 0x07, 0x0c, 0x07, 0x06, 0x05,
    0x07, 0x0c, 0x06, 0x07, 0x0c, 0x07, 0x06, 0x07, 0x05, 0x06, 0x22, 0x0e,
    0x10, 0x06, 0x07, 0x0c, 0x05, 0x07, 0x06, 0x05, 0x06, 0x0c, 0x07, 0x0c,
    0x06, 0x07, 0x05, 0x06, 0x0c, 0x05, 0x06, 0x07, 0x0c, 0x06, 0x07, 0x05,
    0x06, 0x07, 0x05, 0x06, 0x0c, 0x07, 0x07, 0x0c, 0x0c, 0x07, 0x06, 0x05,
    0x06, 0x07, 0x0c, 0x07, 0x07, 0x0c, 0x07, 0x07, 0x0c, 0x07, 0x06, 0x05,
    0x06, 0x05, 0x0c, 0x07, 0x07, 0x0c, 0x07, 0x05, 0x06, 0x06, 0x05, 0x07,
    0x0c, 0x07, 0x0c, 0x06, 0x05, 0x06, 0x06, 0x05, 0x06, 0x06, 0x05, 0x06,
    0x05, 0x07, 0x06, 0x0c, 0x07, 0x07, 0x0c, 0x07, 0x05, 0x06, 0x06, 0x07,
    0x06, 0x05, 0x07, 0x06, 0x05, 0x07, 0x06, 0x05, 0x07, 0x06, 0x05, 0x07,
    0x06, 0x0c, 0x07, 0x0c, 0x07, 0x07, 0x0c, 0x06, 0x05, 0x06, 0x07, 0x05,
    0x06, 0x06, 0x05, 0x07, 0x06, 0x0c, 0x07, 0x07, 0x0c, 0x06, 0x07, 0x06,
    0x0c, 0x07, 0x05, 0x06, 0x07, 0x05, 0x06, 0x06, 0x05, 0x06, 0x07, 0x05,
    0x06, 0x05, 0x06, 0x06, 0x05, 0x05, 0x06, 0x05, 0x06, 0x05, 0x06, 0x0c,
    0x07, 0x0c, 0x07, 0x0c, 0x07, 0x0c, 0x07, 0x0c, 0x07, 0x0c, 0x06, 0x07,
    0x0c, 0x05, 0x06, 0x07, 0x05, 0x06, 0x07, 0x05, 0x06, 0x06, 0x05, 0x0c,
    0x07, 0x05, 0x06, 0x07, 0x05, 0x06, 0x07, 0x0c, 0x06, 0x05, 0x07, 0x06,
    0x05, 0x07, 0x06, 0x05, 0x06, 0x0c, 0x05, 0x06, 0x05, 0x07, 0x06, 0x0c,
    0x07, 0x05, 0x06, 0x07, 0x0c, 0x07, 0x07, 0x0c, 0x07, 0x06, 0x0c, 0x07,
    0x06, 0x0c, 0x1b, 0x00, 0x00, 0x23, 0x05, 0x06, 0x06, 0x07, 0x0c, 0x07,
    0x07, 0x0c, 0x07, 0x07, 0x0c, 0x06, 0x05, 0x07, 0x06, 0x07, 0x0c, 0x07,
    0x0c, 0x07, 0x06, 0x0c, 0x07, 0x0c, 0x06, 0x07, 0x05, 0x06, 0x0c, 0x07,
    0x07, 0x0c, 0x07, 0x06, 0x05, 0x06, 0x07, 0x0c, 0x06, 0x07, 0x0c, 0x06,
    0x07, 0x0c, 0x07, 0x07, 0x0c, 0x07, 0x06, 0x07, 0x0c, 0x06, 0x07, 0x0c,
    0x07, 0x07, 0x0c, 0x06, 0x07, 0x0c, 0x07, 0x07, 0x0c, 0x07, 0x07, 0x0c,
    0x07, 0x07, 0x0c, 0x07, 0x06, 0x0c, 0x07, 0x05, 0x06, 0x06, 0x05, 0x06,
    0x06, 0x05, 0x05, 0x06, 0x05, 0x06, 0x06, 0x05, 0x0c, 0x06, 0x07, 0x0c,
    0x06, 0x05, 0x06, 0x06, 0x05, 0x07, 0x06, 0x05, 0x06, 0x0c, 0x07, 0x07,
    0x0c, 0x07, 0x06, 0x0c, 0x05, 0x07, 0x06, 0x05, 0x07, 0x0c, 0x07, 0x06,
    0x05, 0x07, 0x0c, 0x07, 0x05, 0x06, 0x07, 0x0c, 0x06, 0x05, 0x07, 0x06,
    0x05, 0x06, 0x06, 0x05, 0x06, 0x07, 0x05, 0x06, 0x06, 0x07, 0x06, 0x05,
    0x07, 0x0c, 0x07, 0x07, 0x06, 0x05, 0x06, 0x06, 0x05, 0x06, 0x07, 0x0c,
    0x07, 0x07, 0x0c, 0x07, 0x06, 0x05, 0x06, 0x06, 0x0c, 0x07, 0x0c, 0x06,
    0x07, 0x0c, 0x07, 0x06, 0x0c, 0x07, 0x0c, 0x0c, 0x07, 0x06, 0x05, 0x07,
    0x06, 0x0c, 0x07, 0x06, 0x0c, 0x07, 0x06, 0x05, 0x06, 0x07, 0x07, 0x06,
    0x0c, 0x07, 0x07, 0x0c, 0x07, 0x06, 0x0c, 0x07, 0x0c, 0x06, 0x06, 0x05,
    0x07, 0x0c, 0x07, 0x05, 0x06, 0x05, 0x07, 0x24, 0x00, 0x00, 0x0e, 0x04,
    0x05, 0x06, 0x06, 0x05, 0x06, 0x06, 0x05, 0x06, 0x07, 0x05, 0x06, 0x06,
    0x05, 0x06, 0x07, 0x07, 0x0c, 0x07, 0x07, 0x05, 0x06, 0x07, 0x05, 0x06,
    0x06, 0x05, 0x07, 0x06, 0x0c, 0x07, 0x07, 0x0c, 0x07, 0x0c, 0x07, 0x0c,
    0x07, 0x05, 0x06, 0x05, 0x07, 0x0c, 0x06, 0x05, 0x06, 0x06, 0x05, 0x07,
    0x06, 0x05, 0x06, 0x07, 0x0c, 0x06, 0x05, 0x07, 0x06, 0x0c, 0x07, 0x06,
    0x05, 0x06, 0x06, 0x05, 0x06, 0x06, 0x05, 0x07, 0x06, 0x05, 0x06, 0x06,
    0x05, 0x07, 0x0c, 0x07, 0x07, 0x0c, 0x06, 0x07, 0x05, 0x06, 0x05, 0x06,
    0x07, 0x05, 0x06, 0x07, 0x05, 0x06, 0x07, 0x05, 0x06, 0x0c, 0x07, 0x07,
    0x0c, 0x07, 0x06, 0x05, 0x06, 0x05, 0x07, 0x06, 0x0c, 0x07, 0x06, 0x0c,
    0x07, 0x06, 0x0c, 0x07, 0x0c, 0x06, 0x07, 0x0c, 0x06, 0x07, 0x0c, 0x07,
    0x06, 0x05, 0x06, 0x06, 0x05, 0x05, 0x06, 0x07, 0x0c, 0x06, 0x07, 0x0c,
    0x05, 0x07, 0x0c, 0x06, 0x07, 0x0c, 0x06, 0x07, 0x0c, 0x07, 0x07, 0x0c,
    0x07, 0x07, 0x0c, 0x07, 0x06, 0x0c, 0x07, 0x07, 0x0c, 0x07, 0x07, 0x0c,
    0x07, 0x07, 0x0c, 0x07, 0x05, 0x06, 0x05, 0x07, 0x06, 0x07, 0x07, 0x06,
    0x05, 0x06, 0x06, 0x05, 0x06, 0x07, 0x05, 0x06, 0x05, 0x07, 0x0c, 0x06,
    0x05, 0x0c, 0x06, 0x07, 0x05, 0x06, 0x06, 0x0c, 0x07, 0x07, 0x0c, 0x07,
    0x07, 0x0c, 0x07, 0x05, 0x06, 0x06, 0x07, 0x0c, 0x07, 0x06, 0x06, 0x25,
    0x00, 0x00, 0x00, 0x00, 0x01, 0x07, 0x05, 0x0c, 0x07, 0x0c, 0x07, 0x0c,
    0x06, 0x05, 0x06, 0x07, 0x05, 0x0c, 0x06, 0x05, 0x06, 0x06, 0x0c, 0x07,
    0x0c, 0x06, 0x07, 0x05, 0x06, 0x0c, 0x07, 0x06, 0x05, 0x06, 0x06, 0x05,
    0x06, 0x06, 0x07, 0x0c, 0x07, 0x06, 0x05, 0x06, 0x06, 0x05, 0x07, 0x06,
    0x05, 0x06, 0x07, 0x0c, 0x0c, 0x07, 0x07, 0x0c, 0x07, 0x07, 0x0c, 0x06,
    0x07, 0x05, 0x0c, 0x07, 0x06, 0x05, 0x07, 0x0c, 0x07, 0x05, 0x06, 0x0c,
    0x07, 0x0c, 0x07, 0x07, 0x0c, 0x07, 0x06, 0x0c, 0x07, 0x05, 0x06, 0x06,
    0x07, 0x06, 0x0c, 0x07, 0x07, 0x06, 0x0c, 0x07, 0x06, 0x0c, 0x07, 0x06,
    0x05, 0x07, 0x06, 0x0c, 0x07, 0x0c, 0x07, 0x07, 0x0c, 0x06, 0x07, 0x0c,
    0x07, 0x07, 0x0c, 0x07, 0x05, 0x06, 0x07, 0x05, 0x06, 0x07, 0x0c, 0x07,
    0x07, 0x0c, 0x06, 0x05, 0x06, 0x07, 0x05, 0x06, 0x06, 0x05, 0x06, 0x07,
    0x05, 0x06, 0x05, 0x06, 0x06, 0x07, 0x05, 0x06, 0x05, 0x06, 0x07, 0x05,
    0x06, 0x0c, 0x05, 0x06, 0x06, 0x05, 0x06, 0x05, 0x07, 0x06, 0x0c, 0x07,
    0x0c, 0x06, 0x05, 0x06, 0x05, 0x07, 0x06, 0x0c, 0x07, 0x06, 0x0c, 0x07,
    0x0c, 0x0c, 0x07, 0x0c, 0x07, 0x07, 0x0c, 0x07, 0x0c, 0x06, 0x05, 0x06,
    0x06, 0x05, 0x07, 0x06, 0x05, 0x07, 0x06, 0x0c, 0x05, 0x07, 0x06, 0x05,
    0x07, 0x0c, 0x06, 0x05, 0x06, 0x06, 0x05, 0x07, 0x06, 0x0c, 0x07, 0x0c,
    0x07, 0x06, 0x05, 0x14, 0x22, 0x00, 0x00, 0x00, 0x00, 0x00, 0x11, 0x06,
    0x07, 0x06, 0x05, 0x07, 0x06, 0x05, 0x06, 0x06, 0x05, 0x07, 0x06, 0x05,
    0x06, 0x05, 0x07, 0x06, 0x0c, 0x07, 0x0c, 0x06, 0x07, 0x05, 0x06, 0x07,
    0x0c, 0x05, 0x07, 0x06, 0x05, 0x05, 0x06, 0x07, 0x05, 0x06, 0x06, 0x05,
    0x07, 0x06, 0x0c, 0x07, 0x06, 0x05, 0x07, 0x06, 0x05, 0x06, 0x06, 0x05,
    0x0c, 0x06, 0x07, 0x05, 0x06, 0x06, 0x05, 0x07, 0x06, 0x0c, 0x07, 0x06,
    0x0c, 0x07, 0x07, 0x0c, 0x07, 0x06, 0x0c, 0x07, 0x0c, 0x07, 0x06, 0x05,
    0x06, 0x06, 0x05, 0x05, 0x06, 0x05, 0x07, 0x06, 0x0c, 0x05, 0x06, 0x07,
    0x05, 0x06, 0x05, 0x06, 0x0c, 0x06, 0x07, 0x05, 0x06, 0x06, 0x05, 0x06,
    0x05, 0x06, 0x07, 0x0c, 0x06, 0x05, 0x06, 0x06, 0x05, 0x06, 0x06, 0x05,
    0x06, 0x07, 0x05, 0x0c, 0x06, 0x07, 0x05, 0x06, 0x07, 0x0c, 0x06, 0x05,
    0x07, 0x06, 0x05, 0x06, 0x06, 0x05, 0x07, 0x06, 0x05, 0x07, 0x06, 0x0c,
    0x07, 0x06, 0x05, 0x06, 0x07, 0x0c, 0x07, 0x07, 0x0c, 0x07, 0x06, 0x0c,
    0x07, 0x06, 0x05, 0x07, 0x06, 0x05, 0x06, 0x06, 0x05, 0x06, 0x06, 0x05,
    0x07, 0x06, 0x05, 0x07, 0x06, 0x07, 0x05, 0x06, 0x0c, 0x07, 0x06, 0x05,
    0x07, 0x06, 0x05, 0x07, 0x06, 0x05, 0x06, 0x06, 0x05, 0x06, 0x07, 0x07,
    0x06, 0x0c, 0x07, 0x06, 0x05, 0x07, 0x06, 0x05, 0x07, 0x0c, 0x06, 0x07,
    0x0c, 0x06, 0x07, 0x05, 0x06, 0x06, 0x05, 0x26, 0x22, 0x00, 0x00, 0x00,
    0x00, 0x00, 0x00, 0x00, 0x27, 0x1f, 0x07, 0x0c, 0x06, 0x07, 0x05, 0x06,
    0x05, 0x06, 0x06, 0x07, 0x06, 0x05, 0x06, 0x05, 0x07, 0x06, 0x05, 0x07,
    0x0c, 0x06, 0x07, 0x05, 0x06, 0x07, 0x0c, 0x07, 0x06, 0x0c, 0x07, 0x06,
    0x0c, 0x07, 0x0c, 0x07, 0x06, 0x05, 0x07, 0x0c, 0x06, 0x05, 0x06, 0x0c,
    0x07, 0x07, 0x0c, 0x07, 0x07, 0x0c, 0x06, 0x05, 0x06, 0x05, 0x06, 0x06,
    0x05, 0x06, 0x05, 0x07, 0x06, 0x0c, 0x07, 0x06, 0x0c, 0x07, 0x07, 0x0c,
    0x07, 0x06, 0x0c, 0x07, 0x05, 0x07, 0x06, 0x06, 0x07, 0x0c, 0x0c, 0x07,
    0x07, 0x0c, 0x07, 0x06, 0x0c, 0x07, 0x06, 0x05, 0x07, 0x07, 0x0c, 0x06,
    0x05, 0x07, 0x06, 0x05, 0x06, 0x06, 0x05, 0x07, 0x06, 0x05, 0x07, 0x0c,
    0x07, 0x07, 0x0c, 0x07, 0x0c, 0x06, 0x07, 0x0c, 0x07, 0x06, 0x0c, 0x07,
    0x07, 0x0c, 0x07, 0x06, 0x05, 0x06, 0x05, 0x07, 0x06, 0x0c, 0x07, 0x06,
    0x0c, 0x05, 0x06, 0x0c, 0x07, 0x07, 0x0c, 0x06, 0x05, 0x06, 0x07, 0x06,
    0x06, 0x05, 0x07, 0x06, 0x05, 0x06, 0x0c, 0x05, 0x06, 0x07, 0x05, 0x06,
    0x07, 0x05, 0x06, 0x0c, 0x07, 0x06, 0x0c, 0x07, 0x06, 0x0c, 0x07, 0x07,
    0x06, 0x05, 0x06, 0x0c, 0x07, 0x06, 0x0c, 0x07, 0x06, 0x05, 0x07, 0x06,
    0x05, 0x06, 0x0c, 0x05, 0x07, 0x06, 0x05, 0x06, 0x0c, 0x06, 0x06, 0x05,
    0x06, 0x07, 0x05, 0x06, 0x07, 0x05, 0x06, 0x05, 0x07, 0x06, 0x05, 0x14,
    0x22, 0x00, 0x00, 0x00, 0x00, 0x00, 0x00, 0x00, 0x00, 0x00, 0x28, 0x29,
    0x06, 0x05, 0x06, 0x06, 0x05, 0x07, 0x0c, 0x05, 0x06, 0x05, 0x06, 0x06,
    0x05, 0x06, 0x07, 0x0c, 0x07, 0x07, 0x0c, 0x06, 0x05, 0x06, 0x06, 0x05,
    0x06, 0x07, 0x05, 0x06, 0x07, 0x05, 0x06, 0x07, 0x0c, 0x06, 0x07, 0x0c,
    0x07, 0x07, 0x06, 0x05, 0x06, 0x05, 0x06, 0x06, 0x05, 0x07, 0x06, 0x05,
    0x06, 0x07, 0x05, 0x06, 0x07, 0x0c, 0x07, 0x06, 0x05, 0x07, 0x06, 0x05,
    0x06, 0x05, 0x06, 0x07, 0x05, 0x06, 0x07, 0x05, 0x06, 0x06, 0x05, 0x05,
    0x06, 0x07, 0x07, 0x06, 0x0c, 0x07, 0x07, 0x0c, 0x07, 0x05, 0x06, 0x06,
    0x05, 0x06, 0x07, 0x05, 0x06, 0x06, 0x05, 0x07, 0x0c, 0x07, 0x06, 0x05,
    0x06, 0x06, 0x05, 0x06, 0x07, 0x0c, 0x06, 0x07, 0x05, 0x06, 0x05, 0x06,
    0x07, 0x05, 0x06, 0x05, 0x06, 0x0c, 0x07, 0x07, 0x0c, 0x06, 0x07, 0x0c,
    0x07, 0x05, 0x06, 0x05, 0x07, 0x06, 0x07, 0x07, 0x0c, 0x07, 0x06, 0x05,
    0x07, 0x06, 0x05, 0x0c, 0x07, 0x0c, 0x06, 0x05, 0x07, 0x06, 0x05, 0x07,
    0x06, 0x0c, 0x07, 0x06, 0x0c, 0x07, 0x07, 0x0c, 0x07, 0x07, 0x0c, 0x05,
    0x07, 0x0c, 0x06, 0x05, 0x06, 0x0c, 0x07, 0x07, 0x0c, 0x07, 0x07, 0x0c,
    0x07, 0x0c, 0x06, 0x05, 0x06, 0x07, 0x07, 0x06, 0x0c, 0x07, 0x0c, 0x07,
    0x07, 0x05, 0x07, 0x0c, 0x06, 0x07, 0x0c, 0x06, 0x05, 0x06, 0x07, 0x0c,
    0x06, 0x05, 0x06, 0x2a, 0x15, 0x00, 0x00, 0x00, 0x00, 0x00, 0x00, 0x00,
    0x00, 0x00, 0x00, 0x00, 0x00, 0x2b, 0x09, 0x07, 0x06, 0x05, 0x06, 0x07,
    0x06, 0x05, 0x07, 0x06, 0x05, 0x06, 0x05, 0x06, 0x06, 0x05, 0x06, 0x07,
    0x05, 0x06, 0x05, 0x07, 0x06, 0x0c, 0x07, 0x06, 0x0c, 0x07, 0x0c, 0x07,
    0x07, 0x0c, 0x05, 0x06, 0x06, 0x05, 0x06, 0x05, 0x07, 0x06, 0x05, 0x06,
    0x07, 0x0c, 0x06, 0x07, 0x05, 0x06, 0x06, 0x05, 0x07, 0x0c, 0x07, 0x06,
    0x0c, 0x07, 0x0c, 0x07, 0x06, 0x05, 0x07, 0x0c, 0x06, 0x05, 0x06, 0x0c,
    0x07, 0x06, 0x0c, 0x07, 0x06, 0x0c, 0x05, 0x07, 0x06, 0x0c, 0x07, 0x06,
    0x0c, 0x07, 0x07, 0x0c, 0x07, 0x0c, 0x06, 0x0c, 0x07, 0x07, 0x0c, 0x06,
    0x07, 0x0c, 0x07, 0x05, 0x06, 0x05, 0x07, 0x06, 0x0c, 0x07, 0x05, 0x06,
    0x06, 0x05, 0x07, 0x06, 0x0c, 0x07, 0x06, 0x05, 0x07, 0x06, 0x0c, 0x07,
    0x0c, 0x07, 0x07, 0x0c, 0x06, 0x06, 0x05, 0x06, 0x06, 0x05, 0x06, 0x0c,
    0x07, 0x07, 0x0c, 0x06, 0x05, 0x06, 0x06, 0x05, 0x07, 0x06, 0x05, 0x06,
    0x06, 0x05, 0x06, 0x07, 0x07, 0x06, 0x05, 0x07, 0x06, 0x05, 0x06, 0x06,
    0x05, 0x06, 0x06, 0x05, 0x06, 0x07, 0x07, 0x0c, 0x07, 0x07, 0x0c, 0x07,
    0x06, 0x0c, 0x07, 0x0c, 0x07, 0x07, 0x0c, 0x07, 0x06, 0x0c, 0x05, 0x07,
    0x06, 0x07, 0x0c, 0x06, 0x07, 0x0c, 0x06, 0x07, 0x05, 0x06, 0x07, 0x0c,
    0x07, 0x06, 0x05, 0x06, 0x07, 0x2c, 0x0f, 0x22, 0x00, 0x00, 0x00, 0x00,
    0x00, 0x00, 0x00, 0x00, 0x00, 0x00, 0x00, 0x00, 0x00, 0x00, 0x00, 0x00,
    0x15, 0x2d, 0x19, 0x23, 0x2e, 0x2f, 0x23, 0x2e, 0x2f, 0x23, 0x2e, 0x2f,
    0x23, 0x2e, 0x2f, 0x23, 0x2e, 0x2f, 0x23, 0x2e, 0x2f, 0x23, 0x30, 0x23,
    0x2f, 0x2e, 0x23, 0x2f, 0x2e, 0x23, 0x2f, 0x2e, 0x23, 0x2f, 0x2e, 0x2f,
    0x23, 0x2e, 0x2f, 0x23, 0x30, 0x23, 0x2f, 0x2e, 0x23, 0x2f, 0x2e, 0x23,
    0x2f, 0x2e, 0x23, 0x2f, 0x2e, 0x23, 0x2f, 0x23, 0x30, 0x23, 0x23, 0x2f,
    0x2e, 0x23, 0x23, 0x2f, 0x2e, 0x23, 0x2f, 0x23, 0x2e, 0x23, 0x2f, 0x23,
    0x30, 0x23, 0x2f, 0x23, 0x30, 0x23, 0x23, 0x2f, 0x2e, 0x23, 0x23, 0x2f,
    0x2e, 0x2f, 0x23, 0x2f, 0x2e, 0x23, 0x2f, 0x23, 0x2e, 0x2f, 0x23, 0x2f,
    0x2e, 0x23, 0x2f, 0x23, 0x30, 0x23, 0x23, 0x2f, 0x2e, 0x2f, 0x23, 0x23,
    0x30, 0x23, 0x23, 0x2f, 0x2e, 0x23, 0x2f, 0x23, 0x30, 0x23, 0x23, 0x2f,
    0x2e, 0x23, 0x2f, 0x2f, 0x2e, 0x2f, 0x23, 0x23, 0x30, 0x23, 0x2f, 0x23,
    0x2e, 0x2f, 0x23, 0x23, 0x30, 0x23, 0x2f, 0x2f, 0x2e, 0x2f, 0x2f, 0x23,
    0x30, 0x23, 0x2f, 0x23, 0x30, 0x23, 0x2f, 0x23, 0x2e, 0x2f, 0x23, 0x23,
    0x30, 0x23, 0x23, 0x2f, 0x2e, 0x2f, 0x23, 0x23, 0x30, 0x23, 0x23, 0x2f,
    0x2e, 0x23, 0x2f, 0x23, 0x30, 0x2f, 0x23, 0x23, 0x30, 0x23, 0x2f, 0x23,
    0x2e, 0x2f, 0x23, 0x2f, 0x2e, 0x23, 0x2f, 0x2f, 0x31, 0x13, 0x00, 0x00,
    0x00, 0x00, 0x00, 0x00, 0x00, 0x00, 0x00, 0x00
};

LOCATION_PRAGMA("ExtFlashSection")
KEEP extern const unsigned char image_alarm_skyblue_box_extra_data[] LOCATION_ATTRIBUTE("ExtFlashSection") = { // 50 ARGB8888 CLUT entries.
    0x00, 0x00, 0x32, 0x00,
    0x00, 0x00, 0x00, 0x00, 0xf8, 0xe0, 0x98, 0x41, 0xf8, 0xdc, 0xa0, 0x82,
    0xf8, 0xe0, 0xa0, 0xbe, 0xf8, 0xdc, 0xa0, 0xdf, 0xf8, 0xdc, 0x98, 0xff,
    0xf8, 0xe0, 0xa0, 0xff, 0xf8, 0xdc, 0xa0, 0xff, 0xf8, 0xdc, 0xa0, 0xcf,
    0xf8, 0xe0, 0x98, 0xae, 0xf8, 0xe0, 0x98, 0x5d, 0xf8, 0xe0, 0x98, 0x20,
    0xf8, 0xe0, 0x98, 0xff, 0xf8, 0xe0, 0xa0, 0x9e, 0xf8, 0xe0, 0xa0, 0x10,
    0xf8, 0xdc, 0xa0, 0x8e, 0xf8, 0xdc, 0x98, 0xef, 0xf8, 0xdc, 0xa0, 0x71,
    0xf8, 0xdc, 0x98, 0x41, 0xf8, 0xe0, 0x98, 0x30, 0xf8, 0xe0, 0xa0, 0xdf,
    0xf8, 0xd0, 0xa0, 0x10, 0xf8, 0xdc, 0xa0, 0x7d, 0xf8, 0xdc, 0xa0, 0xef,
    0xf8, 0xe0, 0xa0, 0x8e, 0xf8, 0xe0, 0x98, 0x6d, 0xf8, 0xe0, 0x98, 0x9e,
    0xf8, 0xdc, 0xa0, 0xae, 0xf8, 0xdc, 0x98, 0xbe, 0xf8, 0xe0, 0x98, 0xbe,
    0xf8, 0xdc, 0xa0, 0xbe, 0xf8, 0xe0, 0xa0, 0xef, 0xf8, 0xe0, 0xa0, 0x51,
    0xf8, 0xdc, 0xa0, 0x61, 0xf8, 0xd8, 0x98, 0x20, 0xf8, 0xe0, 0xa0, 0x7d,
    0xf8, 0xdc, 0x98, 0x30, 0xf8, 0xdc, 0x98, 0x9e, 0xf8, 0xdc, 0x98, 0xdf,
    0xf8, 0xdc, 0x98, 0x61, 0xf8, 0xd8, 0xa0, 0x20, 0xf8, 0xdc, 0x98, 0xcf,
    0xf8, 0xdc, 0x98, 0x8e, 0xf8, 0xe0, 0xa0, 0x4d, 0xf8, 0xe0, 0x98, 0xef,
    0xf8, 0xe4, 0xa0, 0x41, 0xf8, 0xe0, 0xa0, 0x82, 0xf8, 0xe0, 0x98, 0x7d,
    0xf8, 0xe0, 0x98, 0x82, 0xf8, 0xe0, 0xa0, 0x61
};
