// 4.23.2 0x4e32496b D2 AY R0 FL8_ARGB8888 U565 N0 SExtFlashSection EExtFlashSection CNO_COMPRESSION
// Generated by imageconverter. Please, do not edit!

#include <touchgfx/hal/Config.hpp>

LOCATION_PRAGMA("ExtFlashSection")
KEEP extern const unsigned char image_userinfo_age_box[] LOCATION_ATTRIBUTE("ExtFlashSection") = { // 222x143 L8_ARGB8888 pixels.
    0x00, 0x00, 0x00, 0x01, 0x02, 0x03, 0x04, 0x04, 0x05, 0x04, 0x04, 0x05,
    0x04, 0x04, 0x05, 0x04, 0x04, 0x05, 0x04, 0x04, 0x05, 0x04, 0x04, 0x05,
    0x04, 0x04, 0x05, 0x04, 0x04, 0x05, 0x04, 0x04, 0x05, 0x04, 0x04, 0x05,
    0x04, 0x04, 0x05, 0x04, 0x04, 0x05, 0x04, 0x04, 0x05, 0x04, 0x04, 0x05,
    0x04, 0x04, 0x05, 0x04, 0x04, 0x05, 0x04, 0x04, 0x05, 0x04, 0x04, 0x05,
    0x04, 0x04, 0x05, 0x04, 0x04, 0x05, 0x04, 0x04, 0x05, 0x04, 0x04, 0x05,
    0x04, 0x04, 0x05, 0x04, 0x04, 0x05, 0x04, 0x04, 0x05, 0x04, 0x04, 0x05,
    0x04, 0x04, 0x05, 0x04, 0x04, 0x05, 0x04, 0x04, 0x05, 0x04, 0x04, 0x05,
    0x04, 0x04, 0x05, 0x04, 0x04, 0x05, 0x04, 0x04, 0x05, 0x04, 0x04, 0x05,
    0x04, 0x04, 0x05, 0x04, 0x04, 0x05, 0x04, 0x04, 0x05, 0x04, 0x04, 0x05,
    0x04, 0x04, 0x05, 0x04, 0x04, 0x05, 0x04, 0x04, 0x05, 0x04, 0x04, 0x05,
    0x04, 0x04, 0x05, 0x04, 0x04, 0x05, 0x04, 0x04, 0x05, 0x04, 0x04, 0x05,
    0x04, 0x04, 0x05, 0x04, 0x04, 0x05, 0x04, 0x04, 0x05, 0x04, 0x04, 0x05,
    0x04, 0x04, 0x05, 0x04, 0x04, 0x05, 0x04, 0x04, 0x05, 0x04, 0x04, 0x05,
    0x04, 0x04, 0x05, 0x04, 0x04, 0x05, 0x04, 0x04, 0x05, 0x04, 0x04, 0x05,
    0x04, 0x04, 0x05, 0x04, 0x04, 0x05, 0x04, 0x04, 0x05, 0x04, 0x04, 0x05,
    0x04, 0x04, 0x05, 0x04, 0x04, 0x05, 0x04, 0x04, 0x05, 0x04, 0x04, 0x05,
    0x04, 0x04, 0x05, 0x04, 0x04, 0x05, 0x04, 0x04, 0x05, 0x04, 0x04, 0x05,
    0x06, 0x07, 0x08, 0x00, 0x00, 0x00, 0x00, 0x00, 0x09, 0x05, 0x04, 0x04,
    0x05, 0x05, 0x04, 0x05, 0x05, 0x04, 0x05, 0x05, 0x04, 0x05, 0x05, 0x04,
    0x05, 0x05, 0x04, 0x05, 0x05, 0x04, 0x05, 0x05, 0x04, 0x05, 0x05, 0x04,
    0x05, 0x05, 0x04, 0x05, 0x05, 0x04, 0x05, 0x05, 0x04, 0x05, 0x05, 0x04,
    0x05, 0x05, 0x04, 0x05, 0x05, 0x04, 0x05, 0x05, 0x04, 0x05, 0x05, 0x04,
    0x05, 0x05, 0x04, 0x05, 0x05, 0x04, 0x05, 0x05, 0x04, 0x05, 0x05, 0x04,
    0x05, 0x05, 0x04, 0x05, 0x05, 0x04, 0x05, 0x05, 0x04, 0x05, 0x05, 0x04,
    0x05, 0x05, 0x04, 0x05, 0x05, 0x04, 0x05, 0x05, 0x04, 0x05, 0x05, 0x04,
    0x05, 0x05, 0x04, 0x05, 0x05, 0x04, 0x05, 0x05, 0x04, 0x05, 0x05, 0x04,
    0x05, 0x05, 0x04, 0x05, 0x05, 0x04, 0x05, 0x05, 0x04, 0x05, 0x05, 0x04,
    0x05, 0x05, 0x04, 0x05, 0x05, 0x04, 0x05, 0x05, 0x04, 0x05, 0x05, 0x04,
    0x05, 0x05, 0x04, 0x05, 0x05, 0x04, 0x05, 0x05, 0x04, 0x05, 0x05, 0x04,
    0x05, 0x05, 0x04, 0x05, 0x05, 0x04, 0x05, 0x05, 0x04, 0x05, 0x05, 0x04,
    0x05, 0x05, 0x04, 0x05, 0x05, 0x04, 0x05, 0x05, 0x04, 0x05, 0x05, 0x04,
    0x05, 0x05, 0x04, 0x05, 0x05, 0x04, 0x05, 0x05, 0x04, 0x05, 0x05, 0x04,
    0x05, 0x05, 0x04, 0x05, 0x05, 0x04, 0x05, 0x05, 0x04, 0x05, 0x05, 0x04,
    0x05, 0x05, 0x04, 0x05, 0x05, 0x04, 0x05, 0x05, 0x04, 0x05, 0x05, 0x04,
    0x05, 0x05, 0x04, 0x05, 0x05, 0x04, 0x05, 0x05, 0x04, 0x05, 0x05, 0x04,
    0x05, 0x05, 0x04, 0x05, 0x05, 0x04, 0x04, 0x05, 0x04, 0x0a, 0x00, 0x00,
    0x00, 0x09, 0x05, 0x05, 0x04, 0x04, 0x05, 0x04, 0x04, 0x05, 0x04, 0x04,
    0x05, 0x04, 0x04, 0x05, 0x04, 0x04, 0x05, 0x04, 0x04, 0x05, 0x04, 0x04,
    0x05, 0x04, 0x04, 0x05, 0x04, 0x04, 0x05, 0x04, 0x04, 0x05, 0x04, 0x04,
    0x05, 0x04, 0x04, 0x05, 0x04, 0x04, 0x05, 0x04, 0x04, 0x05, 0x04, 0x04,
    0x05, 0x04, 0x04, 0x05, 0x04, 0x04, 0x05, 0x04, 0x04, 0x05, 0x04, 0x04,
    0x05, 0x04, 0x04, 0x05, 0x04, 0x04, 0x05, 0x04, 0x04, 0x05, 0x04, 0x04,
    0x05, 0x04, 0x04, 0x05, 0x04, 0x04, 0x05, 0x04, 0x04, 0x05, 0x04, 0x04,
    0x05, 0x04, 0x04, 0x05, 0x04, 0x04, 0x05, 0x04, 0x04, 0x05, 0x04, 0x04,
    0x05, 0x04, 0x04, 0x05, 0x04, 0x04, 0x05, 0x04, 0x04, 0x05, 0x04, 0x04,
    0x05, 0x04, 0x04, 0x05, 0x04, 0x04, 0x05, 0x04, 0x04, 0x05, 0x04, 0x04,
    0x05, 0x04, 0x04, 0x05, 0x04, 0x04, 0x05, 0x04, 0x04, 0x05, 0x04, 0x04,
    0x05, 0x04, 0x04, 0x05, 0x04, 0x04, 0x05, 0x04, 0x04, 0x05, 0x04, 0x04,
    0x05, 0x04, 0x04, 0x05, 0x04, 0x04, 0x05, 0x04, 0x04, 0x05, 0x04, 0x04,
    0x05, 0x04, 0x04, 0x05, 0x04, 0x04, 0x05, 0x04, 0x04, 0x05, 0x04, 0x04,
    0x05, 0x04, 0x04, 0x05, 0x04, 0x04, 0x05, 0x04, 0x04, 0x05, 0x04, 0x04,
    0x05, 0x04, 0x04, 0x05, 0x04, 0x04, 0x05, 0x04, 0x04, 0x05, 0x04, 0x04,
    0x05, 0x04, 0x04, 0x05, 0x04, 0x04, 0x05, 0x04, 0x04, 0x05, 0x04, 0x04,
    0x05, 0x04, 0x04, 0x05, 0x04, 0x04, 0x05, 0x04, 0x04, 0x05, 0x05, 0x04,
    0x05, 0x05, 0x04, 0x05, 0x0b, 0x00, 0x01, 0x05, 0x04, 0x05, 0x05, 0x04,
    0x05, 0x05, 0x04, 0x05, 0x05, 0x04, 0x05, 0x05, 0x04, 0x05, 0x05, 0x04,
    0x05, 0x05, 0x04, 0x05, 0x05, 0x04, 0x05, 0x05, 0x04, 0x05, 0x05, 0x04,
    0x05, 0x05, 0x04, 0x05, 0x05, 0x04, 0x05, 0x05, 0x04, 0x05, 0x05, 0x04,
    0x05, 0x05, 0x04, 0x05, 0x05, 0x04, 0x05, 0x05, 0x04, 0x05, 0x05, 0x04,
    0x05, 0x05, 0x04, 0x05, 0x05, 0x04, 0x05, 0x05, 0x04, 0x05, 0x05, 0x04,
    0x05, 0x05, 0x04, 0x05, 0x05, 0x04, 0x05, 0x05, 0x04, 0x05, 0x05, 0x04,
    0x05, 0x05, 0x04, 0x05, 0x05, 0x04, 0x05, 0x05, 0x04, 0x05, 0x05, 0x04,
    0x05, 0x05, 0x04, 0x05, 0x05, 0x04, 0x05, 0x05, 0x04, 0x05, 0x05, 0x04,
    0x05, 0x05, 0x04, 0x05, 0x05, 0x04, 0x05, 0x05, 0x04, 0x05, 0x05, 0x04,
    0x05, 0x05, 0x04, 0x05, 0x05, 0x04, 0x05, 0x05, 0x04, 0x05, 0x05, 0x04,
    0x05, 0x05, 0x04, 0x05, 0x05, 0x04, 0x05, 0x05, 0x04, 0x05, 0x05, 0x04,
    0x05, 0x05, 0x04, 0x05, 0x05, 0x04, 0x05, 0x05, 0x04, 0x05, 0x05, 0x04,
    0x05, 0x05, 0x04, 0x05, 0x05, 0x04, 0x05, 0x05, 0x04, 0x05, 0x05, 0x04,
    0x05, 0x05, 0x04, 0x05, 0x05, 0x04, 0x05, 0x05, 0x04, 0x05, 0x05, 0x04,
    0x05, 0x05, 0x04, 0x05, 0x05, 0x04, 0x05, 0x05, 0x04, 0x05, 0x05, 0x04,
    0x05, 0x05, 0x04, 0x05, 0x05, 0x04, 0x05, 0x05, 0x04, 0x05, 0x05, 0x04,
    0x05, 0x05, 0x04, 0x05, 0x05, 0x04, 0x05, 0x05, 0x04, 0x05, 0x05, 0x04,
    0x05, 0x05, 0x04, 0x04, 0x05, 0x04, 0x04, 0x05, 0x04, 0x04, 0x03, 0x0c,
    0x02, 0x04, 0x04, 0x05, 0x04, 0x04, 0x05, 0x04, 0x05, 0x04, 0x05, 0x04,
    0x04, 0x05, 0x04, 0x04, 0x05, 0x04, 0x04, 0x05, 0x04, 0x04, 0x05, 0x04,
    0x04, 0x05, 0x04, 0x04, 0x05, 0x04, 0x04, 0x05, 0x04, 0x04, 0x05, 0x04,
    0x04, 0x05, 0x04, 0x04, 0x05, 0x04, 0x04, 0x05, 0x04, 0x04, 0x05, 0x04,
    0x04, 0x05, 0x04, 0x04, 0x05, 0x04, 0x04, 0x05, 0x04, 0x04, 0x05, 0x04,
    0x04, 0x05, 0x04, 0x04, 0x05, 0x04, 0x04, 0x05, 0x04, 0x04, 0x05, 0x04,
    0x04, 0x05, 0x04, 0x04, 0x05, 0x04, 0x04, 0x05, 0x04, 0x04, 0x05, 0x04,
    0x04, 0x05, 0x04, 0x04, 0x05, 0x04, 0x04, 0x05, 0x04, 0x04, 0x05, 0x04,
    0x04, 0x05, 0x04, 0x04, 0x05, 0x04, 0x04, 0x05, 0x04, 0x04, 0x05, 0x04,
    0x04, 0x05, 0x04, 0x04, 0x05, 0x04, 0x04, 0x05, 0x04, 0x04, 0x05, 0x04,
    0x04, 0x05, 0x04, 0x04, 0x05, 0x04, 0x04, 0x05, 0x04, 0x04, 0x05, 0x04,
    0x04, 0x05, 0x04, 0x04, 0x05, 0x04, 0x04, 0x05, 0x04, 0x04, 0x05, 0x04,
    0x04, 0x05, 0x04, 0x04, 0x05, 0x04, 0x04, 0x05, 0x04, 0x04, 0x05, 0x04,
    0x04, 0x05, 0x04, 0x04, 0x05, 0x04, 0x04, 0x05, 0x04, 0x04, 0x05, 0x04,
    0x04, 0x05, 0x04, 0x04, 0x05, 0x04, 0x04, 0x05, 0x04, 0x04, 0x05, 0x04,
    0x04, 0x05, 0x04, 0x04, 0x05, 0x04, 0x04, 0x05, 0x04, 0x04, 0x05, 0x04,
    0x04, 0x05, 0x04, 0x04, 0x05, 0x04, 0x04, 0x05, 0x04, 0x04, 0x05, 0x04,
    0x04, 0x05, 0x04, 0x04, 0x05, 0x04, 0x04, 0x05, 0x05, 0x04, 0x05, 0x04,
    0x05, 0x05, 0x04, 0x05, 0x04, 0x0d, 0x03, 0x04, 0x05, 0x05, 0x04, 0x05,
    0x04, 0x05, 0x04, 0x04, 0x05, 0x05, 0x04, 0x05, 0x05, 0x04, 0x05, 0x05,
    0x04, 0x05, 0x05, 0x04, 0x05, 0x05, 0x04, 0x05, 0x05, 0x04, 0x05, 0x05,
    0x04, 0x05, 0x05, 0x04, 0x05, 0x05, 0x04, 0x05, 0x05, 0x04, 0x05, 0x05,
    0x04, 0x05, 0x05, 0x04, 0x05, 0x05, 0x04, 0x05, 0x05, 0x04, 0x05, 0x05,
    0x04, 0x05, 0x05, 0x04, 0x05, 0x05, 0x04, 0x05, 0x05, 0x04, 0x05, 0x05,
    0x04, 0x05, 0x05, 0x04, 0x05, 0x05, 0x04, 0x05, 0x05, 0x04, 0x05, 0x05,
    0x04, 0x05, 0x05, 0x04, 0x05, 0x05, 0x04, 0x05, 0x05, 0x04, 0x05, 0x05,
    0x04, 0x05, 0x05, 0x04, 0x05, 0x05, 0x04, 0x05, 0x05, 0x04, 0x05, 0x05,
    0x04, 0x05, 0x05, 0x04, 0x05, 0x05, 0x04, 0x05, 0x05, 0x04, 0x05, 0x05,
    0x04, 0x05, 0x05, 0x04, 0x05, 0x05, 0x04, 0x05, 0x05, 0x04, 0x05, 0x05,
    0x04, 0x05, 0x05, 0x04, 0x05, 0x05, 0x04, 0x05, 0x05, 0x04, 0x05, 0x05,
    0x04, 0x05, 0x05, 0x04, 0x05, 0x05, 0x04, 0x05, 0x05, 0x04, 0x05, 0x05,
    0x04, 0x05, 0x05, 0x04, 0x05, 0x05, 0x04, 0x05, 0x05, 0x04, 0x05, 0x05,
    0x04, 0x05, 0x05, 0x04, 0x05, 0x05, 0x04, 0x05, 0x05, 0x04, 0x05, 0x05,
    0x04, 0x05, 0x05, 0x04, 0x05, 0x05, 0x04, 0x05, 0x05, 0x04, 0x05, 0x05,
    0x04, 0x05, 0x05, 0x04, 0x05, 0x05, 0x04, 0x05, 0x05, 0x04, 0x05, 0x05,
    0x04, 0x05, 0x05, 0x04, 0x05, 0x05, 0x04, 0x05, 0x05, 0x04, 0x05, 0x05,
    0x04, 0x04, 0x05, 0x05, 0x04, 0x05, 0x04, 0x04, 0x05, 0x05, 0x04, 0x07,
    0x04, 0x05, 0x04, 0x04, 0x05, 0x05, 0x04, 0x05, 0x05, 0x04, 0x05, 0x04,
    0x04, 0x05, 0x04, 0x04, 0x05, 0x04, 0x04, 0x05, 0x04, 0x05, 0x04, 0x05,
    0x04, 0x04, 0x05, 0x04, 0x04, 0x05, 0x04, 0x04, 0x05, 0x04, 0x04, 0x05,
    0x04, 0x04, 0x05, 0x04, 0x04, 0x05, 0x04, 0x04, 0x05, 0x04, 0x04, 0x05,
    0x04, 0x04, 0x05, 0x04, 0x04, 0x05, 0x04, 0x04, 0x05, 0x04, 0x04, 0x05,
    0x04, 0x04, 0x05, 0x04, 0x04, 0x05, 0x04, 0x04, 0x05, 0x04, 0x04, 0x05,
    0x04, 0x04, 0x05, 0x04, 0x04, 0x05, 0x04, 0x04, 0x05, 0x04, 0x04, 0x05,
    0x04, 0x04, 0x05, 0x04, 0x04, 0x05, 0x04, 0x04, 0x05, 0x04, 0x04, 0x05,
    0x04, 0x04, 0x05, 0x04, 0x04, 0x05, 0x04, 0x04, 0x05, 0x04, 0x04, 0x05,
    0x04, 0x04, 0x05, 0x04, 0x04, 0x05, 0x04, 0x04, 0x05, 0x04, 0x04, 0x05,
    0x04, 0x04, 0x05, 0x04, 0x04, 0x05, 0x04, 0x04, 0x05, 0x04, 0x04, 0x05,
    0x04, 0x04, 0x05, 0x04, 0x04, 0x05, 0x04, 0x04, 0x05, 0x04, 0x04, 0x05,
    0x04, 0x04, 0x05, 0x04, 0x04, 0x05, 0x04, 0x04, 0x05, 0x04, 0x04, 0x05,
    0x04, 0x04, 0x05, 0x04, 0x04, 0x05, 0x04, 0x04, 0x05, 0x04, 0x04, 0x05,
    0x04, 0x04, 0x05, 0x04, 0x04, 0x05, 0x04, 0x04, 0x05, 0x04, 0x04, 0x05,
    0x04, 0x04, 0x05, 0x04, 0x04, 0x05, 0x04, 0x04, 0x05, 0x04, 0x04, 0x05,
    0x04, 0x04, 0x05, 0x04, 0x04, 0x05, 0x04, 0x04, 0x05, 0x04, 0x04, 0x05,
    0x04, 0x04, 0x05, 0x04, 0x04, 0x05, 0x05, 0x04, 0x04, 0x05, 0x04, 0x05,
    0x04, 0x04, 0x05, 0x04, 0x05, 0x0e, 0x05, 0x04, 0x05, 0x04, 0x05, 0x04,
    0x04, 0x05, 0x04, 0x05, 0x04, 0x05, 0x05, 0x04, 0x05, 0x05, 0x04, 0x05,
    0x05, 0x04, 0x04, 0x05, 0x04, 0x04, 0x05, 0x05, 0x04, 0x05, 0x05, 0x04,
    0x05, 0x05, 0x04, 0x05, 0x05, 0x04, 0x05, 0x05, 0x04, 0x05, 0x05, 0x04,
    0x05, 0x05, 0x04, 0x05, 0x05, 0x04, 0x05, 0x05, 0x04, 0x05, 0x05, 0x04,
    0x05, 0x05, 0x04, 0x05, 0x05, 0x04, 0x05, 0x05, 0x04, 0x05, 0x05, 0x04,
    0x05, 0x05, 0x04, 0x05, 0x05, 0x04, 0x05, 0x05, 0x04, 0x05, 0x05, 0x04,
    0x05, 0x05, 0x04, 0x05, 0x05, 0x04, 0x05, 0x05, 0x04, 0x05, 0x05, 0x04,
    0x05, 0x05, 0x04, 0x05, 0x05, 0x04, 0x05, 0x05, 0x04, 0x05, 0x05, 0x04,
    0x05, 0x05, 0x04, 0x05, 0x05, 0x04, 0x05, 0x05, 0x04, 0x05, 0x05, 0x04,
    0x05, 0x05, 0x04, 0x05, 0x05, 0x04, 0x05, 0x05, 0x04, 0x05, 0x05, 0x04,
    0x05, 0x05, 0x04, 0x05, 0x05, 0x04, 0x05, 0x05, 0x04, 0x05, 0x05, 0x04,
    0x05, 0x05, 0x04, 0x05, 0x05, 0x04, 0x05, 0x05, 0x04, 0x05, 0x05, 0x04,
    0x05, 0x05, 0x04, 0x05, 0x05, 0x04, 0x05, 0x05, 0x04, 0x05, 0x05, 0x04,
    0x05, 0x05, 0x04, 0x05, 0x05, 0x04, 0x05, 0x05, 0x04, 0x05, 0x05, 0x04,
    0x05, 0x05, 0x04, 0x05, 0x05, 0x04, 0x05, 0x05, 0x04, 0x05, 0x05, 0x04,
    0x05, 0x05, 0x04, 0x05, 0x05, 0x04, 0x05, 0x05, 0x04, 0x05, 0x05, 0x04,
    0x05, 0x05, 0x04, 0x05, 0x05, 0x04, 0x05, 0x05, 0x04, 0x05, 0x04, 0x05,
    0x04, 0x05, 0x05, 0x04, 0x04, 0x05, 0x05, 0x05, 0x04, 0x05, 0x04, 0x0f,
    0x04, 0x05, 0x05, 0x04, 0x05, 0x04, 0x05, 0x04, 0x04, 0x05, 0x04, 0x04,
    0x05, 0x04, 0x05, 0x04, 0x04, 0x05, 0x05, 0x04, 0x05, 0x05, 0x04, 0x05,
    0x05, 0x04, 0x04, 0x05, 0x04, 0x04, 0x05, 0x04, 0x04, 0x05, 0x04, 0x04,
    0x05, 0x04, 0x04, 0x05, 0x04, 0x04, 0x05, 0x04, 0x04, 0x05, 0x04, 0x04,
    0x05, 0x04, 0x04, 0x05, 0x04, 0x04, 0x05, 0x04, 0x04, 0x05, 0x04, 0x04,
    0x05, 0x04, 0x04, 0x05, 0x04, 0x04, 0x05, 0x04, 0x04, 0x05, 0x04, 0x04,
    0x05, 0x04, 0x04, 0x05, 0x04, 0x04, 0x05, 0x04, 0x04, 0x05, 0x04, 0x04,
    0x05, 0x04, 0x04, 0x05, 0x04, 0x04, 0x05, 0x04, 0x04, 0x05, 0x04, 0x04,
    0x05, 0x04, 0x04, 0x05, 0x04, 0x04, 0x05, 0x04, 0x04, 0x05, 0x04, 0x04,
    0x05, 0x04, 0x04, 0x05, 0x04, 0x04, 0x05, 0x04, 0x04, 0x05, 0x04, 0x04,
    0x05, 0x04, 0x04, 0x05, 0x04, 0x04, 0x05, 0x04, 0x04, 0x05, 0x04, 0x04,
    0x05, 0x04, 0x04, 0x05, 0x04, 0x04, 0x05, 0x04, 0x04, 0x05, 0x04, 0x04,
    0x05, 0x04, 0x04, 0x05, 0x04, 0x04, 0x05, 0x04, 0x04, 0x05, 0x04, 0x04,
    0x05, 0x04, 0x04, 0x05, 0x04, 0x04, 0x05, 0x04, 0x04, 0x05, 0x04, 0x04,
    0x05, 0x04, 0x04, 0x05, 0x04, 0x04, 0x05, 0x04, 0x04, 0x05, 0x04, 0x04,
    0x05, 0x04, 0x04, 0x05, 0x04, 0x04, 0x05, 0x04, 0x04, 0x05, 0x04, 0x04,
    0x05, 0x04, 0x04, 0x05, 0x04, 0x04, 0x05, 0x04, 0x04, 0x05, 0x04, 0x04,
    0x05, 0x04, 0x05, 0x05, 0x04, 0x04, 0x05, 0x04, 0x05, 0x04, 0x05, 0x04,
    0x04, 0x05, 0x04, 0x04, 0x05, 0x0e, 0x04, 0x05, 0x04, 0x04, 0x05, 0x05,
    0x04, 0x05, 0x05, 0x04, 0x05, 0x05, 0x04, 0x04, 0x05, 0x05, 0x04, 0x04,
    0x05, 0x04, 0x04, 0x05, 0x04, 0x04, 0x05, 0x04, 0x05, 0x05, 0x04, 0x05,
    0x05, 0x04, 0x05, 0x05, 0x04, 0x05, 0x05, 0x04, 0x05, 0x05, 0x04, 0x05,
    0x05, 0x04, 0x05, 0x05, 0x04, 0x05, 0x05, 0x04, 0x05, 0x05, 0x04, 0x05,
    0x05, 0x04, 0x05, 0x05, 0x04, 0x05, 0x05, 0x04, 0x05, 0x05, 0x04, 0x05,
    0x05, 0x04, 0x05, 0x05, 0x04, 0x05, 0x05, 0x04, 0x05, 0x05, 0x04, 0x05,
    0x05, 0x04, 0x05, 0x05, 0x04, 0x05, 0x05, 0x04, 0x05, 0x05, 0x04, 0x05,
    0x05, 0x04, 0x05, 0x05, 0x04, 0x05, 0x05, 0x04, 0x05, 0x05, 0x04, 0x05,
    0x05, 0x04, 0x05, 0x05, 0x04, 0x05, 0x05, 0x04, 0x05, 0x05, 0x04, 0x05,
    0x05, 0x04, 0x05, 0x05, 0x04, 0x05, 0x05, 0x04, 0x05, 0x05, 0x04, 0x05,
    0x05, 0x04, 0x05, 0x05, 0x04, 0x05, 0x05, 0x04, 0x05, 0x05, 0x04, 0x05,
    0x05, 0x04, 0x05, 0x05, 0x04, 0x05, 0x05, 0x04, 0x05, 0x05, 0x04, 0x05,
    0x05, 0x04, 0x05, 0x05, 0x04, 0x05, 0x05, 0x04, 0x05, 0x05, 0x04, 0x05,
    0x05, 0x04, 0x05, 0x05, 0x04, 0x05, 0x05, 0x04, 0x05, 0x05, 0x04, 0x05,
    0x05, 0x04, 0x05, 0x05, 0x04, 0x05, 0x05, 0x04, 0x05, 0x05, 0x04, 0x05,
    0x05, 0x04, 0x05, 0x05, 0x04, 0x05, 0x05, 0x04, 0x05, 0x05, 0x04, 0x05,
    0x05, 0x04, 0x05, 0x05, 0x04, 0x05, 0x04, 0x04, 0x05, 0x04, 0x05, 0x05,
    0x04, 0x04, 0x05, 0x05, 0x04, 0x05, 0x04, 0x05, 0x05, 0x04, 0x05, 0x0e,
    0x05, 0x04, 0x05, 0x04, 0x05, 0x04, 0x04, 0x05, 0x04, 0x04, 0x05, 0x05,
    0x04, 0x05, 0x04, 0x05, 0x05, 0x04, 0x05, 0x05, 0x04, 0x05, 0x05, 0x04,
    0x05, 0x04, 0x05, 0x04, 0x04, 0x05, 0x04, 0x04, 0x05, 0x04, 0x04, 0x05,
    0x04, 0x04, 0x05, 0x04, 0x04, 0x05, 0x04, 0x04, 0x05, 0x04, 0x04, 0x05,
    0x04, 0x04, 0x05, 0x04, 0x04, 0x05, 0x04, 0x04, 0x05, 0x04, 0x04, 0x05,
    0x04, 0x04, 0x05, 0x04, 0x04, 0x05, 0x04, 0x04, 0x05, 0x04, 0x04, 0x05,
    0x04, 0x04, 0x05, 0x04, 0x04, 0x05, 0x04, 0x04, 0x05, 0x04, 0x04, 0x05,
    0x04, 0x04, 0x05, 0x04, 0x04, 0x05, 0x04, 0x04, 0x05, 0x04, 0x04, 0x05,
    0x04, 0x04, 0x05, 0x04, 0x04, 0x05, 0x04, 0x04, 0x05, 0x04, 0x04, 0x05,
    0x04, 0x04, 0x05, 0x04, 0x04, 0x05, 0x04, 0x04, 0x05, 0x04, 0x04, 0x05,
    0x04, 0x04, 0x05, 0x04, 0x04, 0x05, 0x04, 0x04, 0x05, 0x04, 0x04, 0x05,
    0x04, 0x04, 0x05, 0x04, 0x04, 0x05, 0x04, 0x04, 0x05, 0x04, 0x04, 0x05,
    0x04, 0x04, 0x05, 0x04, 0x04, 0x05, 0x04, 0x04, 0x05, 0x04, 0x04, 0x05,
    0x04, 0x04, 0x05, 0x04, 0x04, 0x05, 0x04, 0x04, 0x05, 0x04, 0x04, 0x05,
    0x04, 0x04, 0x05, 0x04, 0x04, 0x05, 0x04, 0x04, 0x05, 0x04, 0x04, 0x05,
    0x04, 0x04, 0x05, 0x04, 0x04, 0x05, 0x04, 0x04, 0x05, 0x04, 0x04, 0x05,
    0x04, 0x04, 0x05, 0x04, 0x04, 0x05, 0x04, 0x04, 0x05, 0x04, 0x05, 0x05,
    0x04, 0x05, 0x04, 0x04, 0x05, 0x05, 0x04, 0x05, 0x04, 0x04, 0x05, 0x05,
    0x04, 0x04, 0x05, 0x05, 0x04, 0x0f, 0x04, 0x05, 0x04, 0x05, 0x04, 0x05,
    0x05, 0x04, 0x05, 0x04, 0x04, 0x05, 0x04, 0x05, 0x04, 0x04, 0x05, 0x04,
    0x04, 0x05, 0x04, 0x04, 0x05, 0x05, 0x04, 0x05, 0x04, 0x05, 0x05, 0x04,
    0x05, 0x05, 0x04, 0x05, 0x05, 0x04, 0x05, 0x05, 0x04, 0x05, 0x05, 0x04,
    0x05, 0x05, 0x04, 0x05, 0x05, 0x04, 0x05, 0x05, 0x04, 0x05, 0x05, 0x04,
    0x05, 0x05, 0x04, 0x05, 0x05, 0x04, 0x05, 0x05, 0x04, 0x05, 0x05, 0x04,
    0x05, 0x05, 0x04, 0x05, 0x05, 0x04, 0x05, 0x05, 0x04, 0x05, 0x05, 0x04,
    0x05, 0x05, 0x04, 0x05, 0x05, 0x04, 0x05, 0x05, 0x04, 0x05, 0x05, 0x04,
    0x05, 0x05, 0x04, 0x05, 0x05, 0x04, 0x05, 0x05, 0x04, 0x05, 0x05, 0x04,
    0x05, 0x05, 0x04, 0x05, 0x05, 0x04, 0x05, 0x05, 0x04, 0x05, 0x05, 0x04,
    0x05, 0x05, 0x04, 0x05, 0x05, 0x04, 0x05, 0x05, 0x04, 0x05, 0x05, 0x04,
    0x05, 0x05, 0x04, 0x05, 0x05, 0x04, 0x05, 0x05, 0x04, 0x05, 0x05, 0x04,
    0x05, 0x05, 0x04, 0x05, 0x05, 0x04, 0x05, 0x05, 0x04, 0x05, 0x05, 0x04,
    0x05, 0x05, 0x04, 0x05, 0x05, 0x04, 0x05, 0x05, 0x04, 0x05, 0x05, 0x04,
    0x05, 0x05, 0x04, 0x05, 0x05, 0x04, 0x05, 0x05, 0x04, 0x05, 0x05, 0x04,
    0x05, 0x05, 0x04, 0x05, 0x05, 0x04, 0x05, 0x05, 0x04, 0x05, 0x05, 0x04,
    0x05, 0x05, 0x04, 0x05, 0x05, 0x04, 0x05, 0x05, 0x04, 0x05, 0x05, 0x04,
    0x05, 0x05, 0x04, 0x04, 0x05, 0x04, 0x05, 0x05, 0x04, 0x05, 0x04, 0x04,
    0x05, 0x05, 0x04, 0x04, 0x05, 0x04, 0x05, 0x04, 0x04, 0x05, 0x04, 0x0e,
    0x04, 0x05, 0x05, 0x04, 0x04, 0x05, 0x04, 0x05, 0x05, 0x05, 0x04, 0x04,
    0x05, 0x05, 0x04, 0x05, 0x04, 0x05, 0x04, 0x05, 0x05, 0x04, 0x04, 0x05,
    0x04, 0x04, 0x05, 0x04, 0x05, 0x04, 0x04, 0x05, 0x04, 0x05, 0x04, 0x04,
    0x05, 0x04, 0x04, 0x05, 0x04, 0x04, 0x05, 0x04, 0x04, 0x05, 0x04, 0x04,
    0x05, 0x04, 0x04, 0x05, 0x04, 0x04, 0x05, 0x04, 0x04, 0x05, 0x04, 0x04,
    0x05, 0x04, 0x04, 0x05, 0x04, 0x04, 0x05, 0x04, 0x04, 0x05, 0x04, 0x04,
    0x05, 0x04, 0x04, 0x05, 0x04, 0x04, 0x05, 0x04, 0x04, 0x05, 0x04, 0x04,
    0x05, 0x04, 0x04, 0x05, 0x04, 0x04, 0x05, 0x04, 0x04, 0x05, 0x04, 0x04,
    0x05, 0x04, 0x04, 0x05, 0x04, 0x04, 0x05, 0x04, 0x04, 0x05, 0x04, 0x04,
    0x05, 0x04, 0x04, 0x05, 0x04, 0x04, 0x05, 0x04, 0x04, 0x05, 0x04, 0x04,
    0x05, 0x04, 0x04, 0x05, 0x04, 0x04, 0x05, 0x04, 0x04, 0x05, 0x04, 0x04,
    0x05, 0x04, 0x04, 0x05, 0x04, 0x04, 0x05, 0x04, 0x04, 0x05, 0x04, 0x04,
    0x05, 0x04, 0x04, 0x05, 0x04, 0x04, 0x05, 0x04, 0x04, 0x05, 0x04, 0x04,
    0x05, 0x04, 0x04, 0x05, 0x04, 0x04, 0x05, 0x04, 0x04, 0x05, 0x04, 0x04,
    0x05, 0x04, 0x04, 0x05, 0x04, 0x04, 0x05, 0x04, 0x04, 0x05, 0x04, 0x04,
    0x05, 0x04, 0x04, 0x05, 0x04, 0x04, 0x05, 0x04, 0x04, 0x05, 0x04, 0x04,
    0x05, 0x04, 0x04, 0x05, 0x04, 0x04, 0x05, 0x05, 0x04, 0x05, 0x04, 0x04,
    0x05, 0x04, 0x05, 0x05, 0x04, 0x04, 0x05, 0x04, 0x05, 0x05, 0x04, 0x05,
    0x05, 0x04, 0x05, 0x05, 0x04, 0x0f, 0x04, 0x05, 0x04, 0x05, 0x05, 0x04,
    0x04, 0x04, 0x05, 0x04, 0x05, 0x05, 0x04, 0x04, 0x05, 0x04, 0x05, 0x05,
    0x04, 0x04, 0x05, 0x05, 0x04, 0x05, 0x05, 0x04, 0x05, 0x04, 0x04, 0x05,
    0x05, 0x04, 0x05, 0x04, 0x05, 0x05, 0x04, 0x05, 0x05, 0x04, 0x05, 0x05,
    0x04, 0x05, 0x05, 0x04, 0x05, 0x05, 0x04, 0x05, 0x05, 0x04, 0x05, 0x05,
    0x04, 0x05, 0x05, 0x04, 0x05, 0x05, 0x04, 0x05, 0x05, 0x04, 0x05, 0x05,
    0x04, 0x05, 0x05, 0x04, 0x05, 0x05, 0x04, 0x05, 0x05, 0x04, 0x05, 0x05,
    0x04, 0x05, 0x05, 0x04, 0x05, 0x05, 0x04, 0x05, 0x05, 0x04, 0x05, 0x05,
    0x04, 0x05, 0x05, 0x04, 0x05, 0x05, 0x04, 0x05, 0x05, 0x04, 0x05, 0x05,
    0x04, 0x05, 0x05, 0x04, 0x05, 0x05, 0x04, 0x05, 0x05, 0x04, 0x05, 0x05,
    0x04, 0x05, 0x05, 0x04, 0x05, 0x05, 0x04, 0x05, 0x05, 0x04, 0x05, 0x05,
    0x04, 0x05, 0x05, 0x04, 0x05, 0x05, 0x04, 0x05, 0x05, 0x04, 0x05, 0x05,
    0x04, 0x05, 0x05, 0x04, 0x05, 0x05, 0x04, 0x05, 0x05, 0x04, 0x05, 0x05,
    0x04, 0x05, 0x05, 0x04, 0x05, 0x05, 0x04, 0x05, 0x05, 0x04, 0x05, 0x05,
    0x04, 0x05, 0x05, 0x04, 0x05, 0x05, 0x04, 0x05, 0x05, 0x04, 0x05, 0x05,
    0x04, 0x05, 0x05, 0x04, 0x05, 0x05, 0x04, 0x05, 0x05, 0x04, 0x05, 0x05,
    0x04, 0x05, 0x05, 0x04, 0x05, 0x05, 0x04, 0x05, 0x05, 0x04, 0x05, 0x04,
    0x04, 0x05, 0x04, 0x05, 0x05, 0x04, 0x05, 0x04, 0x04, 0x05, 0x05, 0x04,
    0x05, 0x04, 0x04, 0x05, 0x04, 0x04, 0x05, 0x04, 0x04, 0x05, 0x04, 0x0f,
    0x05, 0x04, 0x04, 0x05, 0x05, 0x04, 0x05, 0x05, 0x04, 0x04, 0x05, 0x04,
    0x05, 0x04, 0x05, 0x04, 0x04, 0x05, 0x04, 0x04, 0x05, 0x04, 0x04, 0x05,
    0x04, 0x05, 0x05, 0x04, 0x05, 0x05, 0x04, 0x04, 0x05, 0x04, 0x04, 0x05,
    0x04, 0x05, 0x04, 0x04, 0x05, 0x04, 0x04, 0x05, 0x04, 0x04, 0x05, 0x04,
    0x04, 0x05, 0x04, 0x04, 0x05, 0x04, 0x04, 0x05, 0x04, 0x04, 0x05, 0x04,
    0x04, 0x05, 0x04, 0x04, 0x05, 0x04, 0x04, 0x05, 0x04, 0x04, 0x05, 0x04,
    0x04, 0x05, 0x04, 0x04, 0x05, 0x04, 0x04, 0x05, 0x04, 0x04, 0x05, 0x04,
    0x04, 0x05, 0x04, 0x04, 0x05, 0x04, 0x04, 0x05, 0x04, 0x04, 0x05, 0x04,
    0x04, 0x05, 0x04, 0x04, 0x05, 0x04, 0x04, 0x05, 0x04, 0x04, 0x05, 0x04,
    0x04, 0x05, 0x04, 0x04, 0x05, 0x04, 0x04, 0x05, 0x04, 0x04, 0x05, 0x04,
    0x04, 0x05, 0x04, 0x04, 0x05, 0x04, 0x04, 0x05, 0x04, 0x04, 0x05, 0x04,
    0x04, 0x05, 0x04, 0x04, 0x05, 0x04, 0x04, 0x05, 0x04, 0x04, 0x05, 0x04,
    0x04, 0x05, 0x04, 0x04, 0x05, 0x04, 0x04, 0x05, 0x04, 0x04, 0x05, 0x04,
    0x04, 0x05, 0x04, 0x04, 0x05, 0x04, 0x04, 0x05, 0x04, 0x04, 0x05, 0x04,
    0x04, 0x05, 0x04, 0x04, 0x05, 0x04, 0x04, 0x05, 0x04, 0x04, 0x05, 0x04,
    0x04, 0x05, 0x04, 0x04, 0x05, 0x04, 0x04, 0x05, 0x04, 0x04, 0x05, 0x04,
    0x04, 0x05, 0x04, 0x05, 0x05, 0x04, 0x05, 0x04, 0x04, 0x05, 0x04, 0x05,
    0x05, 0x04, 0x04, 0x05, 0x04, 0x05, 0x05, 0x04, 0x05, 0x05, 0x04, 0x05,
    0x05, 0x04, 0x05, 0x04, 0x05, 0x0e, 0x04, 0x05, 0x04, 0x04, 0x05, 0x04,
    0x05, 0x05, 0x04, 0x05, 0x04, 0x05, 0x04, 0x05, 0x05, 0x04, 0x05, 0x05,
    0x04, 0x05, 0x05, 0x04, 0x05, 0x04, 0x04, 0x05, 0x04, 0x04, 0x05, 0x04,
    0x04, 0x05, 0x05, 0x04, 0x05, 0x04, 0x05, 0x04, 0x05, 0x05, 0x04, 0x05,
    0x05, 0x04, 0x05, 0x05, 0x04, 0x05, 0x05, 0x04, 0x05, 0x05, 0x04, 0x05,
    0x05, 0x04, 0x05, 0x05, 0x04, 0x05, 0x05, 0x04, 0x05, 0x05, 0x04, 0x05,
    0x05, 0x04, 0x05, 0x05, 0x04, 0x05, 0x05, 0x04, 0x05, 0x05, 0x04, 0x05,
    0x05, 0x04, 0x05, 0x05, 0x04, 0x05, 0x05, 0x04, 0x05, 0x05, 0x04, 0x05,
    0x05, 0x04, 0x05, 0x05, 0x04, 0x05, 0x05, 0x04, 0x05, 0x05, 0x04, 0x05,
    0x05, 0x04, 0x05, 0x05, 0x04, 0x05, 0x05, 0x04, 0x05, 0x05, 0x04, 0x05,
    0x05, 0x04, 0x05, 0x05, 0x04, 0x05, 0x05, 0x04, 0x05, 0x05, 0x04, 0x05,
    0x05, 0x04, 0x05, 0x05, 0x04, 0x05, 0x05, 0x04, 0x05, 0x05, 0x04, 0x05,
    0x05, 0x04, 0x05, 0x05, 0x04, 0x05, 0x05, 0x04, 0x05, 0x05, 0x04, 0x05,
    0x05, 0x04, 0x05, 0x05, 0x04, 0x05, 0x05, 0x04, 0x05, 0x05, 0x04, 0x05,
    0x05, 0x04, 0x05, 0x05, 0x04, 0x05, 0x05, 0x04, 0x05, 0x05, 0x04, 0x05,
    0x05, 0x04, 0x05, 0x05, 0x04, 0x05, 0x05, 0x04, 0x05, 0x05, 0x04, 0x05,
    0x05, 0x04, 0x05, 0x05, 0x04, 0x05, 0x05, 0x04, 0x04, 0x05, 0x04, 0x05,
    0x05, 0x04, 0x05, 0x04, 0x04, 0x05, 0x04, 0x05, 0x05, 0x04, 0x04, 0x05,
    0x04, 0x04, 0x05, 0x04, 0x04, 0x05, 0x04, 0x05, 0x04, 0x05, 0x04, 0x0f,
    0x05, 0x05, 0x04, 0x05, 0x04, 0x04, 0x04, 0x05, 0x04, 0x05, 0x05, 0x04,
    0x04, 0x05, 0x04, 0x04, 0x05, 0x04, 0x05, 0x04, 0x05, 0x05, 0x04, 0x05,
    0x05, 0x04, 0x05, 0x05, 0x04, 0x05, 0x05, 0x04, 0x04, 0x05, 0x05, 0x04,
    0x04, 0x05, 0x04, 0x05, 0x04, 0x04, 0x05, 0x04, 0x05, 0x04, 0x04, 0x05,
    0x04, 0x04, 0x05, 0x04, 0x04, 0x05, 0x04, 0x04, 0x05, 0x04, 0x04, 0x05,
    0x04, 0x04, 0x05, 0x04, 0x04, 0x05, 0x04, 0x04, 0x05, 0x04, 0x04, 0x05,
    0x04, 0x04, 0x05, 0x04, 0x04, 0x05, 0x04, 0x04, 0x05, 0x04, 0x04, 0x05,
    0x04, 0x04, 0x05, 0x04, 0x04, 0x05, 0x04, 0x04, 0x05, 0x04, 0x04, 0x05,
    0x04, 0x04, 0x05, 0x04, 0x04, 0x05, 0x04, 0x04, 0x05, 0x04, 0x04, 0x05,
    0x04, 0x04, 0x05, 0x04, 0x04, 0x05, 0x04, 0x04, 0x05, 0x04, 0x04, 0x05,
    0x04, 0x04, 0x05, 0x04, 0x04, 0x05, 0x04, 0x04, 0x05, 0x04, 0x04, 0x05,
    0x04, 0x04, 0x05, 0x04, 0x04, 0x05, 0x04, 0x04, 0x05, 0x04, 0x04, 0x05,
    0x04, 0x04, 0x05, 0x04, 0x04, 0x05, 0x04, 0x04, 0x05, 0x04, 0x04, 0x05,
    0x04, 0x04, 0x05, 0x04, 0x04, 0x05, 0x04, 0x04, 0x05, 0x04, 0x04, 0x05,
    0x04, 0x04, 0x05, 0x04, 0x04, 0x05, 0x04, 0x04, 0x05, 0x04, 0x04, 0x05,
    0x04, 0x04, 0x05, 0x04, 0x04, 0x05, 0x04, 0x04, 0x05, 0x04, 0x04, 0x05,
    0x05, 0x04, 0x05, 0x04, 0x04, 0x05, 0x04, 0x05, 0x05, 0x04, 0x05, 0x04,
    0x04, 0x05, 0x05, 0x04, 0x05, 0x05, 0x04, 0x05, 0x05, 0x04, 0x05, 0x04,
    0x04, 0x05, 0x05, 0x04, 0x04, 0x0f, 0x04, 0x04, 0x05, 0x05, 0x05, 0x04,
    0x05, 0x04, 0x04, 0x05, 0x04, 0x05, 0x05, 0x04, 0x05, 0x05, 0x04, 0x05,
    0x04, 0x04, 0x04, 0x05, 0x04, 0x04, 0x05, 0x04, 0x04, 0x05, 0x04, 0x04,
    0x05, 0x05, 0x04, 0x05, 0x04, 0x05, 0x05, 0x04, 0x04, 0x05, 0x05, 0x04,
    0x04, 0x05, 0x04, 0x05, 0x05, 0x04, 0x05, 0x05, 0x04, 0x05, 0x05, 0x04,
    0x05, 0x05, 0x04, 0x05, 0x05, 0x04, 0x05, 0x05, 0x04, 0x05, 0x05, 0x04,
    0x05, 0x05, 0x04, 0x05, 0x05, 0x04, 0x05, 0x05, 0x04, 0x05, 0x05, 0x04,
    0x05, 0x05, 0x04, 0x05, 0x05, 0x04, 0x05, 0x05, 0x04, 0x05, 0x05, 0x04,
    0x05, 0x05, 0x04, 0x05, 0x05, 0x04, 0x05, 0x05, 0x04, 0x05, 0x05, 0x04,
    0x05, 0x05, 0x04, 0x05, 0x05, 0x04, 0x05, 0x05, 0x04, 0x05, 0x05, 0x04,
    0x05, 0x05, 0x04, 0x05, 0x05, 0x04, 0x05, 0x05, 0x04, 0x05, 0x05, 0x04,
    0x05, 0x05, 0x04, 0x05, 0x05, 0x04, 0x05, 0x05, 0x04, 0x05, 0x05, 0x04,
    0x05, 0x05, 0x04, 0x05, 0x05, 0x04, 0x05, 0x05, 0x04, 0x05, 0x05, 0x04,
    0x05, 0x05, 0x04, 0x05, 0x05, 0x04, 0x05, 0x05, 0x04, 0x05, 0x05, 0x04,
    0x05, 0x05, 0x04, 0x05, 0x05, 0x04, 0x05, 0x05, 0x04, 0x05, 0x05, 0x04,
    0x05, 0x05, 0x04, 0x05, 0x05, 0x04, 0x05, 0x05, 0x04, 0x05, 0x05, 0x04,
    0x05, 0x05, 0x04, 0x05, 0x04, 0x04, 0x05, 0x04, 0x05, 0x05, 0x04, 0x05,
    0x04, 0x04, 0x05, 0x05, 0x04, 0x05, 0x05, 0x04, 0x04, 0x05, 0x04, 0x04,
    0x05, 0x04, 0x04, 0x05, 0x05, 0x04, 0x05, 0x04, 0x05, 0x04, 0x05, 0x0e,
    0x04, 0x05, 0x04, 0x04, 0x05, 0x05, 0x04, 0x05, 0x05, 0x04, 0x04, 0x05,
    0x04, 0x04, 0x05, 0x04, 0x04, 0x05, 0x05, 0x04, 0x05, 0x05, 0x04, 0x05,
    0x05, 0x04, 0x05, 0x05, 0x04, 0x04, 0x05, 0x04, 0x05, 0x04, 0x04, 0x05,
    0x05, 0x04, 0x05, 0x04, 0x05, 0x05, 0x04, 0x05, 0x04, 0x05, 0x04, 0x04,
    0x05, 0x04, 0x04, 0x05, 0x04, 0x04, 0x05, 0x04, 0x04, 0x05, 0x04, 0x04,
    0x05, 0x04, 0x04, 0x05, 0x04, 0x04, 0x05, 0x04, 0x04, 0x05, 0x04, 0x04,
    0x05, 0x04, 0x04, 0x05, 0x04, 0x04, 0x05, 0x04, 0x04, 0x05, 0x04, 0x04,
    0x05, 0x04, 0x04, 0x05, 0x04, 0x04, 0x05, 0x04, 0x04, 0x05, 0x04, 0x04,
    0x05, 0x04, 0x04, 0x05, 0x04, 0x04, 0x05, 0x04, 0x04, 0x05, 0x04, 0x04,
    0x05, 0x04, 0x04, 0x05, 0x04, 0x04, 0x05, 0x04, 0x04, 0x05, 0x04, 0x04,
    0x05, 0x04, 0x04, 0x05, 0x04, 0x04, 0x05, 0x04, 0x04, 0x05, 0x04, 0x04,
    0x05, 0x04, 0x04, 0x05, 0x04, 0x04, 0x05, 0x04, 0x04, 0x05, 0x04, 0x04,
    0x05, 0x04, 0x04, 0x05, 0x04, 0x04, 0x05, 0x04, 0x04, 0x05, 0x04, 0x04,
    0x05, 0x04, 0x04, 0x05, 0x04, 0x04, 0x05, 0x04, 0x04, 0x05, 0x04, 0x04,
    0x05, 0x04, 0x04, 0x05, 0x04, 0x04, 0x05, 0x04, 0x04, 0x05, 0x04, 0x04,
    0x05, 0x04, 0x04, 0x05, 0x04, 0x04, 0x05, 0x04, 0x05, 0x05, 0x04, 0x05,
    0x04, 0x04, 0x05, 0x04, 0x05, 0x05, 0x04, 0x04, 0x05, 0x04, 0x04, 0x05,
    0x05, 0x04, 0x04, 0x05, 0x05, 0x04, 0x05, 0x04, 0x04, 0x05, 0x04, 0x05,
    0x04, 0x05, 0x04, 0x05, 0x05, 0x0e, 0x05, 0x05, 0x04, 0x04, 0x05, 0x04,
    0x04, 0x05, 0x05, 0x04, 0x05, 0x04, 0x05, 0x05, 0x04, 0x05, 0x04, 0x05,
    0x05, 0x04, 0x05, 0x04, 0x04, 0x05, 0x04, 0x04, 0x05, 0x04, 0x05, 0x05,
    0x04, 0x04, 0x05, 0x05, 0x04, 0x04, 0x05, 0x04, 0x05, 0x04, 0x04, 0x05,
    0x05, 0x04, 0x05, 0x04, 0x05, 0x05, 0x04, 0x05, 0x05, 0x04, 0x05, 0x05,
    0x04, 0x05, 0x05, 0x04, 0x05, 0x05, 0x04, 0x05, 0x05, 0x04, 0x05, 0x05,
    0x04, 0x05, 0x05, 0x04, 0x05, 0x05, 0x04, 0x05, 0x05, 0x04, 0x05, 0x05,
    0x04, 0x05, 0x05, 0x04, 0x05, 0x05, 0x04, 0x05, 0x05, 0x04, 0x05, 0x05,
    0x04, 0x05, 0x05, 0x04, 0x05, 0x05, 0x04, 0x05, 0x05, 0x04, 0x05, 0x05,
    0x04, 0x05, 0x05, 0x04, 0x05, 0x05, 0x04, 0x05, 0x05, 0x04, 0x05, 0x05,
    0x04, 0x05, 0x05, 0x04, 0x05, 0x05, 0x04, 0x05, 0x05, 0x04, 0x05, 0x05,
    0x04, 0x05, 0x05, 0x04, 0x05, 0x05, 0x04, 0x05, 0x05, 0x04, 0x05, 0x05,
    0x04, 0x05, 0x05, 0x04, 0x05, 0x05, 0x04, 0x05, 0x05, 0x04, 0x05, 0x05,
    0x04, 0x05, 0x05, 0x04, 0x05, 0x05, 0x04, 0x05, 0x05, 0x04, 0x05, 0x05,
    0x04, 0x05, 0x05, 0x04, 0x05, 0x05, 0x04, 0x05, 0x05, 0x04, 0x05, 0x05,
    0x04, 0x05, 0x05, 0x04, 0x05, 0x05, 0x04, 0x05, 0x05, 0x04, 0x05, 0x05,
    0x04, 0x04, 0x05, 0x04, 0x05, 0x05, 0x04, 0x05, 0x04, 0x04, 0x05, 0x04,
    0x05, 0x05, 0x04, 0x05, 0x04, 0x04, 0x05, 0x04, 0x05, 0x05, 0x04, 0x05,
    0x05, 0x05, 0x05, 0x04, 0x05, 0x04, 0x05, 0x04, 0x04, 0x05, 0x04, 0x0f,
    0x04, 0x05, 0x05, 0x04, 0x05, 0x05, 0x04, 0x04, 0x05, 0x04, 0x05, 0x04,
    0x04, 0x05, 0x04, 0x05, 0x04, 0x04, 0x05, 0x04, 0x04, 0x05, 0x05, 0x04,
    0x05, 0x05, 0x04, 0x04, 0x05, 0x05, 0x04, 0x05, 0x04, 0x05, 0x05, 0x04,
    0x04, 0x05, 0x05, 0x04, 0x04, 0x05, 0x04, 0x04, 0x05, 0x04, 0x05, 0x04,
    0x04, 0x05, 0x04, 0x04, 0x05, 0x04, 0x04, 0x05, 0x04, 0x04, 0x05, 0x04,
    0x04, 0x05, 0x04, 0x04, 0x05, 0x04, 0x04, 0x05, 0x04, 0x04, 0x05, 0x04,
    0x04, 0x05, 0x04, 0x04, 0x05, 0x04, 0x04, 0x05, 0x04, 0x04, 0x05, 0x04,
    0x04, 0x05, 0x04, 0x04, 0x05, 0x04, 0x04, 0x05, 0x04, 0x04, 0x05, 0x04,
    0x04, 0x05, 0x04, 0x04, 0x05, 0x04, 0x04, 0x05, 0x04, 0x04, 0x05, 0x04,
    0x04, 0x05, 0x04, 0x04, 0x05, 0x04, 0x04, 0x05, 0x04, 0x04, 0x05, 0x04,
    0x04, 0x05, 0x04, 0x04, 0x05, 0x04, 0x04, 0x05, 0x04, 0x04, 0x05, 0x04,
    0x04, 0x05, 0x04, 0x04, 0x05, 0x04, 0x04, 0x05, 0x04, 0x04, 0x05, 0x04,
    0x04, 0x05, 0x04, 0x04, 0x05, 0x04, 0x04, 0x05, 0x04, 0x04, 0x05, 0x04,
    0x04, 0x05, 0x04, 0x04, 0x05, 0x04, 0x04, 0x05, 0x04, 0x04, 0x05, 0x04,
    0x04, 0x05, 0x04, 0x04, 0x05, 0x04, 0x04, 0x05, 0x04, 0x04, 0x05, 0x04,
    0x04, 0x05, 0x04, 0x04, 0x05, 0x05, 0x04, 0x05, 0x04, 0x04, 0x05, 0x04,
    0x05, 0x05, 0x04, 0x05, 0x04, 0x04, 0x05, 0x04, 0x05, 0x05, 0x04, 0x05,
    0x04, 0x05, 0x04, 0x04, 0x04, 0x04, 0x04, 0x04, 0x05, 0x04, 0x04, 0x05,
    0x05, 0x04, 0x05, 0x04, 0x04, 0x0f, 0x04, 0x04, 0x05, 0x04, 0x04, 0x05,
    0x05, 0x04, 0x04, 0x05, 0x05, 0x04, 0x05, 0x04, 0x05, 0x05, 0x04, 0x05,
    0x05, 0x04, 0x05, 0x05, 0x04, 0x04, 0x05, 0x05, 0x04, 0x05, 0x04, 0x04,
    0x05, 0x04, 0x04, 0x05, 0x04, 0x05, 0x05, 0x04, 0x05, 0x05, 0x04, 0x05,
    0x04, 0x05, 0x05, 0x04, 0x04, 0x05, 0x05, 0x04, 0x05, 0x05, 0x04, 0x05,
    0x05, 0x04, 0x05, 0x05, 0x04, 0x05, 0x05, 0x04, 0x05, 0x05, 0x04, 0x05,
    0x05, 0x04, 0x05, 0x05, 0x04, 0x05, 0x05, 0x04, 0x05, 0x05, 0x04, 0x05,
    0x05, 0x04, 0x05, 0x05, 0x04, 0x05, 0x05, 0x04, 0x05, 0x05, 0x04, 0x05,
    0x05, 0x04, 0x05, 0x05, 0x04, 0x05, 0x05, 0x04, 0x05, 0x05, 0x04, 0x05,
    0x05, 0x04, 0x05, 0x05, 0x04, 0x05, 0x05, 0x04, 0x05, 0x05, 0x04, 0x05,
    0x05, 0x04, 0x05, 0x05, 0x04, 0x05, 0x05, 0x04, 0x05, 0x05, 0x04, 0x05,
    0x05, 0x04, 0x05, 0x05, 0x04, 0x05, 0x05, 0x04, 0x05, 0x05, 0x04, 0x05,
    0x05, 0x04, 0x05, 0x05, 0x04, 0x05, 0x05, 0x04, 0x05, 0x05, 0x04, 0x05,
    0x05, 0x04, 0x05, 0x05, 0x04, 0x05, 0x05, 0x04, 0x05, 0x05, 0x04, 0x05,
    0x05, 0x04, 0x05, 0x05, 0x04, 0x05, 0x05, 0x04, 0x05, 0x05, 0x04, 0x05,
    0x05, 0x04, 0x05, 0x05, 0x04, 0x05, 0x05, 0x04, 0x05, 0x04, 0x04, 0x05,
    0x04, 0x05, 0x05, 0x04, 0x05, 0x04, 0x04, 0x05, 0x05, 0x04, 0x05, 0x05,
    0x04, 0x04, 0x05, 0x04, 0x05, 0x05, 0x04, 0x05, 0x05, 0x04, 0x05, 0x05,
    0x04, 0x05, 0x04, 0x05, 0x04, 0x05, 0x04, 0x05, 0x05, 0x04, 0x05, 0x0e,
    0x05, 0x04, 0x05, 0x05, 0x04, 0x04, 0x05, 0x05, 0x04, 0x05, 0x04, 0x05,
    0x05, 0x04, 0x04, 0x05, 0x04, 0x04, 0x05, 0x04, 0x04, 0x05, 0x04, 0x04,
    0x05, 0x04, 0x04, 0x05, 0x05, 0x04, 0x05, 0x05, 0x04, 0x05, 0x04, 0x04,
    0x05, 0x04, 0x04, 0x05, 0x04, 0x05, 0x05, 0x04, 0x05, 0x04, 0x05, 0x05,
    0x04, 0x04, 0x05, 0x04, 0x04, 0x05, 0x04, 0x04, 0x05, 0x04, 0x04, 0x05,
    0x04, 0x04, 0x05, 0x04, 0x04, 0x05, 0x04, 0x04, 0x05, 0x04, 0x04, 0x05,
    0x04, 0x04, 0x05, 0x04, 0x04, 0x05, 0x04, 0x04, 0x05, 0x04, 0x04, 0x05,
    0x04, 0x04, 0x05, 0x04, 0x04, 0x05, 0x04, 0x04, 0x05, 0x04, 0x04, 0x05,
    0x04, 0x04, 0x05, 0x04, 0x04, 0x05, 0x04, 0x04, 0x05, 0x04, 0x04, 0x05,
    0x04, 0x04, 0x05, 0x04, 0x04, 0x05, 0x04, 0x04, 0x05, 0x04, 0x04, 0x05,
    0x04, 0x04, 0x05, 0x04, 0x04, 0x05, 0x04, 0x04, 0x05, 0x04, 0x04, 0x05,
    0x04, 0x04, 0x05, 0x04, 0x04, 0x05, 0x04, 0x04, 0x05, 0x04, 0x04, 0x05,
    0x04, 0x04, 0x05, 0x04, 0x04, 0x05, 0x04, 0x04, 0x05, 0x04, 0x04, 0x05,
    0x04, 0x04, 0x05, 0x04, 0x04, 0x05, 0x04, 0x04, 0x05, 0x04, 0x04, 0x05,
    0x04, 0x04, 0x05, 0x04, 0x04, 0x05, 0x04, 0x04, 0x05, 0x04, 0x04, 0x05,
    0x04, 0x05, 0x05, 0x04, 0x05, 0x04, 0x04, 0x05, 0x04, 0x05, 0x05, 0x04,
    0x04, 0x05, 0x04, 0x04, 0x05, 0x05, 0x04, 0x05, 0x04, 0x04, 0x05, 0x04,
    0x04, 0x05, 0x04, 0x05, 0x05, 0x04, 0x05, 0x05, 0x04, 0x05, 0x05, 0x04,
    0x04, 0x05, 0x04, 0x05, 0x05, 0x0e, 0x04, 0x05, 0x04, 0x05, 0x05, 0x04,
    0x04, 0x05, 0x04, 0x04, 0x05, 0x04, 0x04, 0x05, 0x04, 0x05, 0x05, 0x04,
    0x05, 0x05, 0x04, 0x05, 0x05, 0x04, 0x05, 0x04, 0x05, 0x04, 0x05, 0x04,
    0x04, 0x05, 0x05, 0x04, 0x05, 0x04, 0x05, 0x04, 0x05, 0x04, 0x04, 0x05,
    0x04, 0x04, 0x05, 0x04, 0x04, 0x05, 0x04, 0x05, 0x05, 0x04, 0x05, 0x05,
    0x04, 0x05, 0x05, 0x04, 0x05, 0x05, 0x04, 0x05, 0x05, 0x04, 0x05, 0x05,
    0x04, 0x05, 0x05, 0x04, 0x05, 0x05, 0x04, 0x05, 0x05, 0x04, 0x05, 0x05,
    0x04, 0x05, 0x05, 0x04, 0x05, 0x05, 0x04, 0x05, 0x05, 0x04, 0x05, 0x05,
    0x04, 0x05, 0x05, 0x04, 0x05, 0x05, 0x04, 0x05, 0x05, 0x04, 0x05, 0x05,
    0x04, 0x05, 0x05, 0x04, 0x05, 0x05, 0x04, 0x05, 0x05, 0x04, 0x05, 0x05,
    0x04, 0x05, 0x05, 0x04, 0x05, 0x05, 0x04, 0x05, 0x05, 0x04, 0x05, 0x05,
    0x04, 0x05, 0x05, 0x04, 0x05, 0x05, 0x04, 0x05, 0x05, 0x04, 0x05, 0x05,
    0x04, 0x05, 0x05, 0x04, 0x05, 0x05, 0x04, 0x05, 0x05, 0x04, 0x05, 0x05,
    0x04, 0x05, 0x05, 0x04, 0x05, 0x05, 0x04, 0x05, 0x05, 0x04, 0x05, 0x05,
    0x04, 0x05, 0x05, 0x04, 0x05, 0x05, 0x04, 0x05, 0x05, 0x04, 0x05, 0x05,
    0x04, 0x05, 0x05, 0x04, 0x05, 0x04, 0x04, 0x05, 0x04, 0x05, 0x05, 0x04,
    0x05, 0x04, 0x04, 0x05, 0x04, 0x05, 0x05, 0x04, 0x05, 0x04, 0x04, 0x05,
    0x04, 0x05, 0x05, 0x04, 0x05, 0x04, 0x05, 0x04, 0x04, 0x05, 0x04, 0x04,
    0x05, 0x04, 0x04, 0x05, 0x04, 0x05, 0x05, 0x04, 0x04, 0x05, 0x04, 0x0f,
    0x04, 0x05, 0x04, 0x04, 0x05, 0x05, 0x04, 0x05, 0x05, 0x04, 0x05, 0x04,
    0x05, 0x05, 0x04, 0x04, 0x05, 0x04, 0x04, 0x05, 0x04, 0x04, 0x05, 0x05,
    0x04, 0x05, 0x04, 0x05, 0x04, 0x05, 0x04, 0x04, 0x05, 0x04, 0x05, 0x05,
    0x04, 0x05, 0x05, 0x04, 0x05, 0x05, 0x04, 0x05, 0x05, 0x04, 0x05, 0x04,
    0x05, 0x04, 0x04, 0x05, 0x04, 0x04, 0x05, 0x04, 0x04, 0x05, 0x04, 0x05,
    0x04, 0x05, 0x04, 0x04, 0x05, 0x04, 0x04, 0x05, 0x04, 0x04, 0x05, 0x04,
    0x04, 0x05, 0x04, 0x04, 0x05, 0x04, 0x04, 0x05, 0x04, 0x04, 0x05, 0x04,
    0x04, 0x05, 0x04, 0x04, 0x05, 0x04, 0x04, 0x05, 0x04, 0x04, 0x05, 0x04,
    0x04, 0x05, 0x04, 0x04, 0x05, 0x04, 0x04, 0x05, 0x04, 0x04, 0x05, 0x04,
    0x04, 0x05, 0x04, 0x04, 0x05, 0x04, 0x04, 0x05, 0x04, 0x04, 0x05, 0x04,
    0x04, 0x05, 0x04, 0x04, 0x05, 0x04, 0x04, 0x05, 0x04, 0x04, 0x05, 0x04,
    0x04, 0x05, 0x04, 0x04, 0x05, 0x04, 0x04, 0x05, 0x04, 0x04, 0x05, 0x04,
    0x04, 0x05, 0x04, 0x04, 0x05, 0x04, 0x04, 0x05, 0x04, 0x04, 0x05, 0x04,
    0x04, 0x05, 0x04, 0x04, 0x05, 0x04, 0x04, 0x05, 0x04, 0x04, 0x05, 0x04,
    0x04, 0x05, 0x04, 0x04, 0x05, 0x04, 0x04, 0x05, 0x04, 0x05, 0x05, 0x04,
    0x05, 0x04, 0x04, 0x05, 0x04, 0x05, 0x05, 0x04, 0x05, 0x04, 0x04, 0x05,
    0x04, 0x05, 0x05, 0x04, 0x05, 0x04, 0x04, 0x05, 0x04, 0x05, 0x04, 0x05,
    0x05, 0x04, 0x05, 0x05, 0x04, 0x05, 0x05, 0x04, 0x05, 0x04, 0x04, 0x05,
    0x04, 0x05, 0x05, 0x04, 0x04, 0x0f, 0x05, 0x04, 0x05, 0x04, 0x04, 0x05,
    0x04, 0x04, 0x05, 0x05, 0x04, 0x05, 0x04, 0x05, 0x04, 0x05, 0x05, 0x04,
    0x05, 0x05, 0x04, 0x04, 0x05, 0x04, 0x04, 0x05, 0x05, 0x04, 0x05, 0x05,
    0x04, 0x05, 0x04, 0x04, 0x05, 0x04, 0x04, 0x05, 0x04, 0x04, 0x05, 0x04,
    0x04, 0x05, 0x04, 0x05, 0x04, 0x05, 0x05, 0x04, 0x05, 0x05, 0x04, 0x05,
    0x05, 0x04, 0x05, 0x04, 0x05, 0x04, 0x04, 0x05, 0x05, 0x04, 0x05, 0x05,
    0x04, 0x05, 0x05, 0x04, 0x05, 0x05, 0x04, 0x05, 0x05, 0x04, 0x05, 0x05,
    0x04, 0x05, 0x05, 0x04, 0x05, 0x05, 0x04, 0x05, 0x05, 0x04, 0x05, 0x05,
    0x04, 0x05, 0x05, 0x04, 0x05, 0x05, 0x04, 0x05, 0x05, 0x04, 0x05, 0x05,
    0x04, 0x05, 0x05, 0x04, 0x05, 0x05, 0x04, 0x05, 0x05, 0x04, 0x05, 0x05,
    0x04, 0x05, 0x05, 0x04, 0x05, 0x05, 0x04, 0x05, 0x05, 0x04, 0x05, 0x05,
    0x04, 0x05, 0x05, 0x04, 0x05, 0x05, 0x04, 0x05, 0x05, 0x04, 0x05, 0x05,
    0x04, 0x05, 0x05, 0x04, 0x05, 0x05, 0x04, 0x05, 0x05, 0x04, 0x05, 0x05,
    0x04, 0x05, 0x05, 0x04, 0x05, 0x05, 0x04, 0x05, 0x05, 0x04, 0x05, 0x05,
    0x04, 0x05, 0x05, 0x04, 0x05, 0x05, 0x04, 0x05, 0x05, 0x04, 0x05, 0x05,
    0x04, 0x05, 0x04, 0x04, 0x05, 0x05, 0x04, 0x05, 0x05, 0x04, 0x04, 0x05,
    0x04, 0x05, 0x05, 0x04, 0x05, 0x04, 0x04, 0x05, 0x04, 0x05, 0x05, 0x04,
    0x05, 0x04, 0x05, 0x04, 0x04, 0x05, 0x04, 0x04, 0x05, 0x04, 0x04, 0x05,
    0x04, 0x05, 0x05, 0x04, 0x05, 0x04, 0x04, 0x05, 0x04, 0x05, 0x04, 0x0e,
    0x04, 0x05, 0x05, 0x04, 0x05, 0x05, 0x04, 0x04, 0x05, 0x04, 0x04, 0x05,
    0x04, 0x04, 0x05, 0x04, 0x04, 0x05, 0x04, 0x05, 0x05, 0x04, 0x05, 0x05,
    0x04, 0x04, 0x05, 0x04, 0x04, 0x05, 0x05, 0x04, 0x05, 0x05, 0x04, 0x05,
    0x04, 0x05, 0x05, 0x04, 0x05, 0x04, 0x05, 0x04, 0x04, 0x05, 0x04, 0x04,
    0x05, 0x04, 0x04, 0x05, 0x04, 0x05, 0x04, 0x05, 0x05, 0x04, 0x05, 0x05,
    0x04, 0x05, 0x04, 0x04, 0x05, 0x04, 0x04, 0x05, 0x04, 0x04, 0x05, 0x04,
    0x05, 0x04, 0x05, 0x04, 0x04, 0x05, 0x04, 0x04, 0x05, 0x04, 0x04, 0x05,
    0x04, 0x04, 0x05, 0x04, 0x04, 0x05, 0x04, 0x04, 0x05, 0x04, 0x04, 0x05,
    0x04, 0x04, 0x05, 0x04, 0x04, 0x05, 0x04, 0x04, 0x05, 0x04, 0x04, 0x05,
    0x04, 0x04, 0x05, 0x04, 0x04, 0x05, 0x04, 0x04, 0x05, 0x04, 0x04, 0x05,
    0x04, 0x04, 0x05, 0x04, 0x04, 0x05, 0x04, 0x04, 0x05, 0x04, 0x04, 0x05,
    0x04, 0x04, 0x05, 0x04, 0x04, 0x05, 0x04, 0x04, 0x05, 0x04, 0x04, 0x05,
    0x04, 0x04, 0x05, 0x04, 0x04, 0x05, 0x04, 0x04, 0x05, 0x04, 0x04, 0x05,
    0x04, 0x04, 0x05, 0x04, 0x04, 0x05, 0x04, 0x04, 0x05, 0x04, 0x04, 0x05,
    0x04, 0x04, 0x05, 0x04, 0x04, 0x05, 0x05, 0x04, 0x05, 0x04, 0x04, 0x05,
    0x04, 0x05, 0x05, 0x04, 0x05, 0x04, 0x04, 0x05, 0x04, 0x05, 0x05, 0x04,
    0x05, 0x04, 0x04, 0x05, 0x04, 0x05, 0x05, 0x04, 0x05, 0x05, 0x04, 0x05,
    0x05, 0x04, 0x05, 0x05, 0x04, 0x04, 0x05, 0x04, 0x04, 0x05, 0x05, 0x04,
    0x05, 0x04, 0x05, 0x05, 0x04, 0x0f, 0x04, 0x05, 0x04, 0x04, 0x05, 0x05,
    0x04, 0x05, 0x05, 0x04, 0x05, 0x05, 0x04, 0x05, 0x05, 0x04, 0x05, 0x04,
    0x04, 0x05, 0x04, 0x04, 0x05, 0x05, 0x04, 0x05, 0x05, 0x04, 0x04, 0x05,
    0x04, 0x04, 0x05, 0x04, 0x05, 0x04, 0x05, 0x04, 0x04, 0x05, 0x05, 0x04,
    0x05, 0x05, 0x04, 0x05, 0x05, 0x04, 0x05, 0x05, 0x04, 0x04, 0x05, 0x04,
    0x04, 0x05, 0x04, 0x04, 0x05, 0x04, 0x05, 0x04, 0x05, 0x05, 0x04, 0x05,
    0x05, 0x04, 0x05, 0x05, 0x04, 0x04, 0x05, 0x04, 0x04, 0x05, 0x05, 0x04,
    0x05, 0x05, 0x04, 0x05, 0x05, 0x04, 0x05, 0x05, 0x04, 0x05, 0x05, 0x04,
    0x05, 0x05, 0x04, 0x05, 0x05, 0x04, 0x05, 0x05, 0x04, 0x05, 0x05, 0x04,
    0x05, 0x05, 0x04, 0x05, 0x05, 0x04, 0x05, 0x05, 0x04, 0x05, 0x05, 0x04,
    0x05, 0x05, 0x04, 0x05, 0x05, 0x04, 0x05, 0x05, 0x04, 0x05, 0x05, 0x04,
    0x05, 0x05, 0x04, 0x05, 0x05, 0x04, 0x05, 0x05, 0x04, 0x05, 0x05, 0x04,
    0x05, 0x05, 0x04, 0x05, 0x05, 0x04, 0x05, 0x05, 0x04, 0x05, 0x05, 0x04,
    0x05, 0x05, 0x04, 0x05, 0x05, 0x04, 0x05, 0x05, 0x04, 0x05, 0x05, 0x04,
    0x05, 0x05, 0x04, 0x05, 0x05, 0x04, 0x05, 0x05, 0x04, 0x05, 0x04, 0x04,
    0x05, 0x04, 0x05, 0x05, 0x04, 0x04, 0x05, 0x04, 0x04, 0x05, 0x05, 0x04,
    0x05, 0x04, 0x04, 0x05, 0x04, 0x05, 0x05, 0x04, 0x05, 0x04, 0x04, 0x05,
    0x04, 0x04, 0x05, 0x04, 0x04, 0x05, 0x04, 0x04, 0x05, 0x05, 0x04, 0x05,
    0x05, 0x04, 0x04, 0x05, 0x04, 0x05, 0x05, 0x04, 0x04, 0x05, 0x04, 0x0f,
    0x05, 0x04, 0x05, 0x04, 0x04, 0x05, 0x04, 0x04, 0x05, 0x04, 0x05, 0x04,
    0x04, 0x05, 0x04, 0x05, 0x05, 0x04, 0x05, 0x05, 0x04, 0x04, 0x05, 0x04,
    0x04, 0x05, 0x04, 0x05, 0x05, 0x04, 0x05, 0x05, 0x04, 0x04, 0x05, 0x05,
    0x04, 0x05, 0x04, 0x05, 0x04, 0x04, 0x05, 0x04, 0x05, 0x04, 0x05, 0x04,
    0x04, 0x05, 0x05, 0x04, 0x05, 0x05, 0x04, 0x05, 0x04, 0x05, 0x04, 0x04,
    0x05, 0x04, 0x04, 0x05, 0x04, 0x05, 0x04, 0x04, 0x05, 0x05, 0x04, 0x05,
    0x05, 0x04, 0x05, 0x05, 0x04, 0x04, 0x05, 0x04, 0x04, 0x05, 0x04, 0x04,
    0x05, 0x04, 0x04, 0x05, 0x04, 0x04, 0x05, 0x04, 0x04, 0x05, 0x04, 0x04,
    0x05, 0x04, 0x04, 0x05, 0x04, 0x04, 0x05, 0x04, 0x04, 0x05, 0x04, 0x04,
    0x05, 0x04, 0x04, 0x05, 0x04, 0x04, 0x05, 0x04, 0x04, 0x05, 0x04, 0x04,
    0x05, 0x04, 0x04, 0x05, 0x04, 0x04, 0x05, 0x04, 0x04, 0x05, 0x04, 0x04,
    0x05, 0x04, 0x04, 0x05, 0x04, 0x04, 0x05, 0x04, 0x04, 0x05, 0x04, 0x04,
    0x05, 0x04, 0x04, 0x05, 0x04, 0x04, 0x05, 0x04, 0x04, 0x05, 0x04, 0x04,
    0x05, 0x04, 0x04, 0x05, 0x04, 0x04, 0x05, 0x04, 0x04, 0x05, 0x04, 0x04,
    0x05, 0x04, 0x05, 0x05, 0x04, 0x05, 0x04, 0x04, 0x05, 0x05, 0x04, 0x05,
    0x05, 0x04, 0x04, 0x05, 0x04, 0x05, 0x05, 0x04, 0x05, 0x04, 0x04, 0x05,
    0x04, 0x05, 0x05, 0x04, 0x05, 0x05, 0x04, 0x05, 0x05, 0x04, 0x05, 0x05,
    0x04, 0x05, 0x04, 0x04, 0x05, 0x04, 0x05, 0x05, 0x04, 0x05, 0x04, 0x04,
    0x05, 0x04, 0x05, 0x04, 0x05, 0x0e, 0x04, 0x05, 0x05, 0x04, 0x05, 0x05,
    0x04, 0x05, 0x04, 0x05, 0x04, 0x05, 0x05, 0x04, 0x04, 0x05, 0x04, 0x04,
    0x05, 0x05, 0x04, 0x05, 0x05, 0x04, 0x05, 0x04, 0x04, 0x05, 0x04, 0x04,
    0x05, 0x05, 0x04, 0x05, 0x04, 0x04, 0x05, 0x04, 0x05, 0x04, 0x05, 0x05,
    0x04, 0x05, 0x04, 0x04, 0x05, 0x05, 0x04, 0x04, 0x05, 0x04, 0x05, 0x04,
    0x05, 0x04, 0x05, 0x05, 0x04, 0x05, 0x05, 0x04, 0x05, 0x04, 0x05, 0x04,
    0x05, 0x04, 0x04, 0x05, 0x04, 0x04, 0x05, 0x04, 0x04, 0x05, 0x04, 0x05,
    0x05, 0x04, 0x05, 0x05, 0x04, 0x05, 0x05, 0x04, 0x05, 0x05, 0x04, 0x05,
    0x05, 0x04, 0x05, 0x05, 0x04, 0x05, 0x05, 0x04, 0x05, 0x05, 0x04, 0x05,
    0x05, 0x04, 0x05, 0x05, 0x04, 0x05, 0x05, 0x04, 0x05, 0x05, 0x04, 0x05,
    0x05, 0x04, 0x05, 0x05, 0x04, 0x05, 0x05, 0x04, 0x05, 0x05, 0x04, 0x05,
    0x05, 0x04, 0x05, 0x05, 0x04, 0x05, 0x05, 0x04, 0x05, 0x05, 0x04, 0x05,
    0x05, 0x04, 0x05, 0x05, 0x04, 0x05, 0x05, 0x04, 0x05, 0x05, 0x04, 0x05,
    0x05, 0x04, 0x05, 0x05, 0x04, 0x05, 0x05, 0x04, 0x05, 0x05, 0x04, 0x05,
    0x05, 0x04, 0x05, 0x05, 0x04, 0x05, 0x04, 0x04, 0x05, 0x04, 0x05, 0x05,
    0x04, 0x05, 0x04, 0x04, 0x05, 0x04, 0x05, 0x05, 0x04, 0x05, 0x04, 0x04,
    0x05, 0x05, 0x04, 0x05, 0x05, 0x04, 0x04, 0x05, 0x04, 0x04, 0x05, 0x04,
    0x04, 0x05, 0x04, 0x04, 0x05, 0x04, 0x05, 0x05, 0x04, 0x05, 0x04, 0x04,
    0x05, 0x04, 0x05, 0x05, 0x04, 0x05, 0x04, 0x05, 0x05, 0x04, 0x04, 0x0f,
    0x04, 0x05, 0x04, 0x04, 0x05, 0x04, 0x05, 0x04, 0x05, 0x04, 0x04, 0x05,
    0x05, 0x04, 0x05, 0x05, 0x04, 0x05, 0x04, 0x04, 0x05, 0x04, 0x04, 0x05,
    0x05, 0x04, 0x05, 0x05, 0x04, 0x04, 0x05, 0x04, 0x04, 0x05, 0x05, 0x04,
    0x05, 0x05, 0x04, 0x04, 0x05, 0x04, 0x04, 0x05, 0x05, 0x04, 0x05, 0x05,
    0x04, 0x05, 0x04, 0x05, 0x04, 0x04, 0x05, 0x04, 0x04, 0x05, 0x04, 0x05,
    0x04, 0x05, 0x05, 0x04, 0x04, 0x05, 0x05, 0x04, 0x05, 0x05, 0x04, 0x05,
    0x05, 0x04, 0x05, 0x04, 0x05, 0x04, 0x04, 0x05, 0x04, 0x04, 0x05, 0x04,
    0x05, 0x04, 0x05, 0x04, 0x04, 0x05, 0x04, 0x04, 0x05, 0x04, 0x04, 0x05,
    0x04, 0x04, 0x05, 0x04, 0x04, 0x05, 0x04, 0x04, 0x05, 0x04, 0x04, 0x05,
    0x04, 0x04, 0x05, 0x04, 0x04, 0x05, 0x04, 0x04, 0x05, 0x04, 0x04, 0x05,
    0x04, 0x04, 0x05, 0x04, 0x04, 0x05, 0x04, 0x04, 0x05, 0x04, 0x04, 0x05,
    0x04, 0x04, 0x05, 0x04, 0x04, 0x05, 0x04, 0x04, 0x05, 0x04, 0x04, 0x05,
    0x04, 0x04, 0x05, 0x04, 0x04, 0x05, 0x04, 0x04, 0x05, 0x04, 0x04, 0x05,
    0x04, 0x04, 0x05, 0x04, 0x04, 0x05, 0x04, 0x04, 0x05, 0x04, 0x05, 0x05,
    0x04, 0x05, 0x04, 0x04, 0x05, 0x04, 0x05, 0x05, 0x04, 0x05, 0x04, 0x04,
    0x05, 0x04, 0x05, 0x05, 0x04, 0x04, 0x05, 0x04, 0x04, 0x05, 0x05, 0x04,
    0x05, 0x05, 0x04, 0x05, 0x05, 0x04, 0x05, 0x05, 0x04, 0x05, 0x04, 0x04,
    0x05, 0x04, 0x05, 0x05, 0x04, 0x05, 0x04, 0x04, 0x05, 0x04, 0x05, 0x04,
    0x05, 0x04, 0x04, 0x05, 0x05, 0x0e, 0x05, 0x04, 0x05, 0x05, 0x04, 0x04,
    0x05, 0x05, 0x04, 0x05, 0x04, 0x04, 0x05, 0x04, 0x04, 0x05, 0x04, 0x05,
    0x05, 0x04, 0x05, 0x05, 0x04, 0x04, 0x05, 0x04, 0x05, 0x05, 0x04, 0x05,
    0x05, 0x04, 0x05, 0x04, 0x05, 0x04, 0x04, 0x05, 0x04, 0x05, 0x05, 0x04,
    0x05, 0x04, 0x05, 0x04, 0x04, 0x04, 0x05, 0x05, 0x04, 0x05, 0x05, 0x04,
    0x05, 0x05, 0x04, 0x05, 0x04, 0x04, 0x05, 0x04, 0x04, 0x05, 0x05, 0x04,
    0x04, 0x05, 0x04, 0x04, 0x05, 0x04, 0x04, 0x05, 0x05, 0x04, 0x05, 0x05,
    0x04, 0x05, 0x05, 0x04, 0x05, 0x04, 0x04, 0x05, 0x04, 0x05, 0x05, 0x04,
    0x05, 0x05, 0x04, 0x05, 0x05, 0x04, 0x05, 0x05, 0x04, 0x05, 0x05, 0x04,
    0x05, 0x05, 0x04, 0x05, 0x05, 0x04, 0x05, 0x05, 0x04, 0x05, 0x05, 0x04,
    0x05, 0x05, 0x04, 0x05, 0x05, 0x04, 0x05, 0x05, 0x04, 0x05, 0x05, 0x04,
    0x05, 0x05, 0x04, 0x05, 0x05, 0x04, 0x05, 0x05, 0x04, 0x05, 0x05, 0x04,
    0x05, 0x05, 0x04, 0x05, 0x05, 0x04, 0x05, 0x05, 0x04, 0x05, 0x05, 0x04,
    0x05, 0x05, 0x04, 0x05, 0x05, 0x04, 0x05, 0x05, 0x04, 0x05, 0x05, 0x04,
    0x05, 0x05, 0x04, 0x04, 0x05, 0x04, 0x05, 0x05, 0x04, 0x05, 0x04, 0x04,
    0x05, 0x04, 0x05, 0x05, 0x04, 0x05, 0x04, 0x04, 0x05, 0x04, 0x05, 0x05,
    0x04, 0x05, 0x04, 0x04, 0x05, 0x04, 0x04, 0x05, 0x04, 0x05, 0x04, 0x04,
    0x05, 0x04, 0x05, 0x05, 0x04, 0x05, 0x04, 0x04, 0x05, 0x04, 0x05, 0x05,
    0x04, 0x05, 0x04, 0x04, 0x05, 0x05, 0x04, 0x05, 0x04, 0x05, 0x04, 0x0e,
    0x04, 0x04, 0x05, 0x05, 0x04, 0x05, 0x04, 0x04, 0x05, 0x05, 0x05, 0x04,
    0x05, 0x05, 0x04, 0x04, 0x05, 0x04, 0x04, 0x05, 0x04, 0x05, 0x05, 0x04,
    0x05, 0x04, 0x04, 0x05, 0x04, 0x04, 0x05, 0x05, 0x04, 0x05, 0x04, 0x05,
    0x04, 0x05, 0x04, 0x05, 0x04, 0x05, 0x04, 0x05, 0x04, 0x05, 0x05, 0x04,
    0x04, 0x05, 0x04, 0x04, 0x05, 0x04, 0x04, 0x05, 0x05, 0x04, 0x05, 0x05,
    0x04, 0x05, 0x04, 0x05, 0x05, 0x04, 0x05, 0x05, 0x04, 0x05, 0x05, 0x04,
    0x04, 0x05, 0x04, 0x04, 0x05, 0x04, 0x04, 0x05, 0x04, 0x05, 0x05, 0x04,
    0x05, 0x05, 0x04, 0x04, 0x05, 0x04, 0x05, 0x04, 0x04, 0x05, 0x04, 0x04,
    0x05, 0x04, 0x04, 0x05, 0x04, 0x04, 0x05, 0x04, 0x04, 0x05, 0x04, 0x04,
    0x05, 0x04, 0x04, 0x05, 0x04, 0x04, 0x05, 0x04, 0x04, 0x05, 0x04, 0x04,
    0x05, 0x04, 0x04, 0x05, 0x04, 0x04, 0x05, 0x04, 0x04, 0x05, 0x04, 0x04,
    0x05, 0x04, 0x04, 0x05, 0x04, 0x04, 0x05, 0x04, 0x04, 0x05, 0x04, 0x04,
    0x05, 0x04, 0x04, 0x05, 0x04, 0x04, 0x05, 0x04, 0x04, 0x05, 0x04, 0x04,
    0x05, 0x04, 0x04, 0x05, 0x04, 0x04, 0x05, 0x05, 0x04, 0x05, 0x04, 0x04,
    0x05, 0x04, 0x05, 0x05, 0x04, 0x05, 0x04, 0x04, 0x05, 0x04, 0x05, 0x05,
    0x04, 0x05, 0x04, 0x04, 0x05, 0x04, 0x05, 0x05, 0x04, 0x05, 0x05, 0x04,
    0x05, 0x04, 0x05, 0x04, 0x05, 0x05, 0x04, 0x04, 0x05, 0x04, 0x05, 0x05,
    0x04, 0x05, 0x04, 0x04, 0x05, 0x04, 0x05, 0x05, 0x04, 0x05, 0x04, 0x04,
    0x05, 0x04, 0x05, 0x05, 0x04, 0x0f, 0x05, 0x04, 0x04, 0x05, 0x04, 0x05,
    0x05, 0x04, 0x04, 0x05, 0x04, 0x04, 0x05, 0x05, 0x04, 0x05, 0x05, 0x04,
    0x05, 0x04, 0x04, 0x05, 0x04, 0x05, 0x04, 0x05, 0x04, 0x05, 0x05, 0x04,
    0x04, 0x05, 0x04, 0x04, 0x05, 0x05, 0x04, 0x05, 0x05, 0x04, 0x04, 0x05,
    0x04, 0x05, 0x04, 0x05, 0x05, 0x04, 0x05, 0x05, 0x04, 0x05, 0x05, 0x04,
    0x04, 0x05, 0x04, 0x04, 0x05, 0x04, 0x05, 0x04, 0x05, 0x04, 0x04, 0x05,
    0x04, 0x04, 0x05, 0x04, 0x05, 0x05, 0x04, 0x05, 0x05, 0x04, 0x05, 0x04,
    0x05, 0x04, 0x04, 0x05, 0x04, 0x04, 0x05, 0x04, 0x05, 0x04, 0x05, 0x04,
    0x04, 0x05, 0x05, 0x04, 0x05, 0x05, 0x04, 0x05, 0x05, 0x04, 0x05, 0x05,
    0x04, 0x05, 0x05, 0x04, 0x05, 0x05, 0x04, 0x05, 0x05, 0x04, 0x05, 0x05,
    0x04, 0x05, 0x05, 0x04, 0x05, 0x05, 0x04, 0x05, 0x05, 0x04, 0x05, 0x05,
    0x04, 0x05, 0x05, 0x04, 0x05, 0x05, 0x04, 0x05, 0x05, 0x04, 0x05, 0x05,
    0x04, 0x05, 0x05, 0x04, 0x05, 0x05, 0x04, 0x05, 0x05, 0x04, 0x05, 0x05,
    0x04, 0x05, 0x05, 0x04, 0x05, 0x05, 0x04, 0x05, 0x05, 0x04, 0x05, 0x04,
    0x04, 0x05, 0x04, 0x05, 0x05, 0x04, 0x05, 0x04, 0x04, 0x05, 0x05, 0x04,
    0x05, 0x05, 0x04, 0x04, 0x05, 0x04, 0x05, 0x05, 0x04, 0x05, 0x04, 0x04,
    0x05, 0x04, 0x04, 0x05, 0x04, 0x05, 0x04, 0x05, 0x04, 0x04, 0x05, 0x05,
    0x04, 0x05, 0x04, 0x04, 0x05, 0x04, 0x05, 0x05, 0x04, 0x05, 0x04, 0x04,
    0x05, 0x04, 0x05, 0x05, 0x04, 0x05, 0x04, 0x04, 0x05, 0x04, 0x05, 0x0e,
    0x05, 0x04, 0x05, 0x04, 0x04, 0x05, 0x05, 0x04, 0x05, 0x04, 0x05, 0x04,
    0x04, 0x05, 0x04, 0x04, 0x05, 0x05, 0x04, 0x05, 0x05, 0x04, 0x04, 0x05,
    0x05, 0x04, 0x05, 0x04, 0x05, 0x04, 0x05, 0x04, 0x05, 0x04, 0x05, 0x04,
    0x04, 0x05, 0x04, 0x04, 0x05, 0x05, 0x04, 0x04, 0x05, 0x04, 0x04, 0x05,
    0x04, 0x04, 0x05, 0x04, 0x05, 0x05, 0x04, 0x05, 0x05, 0x04, 0x04, 0x05,
    0x04, 0x05, 0x04, 0x05, 0x04, 0x05, 0x04, 0x05, 0x04, 0x04, 0x05, 0x04,
    0x04, 0x05, 0x04, 0x05, 0x04, 0x05, 0x05, 0x04, 0x05, 0x05, 0x04, 0x05,
    0x04, 0x05, 0x04, 0x05, 0x05, 0x04, 0x05, 0x05, 0x04, 0x04, 0x05, 0x04,
    0x04, 0x05, 0x04, 0x04, 0x05, 0x04, 0x04, 0x05, 0x04, 0x04, 0x05, 0x04,
    0x04, 0x05, 0x04, 0x04, 0x05, 0x04, 0x04, 0x05, 0x04, 0x04, 0x05, 0x04,
    0x04, 0x05, 0x04, 0x04, 0x05, 0x04, 0x04, 0x05, 0x04, 0x04, 0x05, 0x04,
    0x04, 0x05, 0x04, 0x04, 0x05, 0x04, 0x04, 0x05, 0x04, 0x04, 0x05, 0x04,
    0x04, 0x05, 0x04, 0x04, 0x05, 0x04, 0x04, 0x05, 0x04, 0x04, 0x05, 0x04,
    0x04, 0x05, 0x04, 0x05, 0x05, 0x04, 0x05, 0x04, 0x04, 0x05, 0x04, 0x05,
    0x05, 0x04, 0x04, 0x05, 0x04, 0x04, 0x05, 0x05, 0x04, 0x05, 0x04, 0x04,
    0x05, 0x04, 0x05, 0x05, 0x04, 0x05, 0x05, 0x04, 0x05, 0x04, 0x05, 0x04,
    0x05, 0x05, 0x04, 0x05, 0x04, 0x04, 0x05, 0x05, 0x04, 0x05, 0x04, 0x04,
    0x05, 0x04, 0x05, 0x05, 0x04, 0x05, 0x04, 0x04, 0x05, 0x04, 0x05, 0x05,
    0x04, 0x05, 0x04, 0x05, 0x04, 0x0f, 0x04, 0x05, 0x05, 0x04, 0x05, 0x04,
    0x04, 0x05, 0x04, 0x05, 0x05, 0x04, 0x05, 0x05, 0x04, 0x04, 0x05, 0x04,
    0x04, 0x05, 0x05, 0x04, 0x05, 0x04, 0x04, 0x05, 0x04, 0x04, 0x05, 0x05,
    0x04, 0x05, 0x05, 0x04, 0x05, 0x04, 0x05, 0x05, 0x04, 0x05, 0x05, 0x04,
    0x05, 0x05, 0x04, 0x05, 0x04, 0x05, 0x04, 0x05, 0x04, 0x04, 0x05, 0x04,
    0x04, 0x05, 0x05, 0x04, 0x05, 0x05, 0x04, 0x04, 0x05, 0x05, 0x04, 0x05,
    0x05, 0x04, 0x05, 0x05, 0x04, 0x05, 0x05, 0x04, 0x05, 0x04, 0x04, 0x05,
    0x04, 0x05, 0x04, 0x04, 0x05, 0x05, 0x04, 0x05, 0x04, 0x04, 0x05, 0x04,
    0x04, 0x05, 0x04, 0x05, 0x05, 0x04, 0x05, 0x05, 0x04, 0x05, 0x05, 0x04,
    0x05, 0x05, 0x04, 0x05, 0x05, 0x04, 0x05, 0x05, 0x04, 0x05, 0x05, 0x04,
    0x05, 0x05, 0x04, 0x05, 0x05, 0x04, 0x05, 0x05, 0x04, 0x05, 0x05, 0x04,
    0x05, 0x05, 0x04, 0x05, 0x05, 0x04, 0x05, 0x05, 0x04, 0x05, 0x05, 0x04,
    0x05, 0x05, 0x04, 0x05, 0x05, 0x04, 0x05, 0x05, 0x04, 0x05, 0x05, 0x04,
    0x05, 0x05, 0x04, 0x05, 0x05, 0x04, 0x05, 0x04, 0x04, 0x05, 0x04, 0x05,
    0x05, 0x04, 0x05, 0x04, 0x04, 0x05, 0x04, 0x05, 0x05, 0x04, 0x05, 0x04,
    0x04, 0x05, 0x04, 0x05, 0x05, 0x04, 0x04, 0x05, 0x04, 0x04, 0x05, 0x04,
    0x04, 0x05, 0x05, 0x04, 0x04, 0x05, 0x04, 0x04, 0x05, 0x05, 0x04, 0x04,
    0x05, 0x04, 0x05, 0x05, 0x04, 0x05, 0x04, 0x04, 0x05, 0x04, 0x05, 0x05,
    0x04, 0x05, 0x04, 0x04, 0x05, 0x04, 0x05, 0x05, 0x04, 0x04, 0x05, 0x0e,
    0x04, 0x05, 0x04, 0x05, 0x05, 0x04, 0x05, 0x04, 0x04, 0x05, 0x04, 0x04,
    0x05, 0x04, 0x05, 0x05, 0x04, 0x05, 0x04, 0x04, 0x05, 0x04, 0x05, 0x05,
    0x04, 0x05, 0x05, 0x04, 0x04, 0x05, 0x04, 0x04, 0x05, 0x04, 0x04, 0x05,
    0x04, 0x04, 0x05, 0x04, 0x04, 0x04, 0x05, 0x04, 0x05, 0x04, 0x05, 0x04,
    0x05, 0x05, 0x04, 0x05, 0x05, 0x04, 0x04, 0x05, 0x04, 0x04, 0x05, 0x05,
    0x04, 0x05, 0x04, 0x04, 0x05, 0x04, 0x04, 0x05, 0x04, 0x05, 0x04, 0x04,
    0x05, 0x04, 0x05, 0x05, 0x04, 0x05, 0x04, 0x05, 0x05, 0x04, 0x04, 0x05,
    0x04, 0x05, 0x05, 0x04, 0x05, 0x05, 0x04, 0x05, 0x04, 0x05, 0x04, 0x04,
    0x05, 0x04, 0x04, 0x05, 0x04, 0x04, 0x05, 0x04, 0x04, 0x05, 0x04, 0x04,
    0x05, 0x04, 0x04, 0x05, 0x04, 0x04, 0x05, 0x04, 0x04, 0x05, 0x04, 0x04,
    0x05, 0x04, 0x04, 0x05, 0x04, 0x04, 0x05, 0x04, 0x04, 0x05, 0x04, 0x04,
    0x05, 0x04, 0x04, 0x05, 0x04, 0x04, 0x05, 0x04, 0x04, 0x05, 0x04, 0x04,
    0x05, 0x04, 0x04, 0x05, 0x04, 0x04, 0x05, 0x04, 0x04, 0x05, 0x04, 0x05,
    0x05, 0x04, 0x05, 0x04, 0x04, 0x05, 0x04, 0x05, 0x05, 0x04, 0x05, 0x04,
    0x04, 0x05, 0x04, 0x05, 0x05, 0x04, 0x05, 0x04, 0x04, 0x05, 0x05, 0x04,
    0x05, 0x05, 0x04, 0x05, 0x05, 0x04, 0x04, 0x05, 0x04, 0x05, 0x05, 0x04,
    0x05, 0x04, 0x04, 0x05, 0x05, 0x04, 0x05, 0x04, 0x04, 0x05, 0x04, 0x05,
    0x05, 0x04, 0x04, 0x05, 0x04, 0x04, 0x05, 0x05, 0x04, 0x05, 0x04, 0x04,
    0x05, 0x04, 0x05, 0x05, 0x04, 0x0f, 0x05, 0x04, 0x04, 0x05, 0x04, 0x05,
    0x05, 0x04, 0x05, 0x05, 0x04, 0x05, 0x04, 0x04, 0x05, 0x04, 0x05, 0x05,
    0x04, 0x05, 0x04, 0x04, 0x05, 0x04, 0x04, 0x05, 0x05, 0x04, 0x05, 0x05,
    0x04, 0x05, 0x04, 0x05, 0x05, 0x04, 0x05, 0x05, 0x04, 0x05, 0x05, 0x04,
    0x05, 0x04, 0x04, 0x05, 0x04, 0x05, 0x04, 0x04, 0x05, 0x04, 0x05, 0x05,
    0x04, 0x05, 0x05, 0x04, 0x04, 0x05, 0x04, 0x05, 0x05, 0x04, 0x05, 0x04,
    0x05, 0x04, 0x05, 0x04, 0x05, 0x05, 0x04, 0x04, 0x05, 0x04, 0x05, 0x04,
    0x04, 0x05, 0x05, 0x04, 0x05, 0x04, 0x04, 0x05, 0x04, 0x04, 0x05, 0x04,
    0x05, 0x04, 0x05, 0x04, 0x05, 0x05, 0x04, 0x05, 0x05, 0x04, 0x05, 0x05,
    0x04, 0x05, 0x05, 0x04, 0x05, 0x05, 0x04, 0x05, 0x05, 0x04, 0x05, 0x05,
    0x04, 0x05, 0x05, 0x04, 0x05, 0x05, 0x04, 0x05, 0x05, 0x04, 0x05, 0x05,
    0x04, 0x05, 0x05, 0x04, 0x05, 0x05, 0x04, 0x05, 0x05, 0x04, 0x05, 0x05,
    0x04, 0x05, 0x05, 0x04, 0x05, 0x05, 0x04, 0x05, 0x05, 0x04, 0x05, 0x05,
    0x04, 0x05, 0x05, 0x04, 0x04, 0x05, 0x04, 0x05, 0x05, 0x04, 0x05, 0x04,
    0x04, 0x05, 0x04, 0x05, 0x05, 0x04, 0x05, 0x04, 0x04, 0x05, 0x04, 0x05,
    0x05, 0x04, 0x05, 0x04, 0x04, 0x05, 0x04, 0x04, 0x05, 0x04, 0x05, 0x05,
    0x04, 0x05, 0x04, 0x04, 0x05, 0x04, 0x05, 0x05, 0x04, 0x04, 0x05, 0x05,
    0x04, 0x05, 0x04, 0x05, 0x04, 0x04, 0x05, 0x05, 0x04, 0x05, 0x04, 0x04,
    0x05, 0x04, 0x05, 0x05, 0x04, 0x05, 0x04, 0x04, 0x05, 0x04, 0x04, 0x0f,
    0x04, 0x05, 0x05, 0x04, 0x04, 0x04, 0x05, 0x04, 0x05, 0x04, 0x05, 0x05,
    0x04, 0x05, 0x04, 0x04, 0x05, 0x04, 0x05, 0x05, 0x04, 0x05, 0x05, 0x04,
    0x04, 0x05, 0x04, 0x04, 0x05, 0x04, 0x05, 0x04, 0x05, 0x04, 0x05, 0x04,
    0x05, 0x04, 0x04, 0x05, 0x05, 0x04, 0x05, 0x05, 0x04, 0x05, 0x05, 0x04,
    0x05, 0x05, 0x04, 0x04, 0x05, 0x04, 0x04, 0x05, 0x05, 0x04, 0x05, 0x04,
    0x04, 0x05, 0x04, 0x05, 0x04, 0x05, 0x05, 0x04, 0x04, 0x05, 0x04, 0x05,
    0x04, 0x05, 0x04, 0x05, 0x04, 0x05, 0x04, 0x04, 0x05, 0x04, 0x05, 0x05,
    0x04, 0x05, 0x05, 0x04, 0x04, 0x05, 0x04, 0x05, 0x04, 0x04, 0x05, 0x04,
    0x04, 0x05, 0x04, 0x04, 0x05, 0x04, 0x04, 0x05, 0x04, 0x04, 0x05, 0x04,
    0x04, 0x05, 0x04, 0x04, 0x05, 0x04, 0x04, 0x05, 0x04, 0x04, 0x05, 0x04,
    0x04, 0x05, 0x04, 0x04, 0x05, 0x04, 0x04, 0x05, 0x04, 0x04, 0x05, 0x04,
    0x04, 0x05, 0x04, 0x04, 0x05, 0x04, 0x04, 0x05, 0x04, 0x04, 0x05, 0x04,
    0x04, 0x05, 0x04, 0x04, 0x05, 0x04, 0x04, 0x05, 0x05, 0x04, 0x05, 0x04,
    0x04, 0x05, 0x04, 0x05, 0x05, 0x04, 0x05, 0x04, 0x04, 0x05, 0x04, 0x05,
    0x05, 0x04, 0x05, 0x04, 0x04, 0x05, 0x04, 0x05, 0x05, 0x04, 0x05, 0x05,
    0x04, 0x05, 0x04, 0x04, 0x05, 0x04, 0x05, 0x05, 0x04, 0x05, 0x04, 0x05,
    0x04, 0x05, 0x05, 0x04, 0x04, 0x05, 0x04, 0x05, 0x05, 0x04, 0x05, 0x04,
    0x05, 0x04, 0x05, 0x05, 0x05, 0x04, 0x05, 0x04, 0x04, 0x05, 0x05, 0x04,
    0x05, 0x05, 0x04, 0x05, 0x05, 0x0e, 0x04, 0x05, 0x04, 0x05, 0x05, 0x04,
    0x04, 0x05, 0x04, 0x04, 0x05, 0x04, 0x05, 0x05, 0x04, 0x05, 0x04, 0x04,
    0x05, 0x04, 0x04, 0x05, 0x05, 0x04, 0x05, 0x05, 0x04, 0x05, 0x04, 0x04,
    0x05, 0x04, 0x04, 0x05, 0x04, 0x05, 0x04, 0x05, 0x04, 0x04, 0x05, 0x04,
    0x04, 0x05, 0x04, 0x04, 0x05, 0x04, 0x04, 0x05, 0x05, 0x04, 0x05, 0x04,
    0x05, 0x04, 0x04, 0x05, 0x05, 0x04, 0x05, 0x04, 0x05, 0x04, 0x04, 0x05,
    0x04, 0x05, 0x05, 0x04, 0x05, 0x04, 0x05, 0x05, 0x04, 0x04, 0x05, 0x05,
    0x05, 0x04, 0x04, 0x05, 0x04, 0x05, 0x04, 0x04, 0x05, 0x05, 0x04, 0x05,
    0x05, 0x04, 0x05, 0x05, 0x04, 0x05, 0x05, 0x04, 0x05, 0x05, 0x04, 0x05,
    0x05, 0x04, 0x05, 0x05, 0x04, 0x05, 0x05, 0x04, 0x05, 0x05, 0x04, 0x05,
    0x05, 0x04, 0x05, 0x05, 0x04, 0x05, 0x05, 0x04, 0x05, 0x05, 0x04, 0x05,
    0x05, 0x04, 0x05, 0x05, 0x04, 0x05, 0x05, 0x04, 0x05, 0x05, 0x04, 0x05,
    0x05, 0x04, 0x05, 0x05, 0x04, 0x05, 0x05, 0x04, 0x05, 0x05, 0x04, 0x05,
    0x04, 0x04, 0x05, 0x04, 0x05, 0x05, 0x04, 0x05, 0x04, 0x04, 0x05, 0x05,
    0x04, 0x05, 0x05, 0x04, 0x04, 0x05, 0x04, 0x05, 0x05, 0x04, 0x05, 0x04,
    0x04, 0x05, 0x04, 0x04, 0x05, 0x04, 0x05, 0x05, 0x04, 0x05, 0x04, 0x04,
    0x05, 0x04, 0x05, 0x05, 0x04, 0x04, 0x05, 0x04, 0x05, 0x05, 0x04, 0x04,
    0x05, 0x04, 0x04, 0x05, 0x05, 0x04, 0x04, 0x05, 0x04, 0x04, 0x05, 0x05,
    0x04, 0x05, 0x04, 0x04, 0x05, 0x04, 0x05, 0x04, 0x04, 0x05, 0x04, 0x0e,
    0x05, 0x04, 0x04, 0x05, 0x05, 0x04, 0x05, 0x05, 0x04, 0x05, 0x04, 0x04,
    0x05, 0x04, 0x05, 0x05, 0x04, 0x05, 0x05, 0x04, 0x04, 0x05, 0x04, 0x04,
    0x05, 0x04, 0x05, 0x05, 0x04, 0x05, 0x05, 0x04, 0x05, 0x05, 0x04, 0x04,
    0x05, 0x05, 0x04, 0x05, 0x05, 0x04, 0x05, 0x05, 0x04, 0x05, 0x05, 0x04,
    0x04, 0x05, 0x04, 0x05, 0x04, 0x05, 0x05, 0x04, 0x04, 0x05, 0x04, 0x05,
    0x05, 0x04, 0x05, 0x05, 0x04, 0x05, 0x04, 0x04, 0x05, 0x04, 0x04, 0x05,
    0x04, 0x04, 0x05, 0x05, 0x04, 0x04, 0x05, 0x05, 0x04, 0x05, 0x04, 0x04,
    0x05, 0x04, 0x05, 0x04, 0x04, 0x05, 0x04, 0x04, 0x05, 0x04, 0x04, 0x05,
    0x04, 0x04, 0x05, 0x04, 0x04, 0x05, 0x04, 0x04, 0x05, 0x04, 0x04, 0x05,
    0x04, 0x04, 0x05, 0x04, 0x04, 0x05, 0x04, 0x04, 0x05, 0x04, 0x04, 0x05,
    0x04, 0x04, 0x05, 0x04, 0x04, 0x05, 0x04, 0x04, 0x05, 0x04, 0x04, 0x05,
    0x04, 0x04, 0x05, 0x04, 0x04, 0x05, 0x04, 0x04, 0x05, 0x04, 0x04, 0x05,
    0x04, 0x04, 0x05, 0x04, 0x05, 0x05, 0x04, 0x05, 0x04, 0x04, 0x05, 0x04,
    0x05, 0x05, 0x04, 0x04, 0x05, 0x04, 0x04, 0x05, 0x05, 0x04, 0x05, 0x04,
    0x04, 0x05, 0x04, 0x05, 0x05, 0x04, 0x05, 0x05, 0x04, 0x05, 0x04, 0x04,
    0x05, 0x04, 0x05, 0x05, 0x04, 0x05, 0x04, 0x04, 0x05, 0x04, 0x05, 0x05,
    0x04, 0x04, 0x04, 0x05, 0x05, 0x04, 0x05, 0x04, 0x04, 0x05, 0x04, 0x05,
    0x05, 0x04, 0x04, 0x05, 0x04, 0x04, 0x05, 0x05, 0x04, 0x05, 0x04, 0x05,
    0x04, 0x05, 0x05, 0x04, 0x05, 0x0f, 0x04, 0x05, 0x04, 0x04, 0x05, 0x04,
    0x05, 0x04, 0x05, 0x05, 0x04, 0x05, 0x04, 0x04, 0x05, 0x04, 0x05, 0x04,
    0x05, 0x05, 0x04, 0x05, 0x05, 0x04, 0x04, 0x05, 0x04, 0x04, 0x05, 0x04,
    0x05, 0x04, 0x05, 0x04, 0x05, 0x04, 0x05, 0x04, 0x04, 0x05, 0x04, 0x04,
    0x05, 0x04, 0x04, 0x05, 0x05, 0x04, 0x05, 0x05, 0x04, 0x04, 0x05, 0x04,
    0x05, 0x05, 0x04, 0x05, 0x04, 0x04, 0x05, 0x04, 0x04, 0x05, 0x05, 0x04,
    0x05, 0x05, 0x04, 0x05, 0x05, 0x04, 0x05, 0x04, 0x05, 0x05, 0x04, 0x04,
    0x05, 0x04, 0x05, 0x05, 0x04, 0x05, 0x05, 0x04, 0x05, 0x05, 0x04, 0x05,
    0x05, 0x04, 0x05, 0x05, 0x04, 0x05, 0x05, 0x04, 0x05, 0x05, 0x04, 0x05,
    0x05, 0x04, 0x05, 0x05, 0x04, 0x05, 0x05, 0x04, 0x05, 0x05, 0x04, 0x05,
    0x05, 0x04, 0x05, 0x05, 0x04, 0x05, 0x05, 0x04, 0x05, 0x05, 0x04, 0x05,
    0x05, 0x04, 0x05, 0x05, 0x04, 0x05, 0x05, 0x04, 0x05, 0x05, 0x04, 0x05,
    0x05, 0x04, 0x05, 0x05, 0x04, 0x05, 0x05, 0x04, 0x05, 0x04, 0x04, 0x05,
    0x05, 0x04, 0x05, 0x05, 0x04, 0x04, 0x05, 0x04, 0x05, 0x05, 0x04, 0x05,
    0x04, 0x04, 0x05, 0x04, 0x05, 0x05, 0x04, 0x05, 0x04, 0x04, 0x05, 0x04,
    0x05, 0x04, 0x05, 0x05, 0x04, 0x05, 0x04, 0x04, 0x05, 0x04, 0x05, 0x05,
    0x04, 0x05, 0x04, 0x04, 0x05, 0x05, 0x04, 0x05, 0x04, 0x04, 0x05, 0x05,
    0x04, 0x05, 0x05, 0x04, 0x04, 0x05, 0x05, 0x04, 0x05, 0x05, 0x04, 0x04,
    0x05, 0x04, 0x05, 0x05, 0x04, 0x04, 0x05, 0x04, 0x05, 0x04, 0x04, 0x0f,
    0x05, 0x05, 0x04, 0x05, 0x04, 0x05, 0x04, 0x04, 0x05, 0x04, 0x05, 0x05,
    0x04, 0x05, 0x04, 0x05, 0x04, 0x04, 0x05, 0x04, 0x04, 0x05, 0x05, 0x04,
    0x05, 0x05, 0x04, 0x05, 0x04, 0x05, 0x04, 0x05, 0x04, 0x05, 0x04, 0x05,
    0x05, 0x04, 0x05, 0x05, 0x04, 0x05, 0x05, 0x04, 0x04, 0x05, 0x04, 0x04,
    0x05, 0x04, 0x05, 0x05, 0x04, 0x04, 0x05, 0x04, 0x05, 0x05, 0x04, 0x05,
    0x04, 0x05, 0x04, 0x04, 0x05, 0x04, 0x04, 0x05, 0x04, 0x05, 0x04, 0x05,
    0x05, 0x04, 0x04, 0x05, 0x04, 0x05, 0x04, 0x04, 0x05, 0x04, 0x04, 0x05,
    0x04, 0x04, 0x05, 0x04, 0x04, 0x05, 0x04, 0x04, 0x05, 0x04, 0x04, 0x05,
    0x04, 0x04, 0x05, 0x04, 0x04, 0x05, 0x04, 0x04, 0x05, 0x04, 0x04, 0x05,
    0x04, 0x05, 0x04, 0x05, 0x04, 0x04, 0x05, 0x04, 0x04, 0x05, 0x04, 0x04,
    0x05, 0x04, 0x04, 0x05, 0x04, 0x04, 0x05, 0x04, 0x04, 0x05, 0x04, 0x04,
    0x05, 0x04, 0x04, 0x05, 0x04, 0x04, 0x05, 0x04, 0x04, 0x05, 0x04, 0x04,
    0x05, 0x05, 0x04, 0x05, 0x04, 0x04, 0x05, 0x04, 0x05, 0x05, 0x04, 0x05,
    0x04, 0x04, 0x05, 0x04, 0x05, 0x05, 0x04, 0x05, 0x04, 0x04, 0x05, 0x04,
    0x05, 0x05, 0x04, 0x05, 0x04, 0x05, 0x04, 0x04, 0x05, 0x04, 0x05, 0x05,
    0x04, 0x05, 0x04, 0x04, 0x05, 0x04, 0x05, 0x05, 0x04, 0x05, 0x04, 0x04,
    0x05, 0x05, 0x05, 0x04, 0x04, 0x05, 0x04, 0x05, 0x05, 0x04, 0x05, 0x04,
    0x04, 0x05, 0x04, 0x05, 0x05, 0x04, 0x05, 0x04, 0x04, 0x05, 0x04, 0x05,
    0x05, 0x04, 0x04, 0x05, 0x04, 0x0e, 0x04, 0x04, 0x05, 0x05, 0x04, 0x05,
    0x05, 0x04, 0x04, 0x05, 0x04, 0x04, 0x05, 0x05, 0x04, 0x05, 0x05, 0x04,
    0x05, 0x04, 0x05, 0x04, 0x04, 0x05, 0x04, 0x04, 0x05, 0x05, 0x04, 0x04,
    0x05, 0x04, 0x05, 0x04, 0x04, 0x05, 0x04, 0x04, 0x05, 0x04, 0x04, 0x05,
    0x05, 0x04, 0x05, 0x05, 0x04, 0x05, 0x04, 0x04, 0x05, 0x05, 0x04, 0x05,
    0x04, 0x04, 0x05, 0x04, 0x05, 0x04, 0x05, 0x05, 0x04, 0x05, 0x05, 0x04,
    0x05, 0x04, 0x05, 0x04, 0x04, 0x05, 0x04, 0x04, 0x05, 0x04, 0x05, 0x05,
    0x04, 0x05, 0x05, 0x04, 0x05, 0x05, 0x04, 0x05, 0x05, 0x04, 0x05, 0x05,
    0x04, 0x05, 0x05, 0x04, 0x05, 0x05, 0x04, 0x05, 0x05, 0x04, 0x05, 0x05,
    0x04, 0x05, 0x05, 0x04, 0x05, 0x04, 0x05, 0x04, 0x04, 0x05, 0x05, 0x04,
    0x05, 0x05, 0x04, 0x05, 0x05, 0x04, 0x05, 0x05, 0x04, 0x05, 0x05, 0x04,
    0x05, 0x05, 0x04, 0x05, 0x05, 0x04, 0x05, 0x05, 0x04, 0x05, 0x05, 0x04,
    0x05, 0x05, 0x04, 0x05, 0x05, 0x04, 0x04, 0x05, 0x04, 0x05, 0x05, 0x04,
    0x04, 0x05, 0x04, 0x04, 0x05, 0x05, 0x04, 0x05, 0x04, 0x04, 0x05, 0x04,
    0x05, 0x05, 0x04, 0x05, 0x04, 0x04, 0x05, 0x04, 0x05, 0x04, 0x05, 0x05,
    0x04, 0x05, 0x04, 0x04, 0x05, 0x04, 0x05, 0x05, 0x04, 0x05, 0x04, 0x04,
    0x05, 0x04, 0x05, 0x05, 0x04, 0x04, 0x05, 0x04, 0x05, 0x05, 0x04, 0x04,
    0x05, 0x04, 0x04, 0x05, 0x05, 0x04, 0x05, 0x04, 0x04, 0x05, 0x04, 0x05,
    0x05, 0x04, 0x05, 0x04, 0x05, 0x04, 0x05, 0x04, 0x05, 0x05, 0x05, 0x0e,
    0x04, 0x05, 0x04, 0x04, 0x05, 0x04, 0x05, 0x05, 0x04, 0x05, 0x05, 0x04,
    0x04, 0x05, 0x04, 0x04, 0x05, 0x04, 0x05, 0x05, 0x04, 0x05, 0x04, 0x05,
    0x05, 0x04, 0x04, 0x05, 0x05, 0x04, 0x05, 0x04, 0x05, 0x05, 0x04, 0x05,
    0x05, 0x04, 0x05, 0x05, 0x04, 0x04, 0x05, 0x04, 0x04, 0x05, 0x05, 0x04,
    0x05, 0x04, 0x04, 0x05, 0x04, 0x05, 0x05, 0x04, 0x04, 0x05, 0x04, 0x04,
    0x05, 0x04, 0x04, 0x05, 0x04, 0x05, 0x04, 0x05, 0x05, 0x04, 0x05, 0x04,
    0x05, 0x05, 0x04, 0x05, 0x04, 0x04, 0x05, 0x04, 0x04, 0x05, 0x04, 0x04,
    0x05, 0x04, 0x04, 0x05, 0x04, 0x04, 0x05, 0x04, 0x04, 0x05, 0x04, 0x04,
    0x05, 0x04, 0x04, 0x05, 0x04, 0x04, 0x05, 0x04, 0x04, 0x05, 0x05, 0x04,
    0x05, 0x05, 0x04, 0x05, 0x04, 0x04, 0x05, 0x04, 0x04, 0x05, 0x04, 0x05,
    0x04, 0x05, 0x04, 0x04, 0x05, 0x04, 0x04, 0x05, 0x04, 0x04, 0x05, 0x04,
    0x04, 0x05, 0x04, 0x04, 0x05, 0x04, 0x04, 0x05, 0x04, 0x04, 0x05, 0x05,
    0x04, 0x04, 0x05, 0x04, 0x05, 0x05, 0x04, 0x05, 0x04, 0x04, 0x05, 0x04,
    0x05, 0x05, 0x04, 0x05, 0x04, 0x04, 0x05, 0x04, 0x05, 0x05, 0x04, 0x05,
    0x04, 0x04, 0x05, 0x04, 0x04, 0x05, 0x04, 0x05, 0x05, 0x04, 0x04, 0x05,
    0x04, 0x04, 0x05, 0x05, 0x04, 0x05, 0x04, 0x04, 0x05, 0x04, 0x05, 0x05,
    0x04, 0x04, 0x04, 0x05, 0x05, 0x04, 0x05, 0x04, 0x04, 0x05, 0x04, 0x05,
    0x05, 0x04, 0x05, 0x04, 0x04, 0x05, 0x04, 0x05, 0x04, 0x05, 0x04, 0x05,
    0x04, 0x05, 0x04, 0x04, 0x05, 0x0f, 0x05, 0x05, 0x04, 0x05, 0x04, 0x04,
    0x05, 0x04, 0x04, 0x05, 0x05, 0x04, 0x05, 0x05, 0x04, 0x05, 0x04, 0x04,
    0x05, 0x04, 0x04, 0x05, 0x05, 0x04, 0x05, 0x05, 0x04, 0x04, 0x05, 0x05,
    0x04, 0x04, 0x05, 0x04, 0x04, 0x05, 0x04, 0x04, 0x05, 0x05, 0x04, 0x05,
    0x04, 0x05, 0x04, 0x04, 0x05, 0x04, 0x05, 0x05, 0x04, 0x05, 0x04, 0x04,
    0x05, 0x05, 0x04, 0x05, 0x05, 0x04, 0x05, 0x05, 0x04, 0x04, 0x05, 0x04,
    0x04, 0x05, 0x04, 0x05, 0x04, 0x05, 0x04, 0x05, 0x04, 0x05, 0x05, 0x04,
    0x05, 0x05, 0x04, 0x05, 0x05, 0x04, 0x05, 0x05, 0x04, 0x05, 0x05, 0x04,
    0x05, 0x05, 0x04, 0x05, 0x05, 0x04, 0x05, 0x05, 0x04, 0x05, 0x05, 0x04,
    0x05, 0x05, 0x04, 0x05, 0x04, 0x04, 0x05, 0x04, 0x05, 0x04, 0x05, 0x05,
    0x04, 0x05, 0x05, 0x04, 0x04, 0x05, 0x04, 0x04, 0x05, 0x05, 0x04, 0x05,
    0x05, 0x04, 0x05, 0x05, 0x04, 0x05, 0x05, 0x04, 0x05, 0x05, 0x04, 0x05,
    0x05, 0x04, 0x05, 0x04, 0x05, 0x04, 0x05, 0x05, 0x04, 0x04, 0x05, 0x04,
    0x05, 0x05, 0x05, 0x04, 0x05, 0x04, 0x04, 0x05, 0x05, 0x04, 0x05, 0x05,
    0x04, 0x04, 0x05, 0x04, 0x05, 0x05, 0x04, 0x05, 0x05, 0x04, 0x05, 0x04,
    0x04, 0x05, 0x05, 0x04, 0x05, 0x05, 0x04, 0x04, 0x05, 0x04, 0x05, 0x05,
    0x04, 0x05, 0x04, 0x04, 0x05, 0x05, 0x04, 0x05, 0x04, 0x04, 0x05, 0x05,
    0x04, 0x05, 0x05, 0x04, 0x04, 0x05, 0x04, 0x05, 0x05, 0x04, 0x05, 0x04,
    0x04, 0x05, 0x05, 0x04, 0x05, 0x04, 0x05, 0x04, 0x05, 0x04, 0x04, 0x0f,
    0x04, 0x04, 0x05, 0x05, 0x04, 0x05, 0x05, 0x04, 0x04, 0x05, 0x04, 0x04,
    0x05, 0x04, 0x05, 0x05, 0x04, 0x05, 0x05, 0x04, 0x05, 0x04, 0x04, 0x04,
    0x04, 0x05, 0x05, 0x04, 0x04, 0x05, 0x04, 0x05, 0x05, 0x04, 0x05, 0x05,
    0x04, 0x04, 0x05, 0x04, 0x04, 0x05, 0x05, 0x04, 0x05, 0x05, 0x04, 0x04,
    0x05, 0x04, 0x05, 0x05, 0x04, 0x04, 0x05, 0x04, 0x05, 0x04, 0x05, 0x04,
    0x04, 0x05, 0x05, 0x04, 0x05, 0x05, 0x04, 0x04, 0x05, 0x04, 0x05, 0x04,
    0x05, 0x04, 0x04, 0x05, 0x04, 0x04, 0x05, 0x04, 0x04, 0x05, 0x04, 0x04,
    0x05, 0x04, 0x04, 0x05, 0x04, 0x04, 0x05, 0x04, 0x04, 0x05, 0x04, 0x04,
    0x05, 0x04, 0x04, 0x05, 0x04, 0x04, 0x05, 0x04, 0x05, 0x04, 0x05, 0x05,
    0x04, 0x04, 0x05, 0x04, 0x04, 0x05, 0x04, 0x05, 0x05, 0x04, 0x05, 0x05,
    0x04, 0x05, 0x05, 0x04, 0x04, 0x05, 0x04, 0x04, 0x05, 0x04, 0x04, 0x05,
    0x04, 0x04, 0x05, 0x04, 0x04, 0x05, 0x04, 0x05, 0x05, 0x04, 0x04, 0x05,
    0x04, 0x05, 0x05, 0x04, 0x04, 0x05, 0x04, 0x04, 0x05, 0x04, 0x05, 0x05,
    0x04, 0x04, 0x05, 0x04, 0x05, 0x05, 0x04, 0x05, 0x04, 0x04, 0x05, 0x04,
    0x05, 0x04, 0x04, 0x05, 0x05, 0x04, 0x05, 0x04, 0x04, 0x05, 0x04, 0x05,
    0x05, 0x04, 0x05, 0x04, 0x04, 0x05, 0x05, 0x04, 0x05, 0x04, 0x04, 0x05,
    0x04, 0x05, 0x05, 0x04, 0x04, 0x05, 0x04, 0x05, 0x05, 0x04, 0x05, 0x04,
    0x04, 0x05, 0x04, 0x05, 0x05, 0x04, 0x05, 0x04, 0x04, 0x05, 0x04, 0x05,
    0x04, 0x05, 0x05, 0x04, 0x05, 0x0e, 0x04, 0x05, 0x04, 0x04, 0x05, 0x04,
    0x05, 0x05, 0x04, 0x05, 0x04, 0x05, 0x04, 0x04, 0x05, 0x04, 0x04, 0x05,
    0x04, 0x05, 0x05, 0x04, 0x05, 0x05, 0x04, 0x04, 0x05, 0x05, 0x04, 0x05,
    0x04, 0x05, 0x04, 0x04, 0x05, 0x05, 0x04, 0x05, 0x05, 0x04, 0x05, 0x04,
    0x04, 0x05, 0x04, 0x05, 0x05, 0x04, 0x05, 0x04, 0x04, 0x05, 0x05, 0x04,
    0x05, 0x04, 0x04, 0x05, 0x04, 0x05, 0x04, 0x04, 0x05, 0x04, 0x05, 0x05,
    0x04, 0x05, 0x05, 0x04, 0x04, 0x05, 0x05, 0x04, 0x05, 0x05, 0x04, 0x05,
    0x05, 0x04, 0x05, 0x05, 0x04, 0x05, 0x05, 0x04, 0x05, 0x05, 0x04, 0x05,
    0x05, 0x04, 0x05, 0x05, 0x04, 0x05, 0x05, 0x04, 0x05, 0x05, 0x04, 0x05,
    0x04, 0x05, 0x04, 0x04, 0x05, 0x05, 0x04, 0x05, 0x05, 0x04, 0x05, 0x04,
    0x04, 0x04, 0x05, 0x04, 0x04, 0x05, 0x04, 0x04, 0x05, 0x04, 0x05, 0x05,
    0x04, 0x05, 0x05, 0x04, 0x05, 0x05, 0x04, 0x05, 0x05, 0x04, 0x05, 0x04,
    0x04, 0x05, 0x04, 0x05, 0x05, 0x04, 0x04, 0x05, 0x04, 0x05, 0x05, 0x04,
    0x04, 0x05, 0x04, 0x04, 0x05, 0x05, 0x04, 0x05, 0x04, 0x04, 0x04, 0x05,
    0x04, 0x05, 0x05, 0x04, 0x05, 0x04, 0x05, 0x05, 0x04, 0x05, 0x04, 0x05,
    0x05, 0x04, 0x05, 0x04, 0x04, 0x05, 0x04, 0x05, 0x05, 0x04, 0x04, 0x05,
    0x04, 0x05, 0x05, 0x04, 0x05, 0x04, 0x05, 0x04, 0x05, 0x05, 0x04, 0x04,
    0x05, 0x04, 0x04, 0x05, 0x05, 0x04, 0x05, 0x04, 0x04, 0x05, 0x04, 0x05,
    0x05, 0x04, 0x05, 0x04, 0x05, 0x04, 0x04, 0x05, 0x04, 0x05, 0x04, 0x0f,
    0x05, 0x05, 0x04, 0x05, 0x05, 0x04, 0x04, 0x05, 0x04, 0x05, 0x05, 0x04,
    0x05, 0x05, 0x04, 0x05, 0x05, 0x04, 0x04, 0x05, 0x04, 0x05, 0x05, 0x04,
    0x05, 0x04, 0x04, 0x05, 0x04, 0x04, 0x05, 0x04, 0x05, 0x04, 0x04, 0x05,
    0x04, 0x04, 0x05, 0x05, 0x04, 0x05, 0x05, 0x04, 0x04, 0x05, 0x04, 0x05,
    0x05, 0x04, 0x04, 0x05, 0x04, 0x05, 0x05, 0x04, 0x05, 0x05, 0x04, 0x05,
    0x05, 0x04, 0x05, 0x04, 0x04, 0x05, 0x04, 0x05, 0x04, 0x05, 0x04, 0x05,
    0x04, 0x04, 0x05, 0x04, 0x04, 0x05, 0x04, 0x04, 0x05, 0x04, 0x04, 0x05,
    0x04, 0x04, 0x05, 0x04, 0x04, 0x05, 0x04, 0x04, 0x05, 0x04, 0x04, 0x05,
    0x04, 0x04, 0x05, 0x04, 0x05, 0x05, 0x04, 0x05, 0x05, 0x04, 0x04, 0x04,
    0x05, 0x04, 0x04, 0x05, 0x05, 0x05, 0x04, 0x05, 0x05, 0x04, 0x05, 0x05,
    0x04, 0x05, 0x04, 0x05, 0x04, 0x04, 0x05, 0x04, 0x04, 0x05, 0x04, 0x05,
    0x04, 0x05, 0x04, 0x05, 0x05, 0x04, 0x05, 0x04, 0x04, 0x05, 0x05, 0x04,
    0x05, 0x04, 0x04, 0x05, 0x05, 0x04, 0x05, 0x05, 0x04, 0x05, 0x04, 0x04,
    0x05, 0x05, 0x05, 0x04, 0x05, 0x04, 0x04, 0x05, 0x04, 0x05, 0x04, 0x04,
    0x05, 0x04, 0x05, 0x04, 0x04, 0x05, 0x04, 0x05, 0x05, 0x04, 0x05, 0x04,
    0x04, 0x05, 0x04, 0x05, 0x05, 0x04, 0x04, 0x05, 0x04, 0x05, 0x05, 0x04,
    0x04, 0x05, 0x04, 0x05, 0x05, 0x04, 0x05, 0x04, 0x04, 0x05, 0x04, 0x05,
    0x05, 0x04, 0x05, 0x04, 0x04, 0x05, 0x04, 0x05, 0x04, 0x05, 0x05, 0x04,
    0x05, 0x04, 0x04, 0x05, 0x04, 0x0e, 0x04, 0x04, 0x05, 0x04, 0x05, 0x04,
    0x05, 0x04, 0x04, 0x05, 0x04, 0x04, 0x05, 0x04, 0x04, 0x05, 0x05, 0x04,
    0x05, 0x04, 0x04, 0x05, 0x04, 0x04, 0x05, 0x05, 0x04, 0x05, 0x05, 0x04,
    0x05, 0x05, 0x04, 0x05, 0x05, 0x04, 0x05, 0x04, 0x04, 0x05, 0x04, 0x04,
    0x05, 0x05, 0x04, 0x04, 0x05, 0x04, 0x04, 0x05, 0x05, 0x04, 0x04, 0x05,
    0x04, 0x04, 0x05, 0x04, 0x04, 0x05, 0x04, 0x05, 0x05, 0x04, 0x05, 0x04,
    0x05, 0x04, 0x05, 0x04, 0x05, 0x04, 0x05, 0x05, 0x04, 0x05, 0x05, 0x04,
    0x05, 0x05, 0x04, 0x05, 0x05, 0x04, 0x05, 0x05, 0x04, 0x05, 0x05, 0x04,
    0x05, 0x05, 0x04, 0x05, 0x05, 0x04, 0x05, 0x05, 0x04, 0x04, 0x05, 0x04,
    0x04, 0x05, 0x04, 0x05, 0x05, 0x04, 0x05, 0x05, 0x04, 0x04, 0x05, 0x04,
    0x05, 0x04, 0x04, 0x05, 0x04, 0x04, 0x05, 0x05, 0x04, 0x05, 0x05, 0x04,
    0x05, 0x05, 0x04, 0x05, 0x04, 0x04, 0x05, 0x04, 0x04, 0x05, 0x04, 0x05,
    0x05, 0x04, 0x05, 0x04, 0x04, 0x05, 0x05, 0x04, 0x05, 0x04, 0x04, 0x05,
    0x04, 0x05, 0x05, 0x04, 0x05, 0x04, 0x04, 0x04, 0x05, 0x05, 0x04, 0x05,
    0x05, 0x04, 0x04, 0x05, 0x05, 0x04, 0x04, 0x05, 0x04, 0x05, 0x05, 0x04,
    0x04, 0x04, 0x05, 0x04, 0x05, 0x05, 0x04, 0x04, 0x05, 0x04, 0x05, 0x04,
    0x05, 0x04, 0x04, 0x05, 0x04, 0x05, 0x05, 0x04, 0x04, 0x05, 0x04, 0x05,
    0x05, 0x05, 0x04, 0x05, 0x04, 0x04, 0x05, 0x04, 0x05, 0x05, 0x04, 0x04,
    0x05, 0x04, 0x04, 0x05, 0x04, 0x05, 0x05, 0x04, 0x05, 0x05, 0x04, 0x0f,
    0x04, 0x05, 0x05, 0x04, 0x04, 0x05, 0x05, 0x04, 0x05, 0x05, 0x04, 0x05,
    0x05, 0x04, 0x04, 0x05, 0x04, 0x04, 0x05, 0x05, 0x04, 0x05, 0x04, 0x05,
    0x05, 0x04, 0x05, 0x04, 0x05, 0x04, 0x04, 0x05, 0x04, 0x05, 0x04, 0x05,
    0x05, 0x04, 0x05, 0x05, 0x04, 0x04, 0x05, 0x05, 0x04, 0x05, 0x05, 0x04,
    0x04, 0x05, 0x05, 0x04, 0x05, 0x05, 0x04, 0x05, 0x05, 0x04, 0x05, 0x04,
    0x04, 0x05, 0x04, 0x05, 0x04, 0x05, 0x04, 0x05, 0x04, 0x05, 0x04, 0x05,
    0x04, 0x04, 0x05, 0x04, 0x04, 0x05, 0x04, 0x05, 0x04, 0x04, 0x05, 0x04,
    0x05, 0x04, 0x04, 0x05, 0x04, 0x04, 0x05, 0x04, 0x04, 0x05, 0x04, 0x04,
    0x05, 0x05, 0x04, 0x05, 0x04, 0x05, 0x05, 0x04, 0x04, 0x05, 0x05, 0x04,
    0x04, 0x05, 0x05, 0x04, 0x04, 0x05, 0x04, 0x05, 0x05, 0x04, 0x05, 0x04,
    0x05, 0x04, 0x04, 0x05, 0x04, 0x04, 0x05, 0x04, 0x05, 0x05, 0x04, 0x05,
    0x05, 0x04, 0x05, 0x04, 0x04, 0x05, 0x04, 0x05, 0x05, 0x04, 0x04, 0x05,
    0x04, 0x05, 0x05, 0x04, 0x05, 0x04, 0x04, 0x05, 0x04, 0x04, 0x05, 0x05,
    0x04, 0x05, 0x04, 0x04, 0x05, 0x04, 0x05, 0x05, 0x04, 0x05, 0x05, 0x04,
    0x05, 0x05, 0x04, 0x04, 0x05, 0x05, 0x04, 0x05, 0x04, 0x04, 0x05, 0x05,
    0x04, 0x05, 0x05, 0x04, 0x04, 0x05, 0x05, 0x04, 0x05, 0x04, 0x04, 0x05,
    0x05, 0x04, 0x05, 0x04, 0x04, 0x04, 0x05, 0x04, 0x05, 0x05, 0x04, 0x05,
    0x04, 0x04, 0x05, 0x05, 0x04, 0x05, 0x05, 0x04, 0x05, 0x04, 0x04, 0x05,
    0x04, 0x04, 0x05, 0x04, 0x05, 0x0f, 0x05, 0x04, 0x05, 0x04, 0x05, 0x04,
    0x04, 0x05, 0x04, 0x04, 0x05, 0x04, 0x05, 0x05, 0x04, 0x05, 0x04, 0x05,
    0x04, 0x05, 0x04, 0x05, 0x04, 0x04, 0x05, 0x04, 0x04, 0x05, 0x04, 0x05,
    0x05, 0x04, 0x05, 0x04, 0x04, 0x05, 0x04, 0x04, 0x05, 0x05, 0x04, 0x05,
    0x04, 0x04, 0x05, 0x04, 0x05, 0x05, 0x04, 0x05, 0x04, 0x04, 0x05, 0x04,
    0x04, 0x05, 0x04, 0x05, 0x05, 0x04, 0x05, 0x04, 0x05, 0x04, 0x05, 0x04,
    0x05, 0x04, 0x05, 0x04, 0x05, 0x05, 0x04, 0x05, 0x05, 0x04, 0x05, 0x04,
    0x04, 0x05, 0x05, 0x04, 0x04, 0x05, 0x04, 0x05, 0x05, 0x04, 0x05, 0x05,
    0x04, 0x05, 0x05, 0x04, 0x05, 0x04, 0x04, 0x05, 0x04, 0x05, 0x04, 0x04,
    0x05, 0x04, 0x05, 0x04, 0x04, 0x05, 0x04, 0x04, 0x05, 0x05, 0x04, 0x05,
    0x04, 0x05, 0x04, 0x05, 0x04, 0x05, 0x04, 0x05, 0x05, 0x04, 0x05, 0x05,
    0x04, 0x04, 0x05, 0x04, 0x04, 0x05, 0x04, 0x05, 0x05, 0x04, 0x05, 0x04,
    0x04, 0x05, 0x04, 0x05, 0x05, 0x04, 0x04, 0x05, 0x04, 0x05, 0x05, 0x04,
    0x05, 0x05, 0x04, 0x05, 0x04, 0x05, 0x05, 0x04, 0x05, 0x04, 0x05, 0x04,
    0x04, 0x05, 0x04, 0x04, 0x05, 0x04, 0x05, 0x04, 0x05, 0x04, 0x04, 0x05,
    0x05, 0x04, 0x05, 0x05, 0x04, 0x04, 0x05, 0x04, 0x05, 0x04, 0x05, 0x05,
    0x04, 0x05, 0x05, 0x04, 0x05, 0x04, 0x04, 0x05, 0x05, 0x05, 0x04, 0x05,
    0x04, 0x04, 0x05, 0x04, 0x05, 0x05, 0x04, 0x05, 0x04, 0x04, 0x05, 0x04,
    0x05, 0x05, 0x04, 0x05, 0x05, 0x04, 0x05, 0x05, 0x04, 0x04, 0x05, 0x0e,
    0x04, 0x05, 0x04, 0x05, 0x05, 0x04, 0x05, 0x05, 0x04, 0x05, 0x04, 0x04,
    0x05, 0x04, 0x05, 0x04, 0x05, 0x05, 0x04, 0x04, 0x05, 0x05, 0x04, 0x05,
    0x05, 0x04, 0x05, 0x05, 0x04, 0x04, 0x05, 0x04, 0x05, 0x05, 0x04, 0x05,
    0x04, 0x05, 0x04, 0x04, 0x05, 0x05, 0x04, 0x05, 0x04, 0x04, 0x05, 0x04,
    0x05, 0x04, 0x05, 0x05, 0x04, 0x05, 0x05, 0x04, 0x04, 0x05, 0x04, 0x05,
    0x05, 0x04, 0x04, 0x05, 0x04, 0x05, 0x04, 0x05, 0x04, 0x04, 0x05, 0x04,
    0x04, 0x05, 0x04, 0x05, 0x05, 0x04, 0x05, 0x04, 0x05, 0x05, 0x04, 0x05,
    0x04, 0x05, 0x04, 0x04, 0x05, 0x04, 0x04, 0x05, 0x04, 0x05, 0x05, 0x04,
    0x05, 0x04, 0x05, 0x04, 0x05, 0x05, 0x04, 0x05, 0x05, 0x04, 0x05, 0x05,
    0x04, 0x05, 0x04, 0x04, 0x05, 0x04, 0x05, 0x04, 0x04, 0x05, 0x05, 0x04,
    0x04, 0x05, 0x04, 0x04, 0x05, 0x05, 0x04, 0x05, 0x04, 0x05, 0x05, 0x04,
    0x04, 0x05, 0x04, 0x05, 0x05, 0x04, 0x05, 0x04, 0x04, 0x05, 0x05, 0x04,
    0x05, 0x04, 0x04, 0x05, 0x04, 0x04, 0x05, 0x04, 0x05, 0x04, 0x04, 0x05,
    0x04, 0x04, 0x05, 0x05, 0x04, 0x05, 0x04, 0x05, 0x05, 0x04, 0x04, 0x05,
    0x04, 0x05, 0x05, 0x04, 0x05, 0x04, 0x04, 0x05, 0x04, 0x05, 0x04, 0x05,
    0x04, 0x04, 0x05, 0x04, 0x04, 0x05, 0x04, 0x04, 0x05, 0x04, 0x05, 0x05,
    0x04, 0x04, 0x04, 0x05, 0x05, 0x04, 0x05, 0x05, 0x04, 0x04, 0x04, 0x05,
    0x05, 0x04, 0x05, 0x04, 0x05, 0x04, 0x04, 0x05, 0x04, 0x04, 0x05, 0x04,
    0x04, 0x05, 0x05, 0x04, 0x04, 0x0f, 0x04, 0x05, 0x04, 0x04, 0x05, 0x04,
    0x05, 0x04, 0x05, 0x05, 0x04, 0x05, 0x04, 0x05, 0x04, 0x04, 0x05, 0x04,
    0x05, 0x04, 0x05, 0x04, 0x04, 0x05, 0x04, 0x04, 0x05, 0x04, 0x05, 0x04,
    0x04, 0x05, 0x04, 0x04, 0x05, 0x04, 0x05, 0x05, 0x04, 0x04, 0x05, 0x04,
    0x05, 0x05, 0x04, 0x05, 0x04, 0x04, 0x05, 0x04, 0x04, 0x05, 0x04, 0x04,
    0x05, 0x05, 0x04, 0x04, 0x05, 0x04, 0x04, 0x05, 0x05, 0x04, 0x05, 0x04,
    0x05, 0x05, 0x04, 0x05, 0x05, 0x04, 0x05, 0x04, 0x04, 0x05, 0x04, 0x05,
    0x04, 0x04, 0x05, 0x04, 0x05, 0x04, 0x05, 0x04, 0x05, 0x05, 0x04, 0x05,
    0x05, 0x04, 0x04, 0x05, 0x04, 0x05, 0x05, 0x04, 0x04, 0x05, 0x04, 0x05,
    0x04, 0x04, 0x05, 0x04, 0x05, 0x04, 0x05, 0x05, 0x04, 0x05, 0x05, 0x04,
    0x05, 0x05, 0x04, 0x04, 0x05, 0x04, 0x05, 0x05, 0x04, 0x04, 0x05, 0x04,
    0x04, 0x05, 0x04, 0x05, 0x05, 0x04, 0x05, 0x04, 0x04, 0x05, 0x04, 0x05,
    0x05, 0x04, 0x05, 0x04, 0x04, 0x05, 0x05, 0x04, 0x05, 0x05, 0x04, 0x05,
    0x04, 0x04, 0x05, 0x05, 0x04, 0x05, 0x05, 0x04, 0x05, 0x04, 0x05, 0x04,
    0x05, 0x04, 0x05, 0x05, 0x04, 0x05, 0x04, 0x04, 0x05, 0x04, 0x05, 0x05,
    0x04, 0x05, 0x04, 0x04, 0x05, 0x05, 0x04, 0x05, 0x05, 0x04, 0x05, 0x04,
    0x05, 0x04, 0x04, 0x05, 0x04, 0x05, 0x05, 0x04, 0x04, 0x05, 0x04, 0x04,
    0x05, 0x04, 0x05, 0x05, 0x04, 0x04, 0x05, 0x04, 0x05, 0x05, 0x04, 0x05,
    0x04, 0x05, 0x05, 0x04, 0x05, 0x05, 0x04, 0x04, 0x05, 0x05, 0x04, 0x0f,
    0x05, 0x04, 0x05, 0x04, 0x04, 0x05, 0x04, 0x04, 0x05, 0x04, 0x05, 0x05,
    0x04, 0x05, 0x05, 0x04, 0x05, 0x04, 0x05, 0x05, 0x04, 0x05, 0x05, 0x04,
    0x05, 0x05, 0x04, 0x05, 0x05, 0x05, 0x04, 0x05, 0x05, 0x04, 0x05, 0x04,
    0x04, 0x05, 0x05, 0x04, 0x05, 0x04, 0x04, 0x05, 0x04, 0x05, 0x05, 0x04,
    0x05, 0x05, 0x04, 0x05, 0x05, 0x04, 0x04, 0x05, 0x05, 0x04, 0x05, 0x05,
    0x04, 0x05, 0x04, 0x05, 0x04, 0x04, 0x05, 0x04, 0x04, 0x05, 0x04, 0x05,
    0x05, 0x04, 0x05, 0x04, 0x04, 0x05, 0x05, 0x04, 0x05, 0x04, 0x04, 0x05,
    0x04, 0x05, 0x04, 0x04, 0x05, 0x04, 0x05, 0x04, 0x05, 0x04, 0x04, 0x05,
    0x04, 0x05, 0x05, 0x04, 0x05, 0x04, 0x05, 0x04, 0x04, 0x05, 0x04, 0x04,
    0x05, 0x04, 0x04, 0x05, 0x04, 0x04, 0x05, 0x05, 0x04, 0x05, 0x04, 0x05,
    0x04, 0x05, 0x05, 0x04, 0x05, 0x04, 0x05, 0x05, 0x04, 0x04, 0x04, 0x05,
    0x05, 0x04, 0x05, 0x04, 0x04, 0x05, 0x04, 0x05, 0x05, 0x04, 0x04, 0x05,
    0x04, 0x04, 0x05, 0x04, 0x05, 0x05, 0x04, 0x05, 0x05, 0x04, 0x04, 0x05,
    0x04, 0x05, 0x04, 0x04, 0x05, 0x05, 0x04, 0x04, 0x04, 0x05, 0x04, 0x05,
    0x05, 0x04, 0x04, 0x05, 0x04, 0x04, 0x05, 0x05, 0x04, 0x05, 0x05, 0x04,
    0x04, 0x05, 0x04, 0x05, 0x05, 0x04, 0x05, 0x05, 0x04, 0x05, 0x04, 0x04,
    0x05, 0x05, 0x05, 0x04, 0x05, 0x05, 0x04, 0x04, 0x05, 0x05, 0x04, 0x05,
    0x04, 0x04, 0x05, 0x04, 0x04, 0x05, 0x05, 0x04, 0x04, 0x05, 0x04, 0x05,
    0x05, 0x04, 0x04, 0x05, 0x04, 0x0e, 0x04, 0x05, 0x05, 0x05, 0x04, 0x05,
    0x05, 0x04, 0x04, 0x05, 0x04, 0x04, 0x05, 0x04, 0x04, 0x05, 0x04, 0x05,
    0x04, 0x04, 0x05, 0x04, 0x04, 0x05, 0x04, 0x04, 0x05, 0x04, 0x04, 0x05,
    0x04, 0x04, 0x05, 0x05, 0x04, 0x05, 0x04, 0x05, 0x04, 0x05, 0x05, 0x04,
    0x05, 0x04, 0x04, 0x05, 0x04, 0x05, 0x04, 0x05, 0x04, 0x04, 0x05, 0x05,
    0x04, 0x04, 0x05, 0x04, 0x04, 0x05, 0x04, 0x04, 0x05, 0x05, 0x04, 0x05,
    0x05, 0x04, 0x05, 0x04, 0x04, 0x05, 0x04, 0x05, 0x05, 0x04, 0x05, 0x05,
    0x04, 0x05, 0x05, 0x04, 0x05, 0x05, 0x04, 0x05, 0x04, 0x05, 0x04, 0x05,
    0x04, 0x05, 0x05, 0x04, 0x05, 0x04, 0x04, 0x05, 0x04, 0x05, 0x04, 0x05,
    0x05, 0x05, 0x04, 0x05, 0x05, 0x04, 0x05, 0x04, 0x05, 0x05, 0x04, 0x04,
    0x05, 0x04, 0x05, 0x04, 0x05, 0x04, 0x04, 0x05, 0x04, 0x05, 0x04, 0x05,
    0x04, 0x05, 0x05, 0x04, 0x05, 0x04, 0x04, 0x05, 0x05, 0x04, 0x05, 0x04,
    0x04, 0x05, 0x04, 0x05, 0x05, 0x04, 0x05, 0x05, 0x04, 0x04, 0x05, 0x04,
    0x04, 0x05, 0x04, 0x04, 0x05, 0x04, 0x05, 0x04, 0x05, 0x04, 0x04, 0x05,
    0x05, 0x04, 0x05, 0x04, 0x04, 0x05, 0x05, 0x04, 0x05, 0x05, 0x04, 0x04,
    0x05, 0x04, 0x04, 0x05, 0x04, 0x04, 0x05, 0x04, 0x04, 0x05, 0x04, 0x04,
    0x05, 0x04, 0x05, 0x05, 0x04, 0x04, 0x05, 0x04, 0x04, 0x05, 0x04, 0x05,
    0x04, 0x05, 0x04, 0x04, 0x05, 0x05, 0x04, 0x05, 0x05, 0x04, 0x05, 0x04,
    0x04, 0x05, 0x04, 0x05, 0x04, 0x04, 0x05, 0x05, 0x04, 0x05, 0x05, 0x0e,
    0x04, 0x04, 0x05, 0x04, 0x04, 0x05, 0x05, 0x04, 0x05, 0x05, 0x04, 0x05,
    0x05, 0x04, 0x05, 0x04, 0x05, 0x04, 0x05, 0x04, 0x05, 0x04, 0x05, 0x05,
    0x04, 0x05, 0x04, 0x04, 0x05, 0x04, 0x05, 0x04, 0x04, 0x05, 0x04, 0x05,
    0x05, 0x04, 0x04, 0x05, 0x04, 0x05, 0x05, 0x04, 0x05, 0x04, 0x05, 0x04,
    0x04, 0x05, 0x05, 0x04, 0x04, 0x05, 0x05, 0x04, 0x05, 0x05, 0x04, 0x05,
    0x05, 0x04, 0x05, 0x04, 0x04, 0x05, 0x04, 0x05, 0x05, 0x04, 0x05, 0x04,
    0x04, 0x05, 0x04, 0x04, 0x05, 0x04, 0x04, 0x05, 0x04, 0x04, 0x05, 0x04,
    0x05, 0x04, 0x05, 0x05, 0x04, 0x04, 0x05, 0x04, 0x04, 0x05, 0x05, 0x04,
    0x05, 0x04, 0x05, 0x04, 0x04, 0x04, 0x05, 0x04, 0x04, 0x05, 0x04, 0x05,
    0x04, 0x05, 0x04, 0x05, 0x05, 0x04, 0x05, 0x04, 0x04, 0x05, 0x05, 0x04,
    0x05, 0x04, 0x05, 0x04, 0x05, 0x04, 0x04, 0x05, 0x04, 0x05, 0x05, 0x04,
    0x04, 0x05, 0x04, 0x05, 0x05, 0x04, 0x05, 0x04, 0x04, 0x05, 0x04, 0x04,
    0x05, 0x05, 0x04, 0x05, 0x04, 0x05, 0x05, 0x04, 0x05, 0x05, 0x04, 0x05,
    0x04, 0x05, 0x05, 0x05, 0x04, 0x04, 0x05, 0x05, 0x04, 0x05, 0x05, 0x04,
    0x04, 0x05, 0x04, 0x05, 0x05, 0x05, 0x04, 0x05, 0x05, 0x04, 0x05, 0x05,
    0x05, 0x04, 0x05, 0x05, 0x04, 0x05, 0x04, 0x04, 0x05, 0x04, 0x05, 0x05,
    0x04, 0x04, 0x05, 0x04, 0x04, 0x05, 0x05, 0x04, 0x05, 0x04, 0x04, 0x05,
    0x04, 0x05, 0x04, 0x05, 0x05, 0x04, 0x05, 0x05, 0x04, 0x05, 0x05, 0x04,
    0x04, 0x05, 0x04, 0x04, 0x05, 0x0f, 0x05, 0x04, 0x05, 0x04, 0x05, 0x04,
    0x04, 0x05, 0x04, 0x04, 0x05, 0x04, 0x04, 0x05, 0x05, 0x04, 0x05, 0x05,
    0x04, 0x05, 0x04, 0x05, 0x04, 0x04, 0x05, 0x05, 0x04, 0x05, 0x05, 0x04,
    0x05, 0x05, 0x04, 0x05, 0x04, 0x04, 0x05, 0x04, 0x05, 0x04, 0x04, 0x05,
    0x04, 0x05, 0x05, 0x04, 0x05, 0x05, 0x04, 0x05, 0x05, 0x04, 0x04, 0x05,
    0x04, 0x04, 0x05, 0x04, 0x04, 0x05, 0x04, 0x05, 0x04, 0x05, 0x05, 0x04,
    0x04, 0x05, 0x04, 0x05, 0x05, 0x04, 0x05, 0x05, 0x04, 0x05, 0x05, 0x04,
    0x05, 0x04, 0x05, 0x05, 0x04, 0x04, 0x05, 0x04, 0x04, 0x05, 0x05, 0x04,
    0x05, 0x05, 0x04, 0x05, 0x04, 0x05, 0x05, 0x04, 0x05, 0x05, 0x04, 0x05,
    0x04, 0x05, 0x05, 0x04, 0x05, 0x04, 0x05, 0x04, 0x04, 0x05, 0x04, 0x05,
    0x05, 0x04, 0x05, 0x04, 0x04, 0x05, 0x05, 0x04, 0x04, 0x05, 0x05, 0x04,
    0x05, 0x04, 0x04, 0x05, 0x04, 0x05, 0x05, 0x04, 0x04, 0x05, 0x04, 0x05,
    0x05, 0x04, 0x05, 0x05, 0x04, 0x05, 0x04, 0x04, 0x05, 0x04, 0x05, 0x04,
    0x04, 0x05, 0x04, 0x05, 0x04, 0x05, 0x04, 0x04, 0x05, 0x04, 0x05, 0x04,
    0x04, 0x05, 0x04, 0x05, 0x04, 0x04, 0x05, 0x04, 0x04, 0x04, 0x05, 0x04,
    0x04, 0x05, 0x04, 0x04, 0x05, 0x04, 0x04, 0x05, 0x04, 0x04, 0x05, 0x05,
    0x04, 0x05, 0x04, 0x04, 0x05, 0x05, 0x04, 0x05, 0x05, 0x04, 0x05, 0x04,
    0x04, 0x05, 0x05, 0x04, 0x05, 0x04, 0x05, 0x04, 0x04, 0x05, 0x04, 0x04,
    0x05, 0x04, 0x04, 0x05, 0x04, 0x05, 0x05, 0x04, 0x05, 0x04, 0x04, 0x0f,
    0x04, 0x05, 0x04, 0x05, 0x05, 0x04, 0x05, 0x05, 0x04, 0x05, 0x05, 0x04,
    0x04, 0x05, 0x04, 0x04, 0x05, 0x04, 0x04, 0x05, 0x05, 0x04, 0x05, 0x04,
    0x05, 0x04, 0x05, 0x04, 0x04, 0x05, 0x04, 0x05, 0x04, 0x05, 0x05, 0x04,
    0x05, 0x05, 0x04, 0x05, 0x05, 0x04, 0x04, 0x05, 0x04, 0x04, 0x05, 0x04,
    0x04, 0x05, 0x04, 0x05, 0x05, 0x04, 0x05, 0x05, 0x04, 0x05, 0x05, 0x04,
    0x04, 0x05, 0x04, 0x04, 0x05, 0x04, 0x05, 0x04, 0x04, 0x05, 0x04, 0x04,
    0x05, 0x04, 0x04, 0x05, 0x04, 0x05, 0x04, 0x04, 0x05, 0x05, 0x04, 0x05,
    0x05, 0x04, 0x04, 0x05, 0x04, 0x04, 0x05, 0x04, 0x05, 0x04, 0x04, 0x05,
    0x04, 0x04, 0x05, 0x04, 0x05, 0x05, 0x04, 0x04, 0x05, 0x04, 0x04, 0x05,
    0x05, 0x04, 0x05, 0x04, 0x04, 0x05, 0x04, 0x05, 0x05, 0x04, 0x04, 0x05,
    0x04, 0x05, 0x04, 0x05, 0x04, 0x05, 0x05, 0x04, 0x05, 0x04, 0x04, 0x05,
    0x05, 0x04, 0x05, 0x04, 0x04, 0x05, 0x04, 0x04, 0x05, 0x04, 0x05, 0x05,
    0x04, 0x05, 0x04, 0x05, 0x05, 0x04, 0x05, 0x04, 0x05, 0x04, 0x05, 0x04,
    0x05, 0x04, 0x04, 0x05, 0x05, 0x04, 0x05, 0x04, 0x05, 0x04, 0x05, 0x05,
    0x05, 0x05, 0x04, 0x05, 0x04, 0x05, 0x05, 0x04, 0x05, 0x05, 0x04, 0x04,
    0x05, 0x05, 0x04, 0x05, 0x04, 0x04, 0x05, 0x05, 0x04, 0x05, 0x04, 0x04,
    0x05, 0x04, 0x05, 0x05, 0x04, 0x05, 0x04, 0x05, 0x04, 0x05, 0x05, 0x04,
    0x05, 0x05, 0x04, 0x05, 0x04, 0x05, 0x05, 0x04, 0x05, 0x04, 0x04, 0x05,
    0x04, 0x05, 0x05, 0x04, 0x05, 0x0e, 0x05, 0x04, 0x04, 0x05, 0x04, 0x04,
    0x05, 0x04, 0x04, 0x05, 0x04, 0x05, 0x05, 0x04, 0x05, 0x04, 0x05, 0x04,
    0x05, 0x04, 0x04, 0x05, 0x05, 0x04, 0x04, 0x05, 0x04, 0x05, 0x05, 0x04,
    0x05, 0x04, 0x04, 0x05, 0x04, 0x04, 0x05, 0x04, 0x04, 0x05, 0x04, 0x05,
    0x04, 0x05, 0x04, 0x05, 0x05, 0x04, 0x05, 0x04, 0x04, 0x05, 0x04, 0x04,
    0x05, 0x04, 0x04, 0x05, 0x05, 0x04, 0x05, 0x05, 0x04, 0x05, 0x04, 0x05,
    0x05, 0x04, 0x05, 0x05, 0x04, 0x05, 0x05, 0x04, 0x05, 0x04, 0x04, 0x05,
    0x05, 0x04, 0x04, 0x05, 0x04, 0x04, 0x05, 0x05, 0x05, 0x04, 0x05, 0x05,
    0x04, 0x04, 0x05, 0x05, 0x04, 0x05, 0x04, 0x05, 0x04, 0x04, 0x05, 0x04,
    0x05, 0x04, 0x05, 0x05, 0x04, 0x05, 0x04, 0x05, 0x05, 0x04, 0x05, 0x04,
    0x04, 0x05, 0x04, 0x05, 0x05, 0x04, 0x05, 0x04, 0x05, 0x04, 0x04, 0x05,
    0x04, 0x05, 0x05, 0x04, 0x05, 0x04, 0x04, 0x05, 0x05, 0x04, 0x05, 0x05,
    0x04, 0x05, 0x04, 0x04, 0x05, 0x04, 0x05, 0x04, 0x05, 0x04, 0x04, 0x05,
    0x05, 0x04, 0x04, 0x05, 0x04, 0x05, 0x05, 0x05, 0x04, 0x05, 0x04, 0x05,
    0x05, 0x04, 0x04, 0x05, 0x04, 0x04, 0x04, 0x05, 0x05, 0x04, 0x05, 0x04,
    0x04, 0x05, 0x04, 0x05, 0x05, 0x04, 0x05, 0x04, 0x05, 0x05, 0x04, 0x05,
    0x04, 0x04, 0x05, 0x05, 0x04, 0x05, 0x04, 0x04, 0x05, 0x04, 0x04, 0x05,
    0x05, 0x04, 0x04, 0x05, 0x04, 0x04, 0x05, 0x04, 0x05, 0x04, 0x05, 0x04,
    0x04, 0x05, 0x05, 0x04, 0x05, 0x04, 0x04, 0x05, 0x04, 0x05, 0x04, 0x0f,
    0x05, 0x04, 0x05, 0x05, 0x04, 0x05, 0x05, 0x04, 0x05, 0x04, 0x04, 0x05,
    0x04, 0x05, 0x04, 0x05, 0x04, 0x05, 0x05, 0x04, 0x04, 0x05, 0x04, 0x05,
    0x05, 0x04, 0x05, 0x04, 0x04, 0x05, 0x05, 0x04, 0x05, 0x05, 0x04, 0x05,
    0x04, 0x05, 0x05, 0x04, 0x04, 0x05, 0x05, 0x04, 0x05, 0x04, 0x04, 0x05,
    0x05, 0x04, 0x05, 0x05, 0x04, 0x05, 0x05, 0x04, 0x05, 0x04, 0x04, 0x05,
    0x04, 0x04, 0x05, 0x05, 0x04, 0x04, 0x05, 0x04, 0x04, 0x05, 0x04, 0x04,
    0x05, 0x04, 0x05, 0x05, 0x04, 0x05, 0x05, 0x04, 0x05, 0x05, 0x04, 0x04,
    0x05, 0x04, 0x04, 0x05, 0x04, 0x05, 0x05, 0x04, 0x05, 0x04, 0x05, 0x04,
    0x05, 0x05, 0x04, 0x05, 0x04, 0x05, 0x04, 0x05, 0x04, 0x05, 0x04, 0x04,
    0x05, 0x04, 0x04, 0x05, 0x05, 0x04, 0x05, 0x04, 0x04, 0x05, 0x04, 0x05,
    0x04, 0x05, 0x05, 0x04, 0x05, 0x04, 0x04, 0x05, 0x04, 0x05, 0x05, 0x04,
    0x04, 0x05, 0x04, 0x04, 0x05, 0x04, 0x05, 0x05, 0x04, 0x05, 0x04, 0x04,
    0x05, 0x04, 0x05, 0x04, 0x04, 0x05, 0x04, 0x05, 0x05, 0x04, 0x04, 0x05,
    0x04, 0x04, 0x05, 0x04, 0x04, 0x05, 0x04, 0x05, 0x05, 0x04, 0x05, 0x04,
    0x04, 0x05, 0x04, 0x04, 0x05, 0x05, 0x04, 0x05, 0x04, 0x04, 0x05, 0x04,
    0x04, 0x05, 0x04, 0x04, 0x05, 0x05, 0x04, 0x05, 0x04, 0x04, 0x05, 0x05,
    0x04, 0x05, 0x05, 0x04, 0x05, 0x04, 0x05, 0x04, 0x05, 0x04, 0x05, 0x04,
    0x04, 0x05, 0x04, 0x05, 0x04, 0x05, 0x04, 0x05, 0x04, 0x05, 0x05, 0x04,
    0x05, 0x04, 0x04, 0x05, 0x04, 0x0e, 0x04, 0x05, 0x04, 0x04, 0x05, 0x04,
    0x04, 0x05, 0x05, 0x04, 0x05, 0x04, 0x05, 0x04, 0x05, 0x04, 0x05, 0x04,
    0x05, 0x05, 0x04, 0x05, 0x04, 0x04, 0x05, 0x04, 0x05, 0x05, 0x04, 0x04,
    0x05, 0x04, 0x04, 0x05, 0x04, 0x05, 0x04, 0x04, 0x05, 0x05, 0x04, 0x04,
    0x05, 0x04, 0x05, 0x04, 0x04, 0x05, 0x04, 0x04, 0x05, 0x04, 0x04, 0x05,
    0x04, 0x05, 0x05, 0x04, 0x05, 0x05, 0x04, 0x04, 0x05, 0x04, 0x05, 0x05,
    0x04, 0x05, 0x05, 0x04, 0x05, 0x04, 0x05, 0x04, 0x04, 0x05, 0x04, 0x04,
    0x05, 0x04, 0x04, 0x05, 0x05, 0x04, 0x05, 0x04, 0x05, 0x04, 0x04, 0x05,
    0x04, 0x04, 0x05, 0x04, 0x04, 0x05, 0x04, 0x04, 0x05, 0x05, 0x04, 0x05,
    0x05, 0x04, 0x04, 0x05, 0x05, 0x04, 0x05, 0x04, 0x04, 0x05, 0x04, 0x05,
    0x05, 0x04, 0x05, 0x04, 0x05, 0x04, 0x04, 0x05, 0x04, 0x05, 0x05, 0x04,
    0x05, 0x04, 0x04, 0x05, 0x04, 0x05, 0x05, 0x04, 0x05, 0x05, 0x04, 0x04,
    0x05, 0x04, 0x05, 0x05, 0x04, 0x05, 0x05, 0x04, 0x05, 0x05, 0x05, 0x04,
    0x04, 0x05, 0x05, 0x04, 0x05, 0x05, 0x04, 0x04, 0x05, 0x05, 0x04, 0x04,
    0x05, 0x04, 0x05, 0x04, 0x05, 0x05, 0x05, 0x04, 0x05, 0x04, 0x05, 0x04,
    0x05, 0x05, 0x04, 0x05, 0x05, 0x04, 0x05, 0x05, 0x04, 0x04, 0x05, 0x04,
    0x05, 0x05, 0x04, 0x05, 0x04, 0x04, 0x05, 0x04, 0x04, 0x05, 0x04, 0x05,
    0x04, 0x05, 0x04, 0x05, 0x05, 0x05, 0x04, 0x05, 0x04, 0x05, 0x05, 0x04,
    0x05, 0x04, 0x04, 0x05, 0x04, 0x05, 0x05, 0x04, 0x05, 0x05, 0x04, 0x0f,
    0x04, 0x05, 0x05, 0x04, 0x05, 0x05, 0x04, 0x04, 0x05, 0x05, 0x04, 0x05,
    0x04, 0x05, 0x04, 0x05, 0x04, 0x04, 0x05, 0x04, 0x05, 0x05, 0x04, 0x05,
    0x04, 0x04, 0x05, 0x05, 0x04, 0x05, 0x05, 0x04, 0x05, 0x04, 0x05, 0x05,
    0x04, 0x04, 0x05, 0x05, 0x04, 0x05, 0x04, 0x05, 0x05, 0x04, 0x05, 0x05,
    0x04, 0x05, 0x05, 0x04, 0x05, 0x04, 0x04, 0x05, 0x04, 0x04, 0x05, 0x04,
    0x05, 0x05, 0x04, 0x04, 0x05, 0x04, 0x04, 0x05, 0x04, 0x05, 0x04, 0x05,
    0x05, 0x04, 0x05, 0x05, 0x04, 0x05, 0x04, 0x05, 0x04, 0x04, 0x05, 0x05,
    0x04, 0x05, 0x05, 0x04, 0x05, 0x05, 0x04, 0x05, 0x05, 0x04, 0x05, 0x05,
    0x04, 0x04, 0x05, 0x04, 0x04, 0x05, 0x04, 0x04, 0x05, 0x04, 0x05, 0x05,
    0x04, 0x05, 0x05, 0x04, 0x04, 0x05, 0x04, 0x05, 0x05, 0x04, 0x05, 0x05,
    0x04, 0x05, 0x04, 0x04, 0x05, 0x05, 0x04, 0x05, 0x05, 0x04, 0x04, 0x05,
    0x04, 0x04, 0x05, 0x05, 0x04, 0x05, 0x04, 0x04, 0x05, 0x04, 0x04, 0x05,
    0x04, 0x04, 0x05, 0x04, 0x04, 0x05, 0x04, 0x04, 0x05, 0x04, 0x04, 0x05,
    0x05, 0x04, 0x05, 0x05, 0x04, 0x05, 0x05, 0x04, 0x04, 0x05, 0x04, 0x04,
    0x05, 0x05, 0x04, 0x05, 0x04, 0x04, 0x05, 0x04, 0x04, 0x05, 0x04, 0x04,
    0x05, 0x05, 0x04, 0x05, 0x05, 0x04, 0x04, 0x05, 0x05, 0x04, 0x05, 0x05,
    0x04, 0x05, 0x05, 0x04, 0x05, 0x04, 0x05, 0x04, 0x04, 0x05, 0x04, 0x04,
    0x05, 0x04, 0x05, 0x04, 0x04, 0x05, 0x05, 0x04, 0x05, 0x04, 0x04, 0x05,
    0x04, 0x04, 0x05, 0x04, 0x05, 0x0f, 0x04, 0x05, 0x04, 0x04, 0x05, 0x05,
    0x04, 0x05, 0x04, 0x04, 0x05, 0x04, 0x05, 0x04, 0x05, 0x05, 0x04, 0x05,
    0x04, 0x04, 0x05, 0x04, 0x05, 0x05, 0x04, 0x05, 0x04, 0x04, 0x05, 0x04,
    0x04, 0x05, 0x05, 0x04, 0x04, 0x05, 0x05, 0x04, 0x04, 0x05, 0x04, 0x05,
    0x04, 0x04, 0x05, 0x04, 0x05, 0x04, 0x04, 0x05, 0x04, 0x05, 0x05, 0x04,
    0x05, 0x05, 0x04, 0x05, 0x04, 0x04, 0x05, 0x05, 0x04, 0x05, 0x05, 0x04,
    0x05, 0x04, 0x05, 0x04, 0x04, 0x05, 0x04, 0x04, 0x05, 0x04, 0x05, 0x04,
    0x05, 0x05, 0x04, 0x05, 0x04, 0x04, 0x05, 0x04, 0x04, 0x05, 0x04, 0x04,
    0x05, 0x04, 0x04, 0x05, 0x04, 0x05, 0x05, 0x05, 0x04, 0x05, 0x05, 0x04,
    0x05, 0x05, 0x04, 0x04, 0x05, 0x04, 0x04, 0x05, 0x05, 0x04, 0x05, 0x04,
    0x04, 0x05, 0x04, 0x04, 0x05, 0x04, 0x05, 0x05, 0x04, 0x04, 0x05, 0x04,
    0x04, 0x05, 0x05, 0x04, 0x05, 0x05, 0x04, 0x05, 0x04, 0x04, 0x05, 0x05,
    0x04, 0x05, 0x05, 0x04, 0x05, 0x05, 0x04, 0x05, 0x04, 0x05, 0x05, 0x05,
    0x04, 0x05, 0x05, 0x04, 0x04, 0x05, 0x04, 0x04, 0x05, 0x04, 0x04, 0x05,
    0x04, 0x05, 0x05, 0x04, 0x05, 0x04, 0x04, 0x05, 0x04, 0x05, 0x05, 0x04,
    0x05, 0x04, 0x05, 0x05, 0x04, 0x04, 0x05, 0x04, 0x04, 0x05, 0x04, 0x05,
    0x04, 0x04, 0x05, 0x04, 0x04, 0x05, 0x04, 0x05, 0x04, 0x05, 0x04, 0x05,
    0x05, 0x04, 0x05, 0x05, 0x04, 0x04, 0x05, 0x05, 0x04, 0x05, 0x04, 0x04,
    0x05, 0x04, 0x05, 0x05, 0x04, 0x05, 0x05, 0x04, 0x05, 0x04, 0x04, 0x0e,
    0x05, 0x04, 0x05, 0x04, 0x04, 0x05, 0x04, 0x05, 0x05, 0x04, 0x05, 0x05,
    0x04, 0x04, 0x05, 0x04, 0x05, 0x05, 0x04, 0x05, 0x04, 0x04, 0x05, 0x04,
    0x05, 0x05, 0x04, 0x05, 0x05, 0x04, 0x04, 0x05, 0x04, 0x05, 0x04, 0x04,
    0x05, 0x05, 0x04, 0x04, 0x05, 0x05, 0x04, 0x05, 0x04, 0x05, 0x04, 0x05,
    0x05, 0x04, 0x04, 0x05, 0x04, 0x04, 0x05, 0x04, 0x05, 0x05, 0x04, 0x05,
    0x04, 0x04, 0x05, 0x04, 0x04, 0x05, 0x05, 0x04, 0x05, 0x05, 0x04, 0x05,
    0x05, 0x04, 0x05, 0x04, 0x04, 0x05, 0x04, 0x04, 0x05, 0x05, 0x04, 0x05,
    0x05, 0x04, 0x05, 0x05, 0x04, 0x05, 0x05, 0x04, 0x05, 0x04, 0x04, 0x04,
    0x05, 0x04, 0x04, 0x05, 0x04, 0x04, 0x05, 0x05, 0x04, 0x05, 0x05, 0x04,
    0x04, 0x05, 0x04, 0x05, 0x05, 0x04, 0x05, 0x05, 0x04, 0x05, 0x04, 0x04,
    0x05, 0x04, 0x05, 0x05, 0x04, 0x05, 0x04, 0x04, 0x05, 0x04, 0x04, 0x05,
    0x04, 0x05, 0x05, 0x04, 0x04, 0x05, 0x04, 0x05, 0x04, 0x04, 0x05, 0x04,
    0x05, 0x04, 0x05, 0x04, 0x04, 0x05, 0x04, 0x05, 0x04, 0x05, 0x05, 0x04,
    0x05, 0x05, 0x04, 0x05, 0x05, 0x04, 0x04, 0x05, 0x04, 0x05, 0x05, 0x04,
    0x05, 0x04, 0x04, 0x05, 0x04, 0x05, 0x04, 0x05, 0x04, 0x05, 0x05, 0x04,
    0x05, 0x05, 0x04, 0x05, 0x04, 0x05, 0x05, 0x04, 0x05, 0x05, 0x04, 0x04,
    0x05, 0x04, 0x04, 0x05, 0x04, 0x04, 0x05, 0x04, 0x04, 0x05, 0x05, 0x04,
    0x05, 0x04, 0x04, 0x05, 0x05, 0x04, 0x05, 0x04, 0x04, 0x05, 0x04, 0x04,
    0x05, 0x05, 0x04, 0x05, 0x05, 0x0e, 0x04, 0x05, 0x05, 0x04, 0x05, 0x04,
    0x04, 0x05, 0x04, 0x04, 0x05, 0x04, 0x05, 0x05, 0x04, 0x04, 0x05, 0x04,
    0x05, 0x05, 0x04, 0x05, 0x04, 0x04, 0x05, 0x04, 0x04, 0x05, 0x04, 0x05,
    0x05, 0x04, 0x05, 0x05, 0x04, 0x05, 0x04, 0x05, 0x05, 0x04, 0x05, 0x04,
    0x05, 0x04, 0x05, 0x04, 0x05, 0x04, 0x05, 0x04, 0x05, 0x05, 0x04, 0x05,
    0x04, 0x04, 0x05, 0x04, 0x05, 0x05, 0x04, 0x05, 0x05, 0x04, 0x04, 0x05,
    0x04, 0x04, 0x05, 0x04, 0x04, 0x05, 0x04, 0x05, 0x05, 0x04, 0x05, 0x05,
    0x04, 0x04, 0x05, 0x04, 0x04, 0x05, 0x04, 0x04, 0x05, 0x04, 0x04, 0x05,
    0x04, 0x05, 0x05, 0x05, 0x04, 0x05, 0x04, 0x05, 0x05, 0x04, 0x05, 0x04,
    0x04, 0x05, 0x04, 0x04, 0x05, 0x05, 0x04, 0x05, 0x04, 0x04, 0x05, 0x04,
    0x04, 0x05, 0x04, 0x05, 0x05, 0x04, 0x04, 0x05, 0x04, 0x04, 0x05, 0x05,
    0x04, 0x05, 0x05, 0x04, 0x05, 0x04, 0x04, 0x05, 0x05, 0x04, 0x05, 0x04,
    0x05, 0x04, 0x05, 0x05, 0x04, 0x04, 0x05, 0x05, 0x04, 0x04, 0x05, 0x04,
    0x05, 0x04, 0x04, 0x05, 0x04, 0x04, 0x05, 0x04, 0x04, 0x05, 0x05, 0x04,
    0x05, 0x04, 0x04, 0x05, 0x04, 0x05, 0x05, 0x04, 0x05, 0x04, 0x05, 0x04,
    0x05, 0x04, 0x04, 0x05, 0x04, 0x04, 0x05, 0x04, 0x05, 0x04, 0x05, 0x04,
    0x04, 0x05, 0x04, 0x05, 0x05, 0x04, 0x05, 0x05, 0x04, 0x05, 0x05, 0x04,
    0x05, 0x05, 0x04, 0x04, 0x05, 0x04, 0x05, 0x05, 0x04, 0x05, 0x04, 0x05,
    0x05, 0x04, 0x05, 0x05, 0x04, 0x04, 0x05, 0x04, 0x04, 0x05, 0x05, 0x0e,
    0x04, 0x05, 0x04, 0x05, 0x05, 0x04, 0x05, 0x05, 0x04, 0x05, 0x04, 0x04,
    0x05, 0x04, 0x05, 0x05, 0x04, 0x04, 0x05, 0x04, 0x05, 0x05, 0x04, 0x05,
    0x05, 0x04, 0x05, 0x04, 0x04, 0x05, 0x04, 0x04, 0x05, 0x04, 0x05, 0x04,
    0x04, 0x05, 0x04, 0x05, 0x04, 0x04, 0x05, 0x05, 0x04, 0x05, 0x04, 0x04,
    0x05, 0x04, 0x05, 0x04, 0x05, 0x05, 0x04, 0x05, 0x04, 0x04, 0x05, 0x04,
    0x04, 0x05, 0x04, 0x05, 0x05, 0x04, 0x05, 0x05, 0x04, 0x05, 0x05, 0x04,
    0x04, 0x05, 0x04, 0x04, 0x05, 0x05, 0x04, 0x05, 0x05, 0x04, 0x05, 0x05,
    0x04, 0x05, 0x05, 0x04, 0x05, 0x04, 0x04, 0x04, 0x05, 0x04, 0x05, 0x05,
    0x04, 0x04, 0x05, 0x04, 0x05, 0x05, 0x04, 0x05, 0x05, 0x04, 0x04, 0x05,
    0x05, 0x04, 0x05, 0x04, 0x05, 0x05, 0x04, 0x05, 0x04, 0x04, 0x05, 0x05,
    0x04, 0x05, 0x05, 0x04, 0x04, 0x05, 0x04, 0x04, 0x05, 0x04, 0x05, 0x05,
    0x04, 0x04, 0x05, 0x04, 0x05, 0x05, 0x04, 0x04, 0x05, 0x05, 0x04, 0x05,
    0x04, 0x05, 0x04, 0x05, 0x05, 0x04, 0x05, 0x05, 0x04, 0x05, 0x05, 0x04,
    0x05, 0x05, 0x04, 0x04, 0x04, 0x05, 0x05, 0x04, 0x05, 0x04, 0x04, 0x05,
    0x04, 0x05, 0x05, 0x04, 0x04, 0x05, 0x05, 0x04, 0x05, 0x05, 0x04, 0x05,
    0x04, 0x05, 0x04, 0x05, 0x04, 0x05, 0x04, 0x05, 0x04, 0x04, 0x05, 0x04,
    0x05, 0x04, 0x04, 0x05, 0x04, 0x04, 0x05, 0x05, 0x04, 0x05, 0x04, 0x04,
    0x05, 0x04, 0x05, 0x04, 0x04, 0x05, 0x04, 0x04, 0x05, 0x05, 0x04, 0x05,
    0x05, 0x04, 0x04, 0x05, 0x04, 0x0f, 0x05, 0x04, 0x04, 0x05, 0x04, 0x04,
    0x05, 0x04, 0x05, 0x05, 0x04, 0x05, 0x04, 0x04, 0x05, 0x04, 0x05, 0x05,
    0x04, 0x04, 0x05, 0x04, 0x04, 0x05, 0x04, 0x05, 0x05, 0x04, 0x05, 0x05,
    0x04, 0x05, 0x04, 0x04, 0x05, 0x05, 0x04, 0x04, 0x05, 0x04, 0x05, 0x05,
    0x04, 0x04, 0x05, 0x05, 0x04, 0x05, 0x05, 0x04, 0x04, 0x05, 0x04, 0x04,
    0x05, 0x05, 0x04, 0x05, 0x05, 0x04, 0x05, 0x04, 0x04, 0x05, 0x04, 0x04,
    0x05, 0x04, 0x04, 0x05, 0x05, 0x04, 0x05, 0x04, 0x05, 0x04, 0x04, 0x05,
    0x04, 0x05, 0x04, 0x04, 0x05, 0x04, 0x04, 0x05, 0x04, 0x05, 0x05, 0x05,
    0x04, 0x05, 0x04, 0x04, 0x05, 0x04, 0x05, 0x05, 0x04, 0x04, 0x05, 0x04,
    0x04, 0x05, 0x05, 0x04, 0x04, 0x05, 0x04, 0x04, 0x05, 0x05, 0x04, 0x04,
    0x05, 0x05, 0x04, 0x04, 0x05, 0x04, 0x05, 0x04, 0x05, 0x05, 0x04, 0x05,
    0x05, 0x04, 0x04, 0x05, 0x04, 0x05, 0x05, 0x04, 0x04, 0x05, 0x04, 0x04,
    0x05, 0x04, 0x04, 0x05, 0x04, 0x05, 0x04, 0x04, 0x05, 0x04, 0x04, 0x05,
    0x04, 0x04, 0x05, 0x04, 0x05, 0x04, 0x04, 0x05, 0x05, 0x04, 0x05, 0x04,
    0x04, 0x05, 0x05, 0x04, 0x05, 0x04, 0x04, 0x05, 0x04, 0x05, 0x04, 0x05,
    0x04, 0x04, 0x05, 0x04, 0x05, 0x04, 0x05, 0x04, 0x05, 0x04, 0x05, 0x04,
    0x05, 0x05, 0x04, 0x05, 0x04, 0x05, 0x04, 0x05, 0x05, 0x04, 0x05, 0x04,
    0x04, 0x05, 0x04, 0x05, 0x05, 0x04, 0x05, 0x04, 0x05, 0x05, 0x04, 0x05,
    0x04, 0x04, 0x05, 0x04, 0x04, 0x05, 0x05, 0x04, 0x05, 0x04, 0x04, 0x0f,
    0x04, 0x05, 0x05, 0x04, 0x05, 0x05, 0x04, 0x04, 0x05, 0x04, 0x05, 0x05,
    0x04, 0x05, 0x04, 0x04, 0x05, 0x04, 0x04, 0x05, 0x05, 0x04, 0x05, 0x04,
    0x04, 0x05, 0x04, 0x04, 0x05, 0x04, 0x05, 0x05, 0x04, 0x05, 0x04, 0x05,
    0x05, 0x04, 0x05, 0x04, 0x05, 0x04, 0x04, 0x05, 0x04, 0x04, 0x05, 0x04,
    0x05, 0x04, 0x05, 0x05, 0x04, 0x04, 0x05, 0x04, 0x04, 0x05, 0x04, 0x05,
    0x05, 0x04, 0x05, 0x05, 0x04, 0x05, 0x05, 0x04, 0x04, 0x05, 0x04, 0x04,
    0x05, 0x05, 0x04, 0x05, 0x05, 0x04, 0x05, 0x04, 0x05, 0x05, 0x04, 0x05,
    0x05, 0x04, 0x04, 0x04, 0x05, 0x04, 0x05, 0x05, 0x04, 0x05, 0x04, 0x04,
    0x05, 0x05, 0x04, 0x05, 0x05, 0x04, 0x05, 0x04, 0x04, 0x05, 0x05, 0x04,
    0x05, 0x04, 0x05, 0x04, 0x04, 0x05, 0x04, 0x05, 0x05, 0x04, 0x05, 0x04,
    0x04, 0x05, 0x04, 0x04, 0x05, 0x04, 0x05, 0x05, 0x04, 0x05, 0x04, 0x04,
    0x05, 0x05, 0x04, 0x05, 0x04, 0x05, 0x05, 0x04, 0x05, 0x04, 0x05, 0x04,
    0x05, 0x05, 0x04, 0x05, 0x05, 0x04, 0x05, 0x04, 0x05, 0x04, 0x04, 0x05,
    0x04, 0x05, 0x04, 0x05, 0x05, 0x04, 0x05, 0x04, 0x04, 0x05, 0x05, 0x04,
    0x05, 0x04, 0x05, 0x04, 0x05, 0x04, 0x05, 0x05, 0x04, 0x04, 0x05, 0x05,
    0x04, 0x05, 0x04, 0x05, 0x04, 0x04, 0x05, 0x04, 0x05, 0x04, 0x05, 0x04,
    0x04, 0x05, 0x04, 0x05, 0x05, 0x04, 0x05, 0x04, 0x04, 0x05, 0x04, 0x05,
    0x04, 0x04, 0x05, 0x04, 0x05, 0x05, 0x04, 0x05, 0x05, 0x04, 0x04, 0x05,
    0x04, 0x05, 0x05, 0x04, 0x05, 0x0e, 0x04, 0x05, 0x04, 0x04, 0x05, 0x05,
    0x04, 0x05, 0x04, 0x04, 0x05, 0x04, 0x05, 0x05, 0x04, 0x05, 0x05, 0x04,
    0x05, 0x05, 0x04, 0x05, 0x05, 0x04, 0x05, 0x05, 0x04, 0x05, 0x04, 0x04,
    0x05, 0x04, 0x05, 0x04, 0x04, 0x05, 0x04, 0x05, 0x04, 0x05, 0x04, 0x05,
    0x05, 0x05, 0x04, 0x05, 0x04, 0x05, 0x04, 0x05, 0x04, 0x05, 0x05, 0x04,
    0x05, 0x05, 0x04, 0x05, 0x04, 0x04, 0x05, 0x04, 0x05, 0x04, 0x04, 0x05,
    0x05, 0x04, 0x05, 0x05, 0x04, 0x05, 0x04, 0x04, 0x05, 0x04, 0x05, 0x04,
    0x04, 0x05, 0x04, 0x05, 0x04, 0x04, 0x05, 0x05, 0x04, 0x05, 0x04, 0x04,
    0x05, 0x04, 0x05, 0x05, 0x04, 0x05, 0x04, 0x04, 0x05, 0x04, 0x04, 0x05,
    0x05, 0x04, 0x05, 0x05, 0x04, 0x05, 0x04, 0x05, 0x04, 0x05, 0x05, 0x04,
    0x04, 0x05, 0x04, 0x05, 0x05, 0x04, 0x05, 0x05, 0x04, 0x05, 0x04, 0x04,
    0x05, 0x04, 0x05, 0x05, 0x04, 0x04, 0x05, 0x04, 0x05, 0x04, 0x05, 0x04,
    0x05, 0x05, 0x04, 0x05, 0x04, 0x05, 0x04, 0x05, 0x04, 0x05, 0x04, 0x05,
    0x04, 0x05, 0x05, 0x04, 0x05, 0x05, 0x04, 0x04, 0x05, 0x04, 0x04, 0x05,
    0x05, 0x04, 0x05, 0x04, 0x04, 0x05, 0x05, 0x04, 0x04, 0x05, 0x04, 0x05,
    0x04, 0x05, 0x04, 0x05, 0x04, 0x04, 0x05, 0x04, 0x05, 0x05, 0x04, 0x05,
    0x04, 0x05, 0x04, 0x05, 0x05, 0x04, 0x05, 0x04, 0x04, 0x05, 0x04, 0x05,
    0x05, 0x04, 0x05, 0x04, 0x05, 0x05, 0x04, 0x05, 0x04, 0x04, 0x05, 0x04,
    0x04, 0x05, 0x05, 0x04, 0x05, 0x04, 0x04, 0x05, 0x04, 0x05, 0x05, 0x0e,
    0x05, 0x04, 0x05, 0x04, 0x04, 0x05, 0x04, 0x05, 0x05, 0x04, 0x04, 0x05,
    0x04, 0x04, 0x05, 0x04, 0x04, 0x05, 0x04, 0x04, 0x04, 0x05, 0x04, 0x04,
    0x05, 0x04, 0x05, 0x05, 0x04, 0x05, 0x04, 0x04, 0x05, 0x05, 0x04, 0x05,
    0x04, 0x04, 0x05, 0x04, 0x05, 0x04, 0x04, 0x05, 0x04, 0x05, 0x05, 0x04,
    0x05, 0x04, 0x04, 0x04, 0x05, 0x04, 0x04, 0x05, 0x05, 0x04, 0x05, 0x04,
    0x04, 0x05, 0x04, 0x05, 0x04, 0x04, 0x05, 0x04, 0x04, 0x05, 0x04, 0x05,
    0x05, 0x04, 0x05, 0x04, 0x04, 0x05, 0x05, 0x04, 0x04, 0x05, 0x05, 0x04,
    0x04, 0x05, 0x05, 0x04, 0x05, 0x05, 0x04, 0x04, 0x05, 0x04, 0x05, 0x05,
    0x04, 0x05, 0x05, 0x04, 0x04, 0x05, 0x04, 0x04, 0x05, 0x04, 0x04, 0x05,
    0x05, 0x04, 0x04, 0x05, 0x05, 0x04, 0x05, 0x04, 0x04, 0x05, 0x04, 0x04,
    0x05, 0x04, 0x05, 0x05, 0x04, 0x05, 0x04, 0x04, 0x05, 0x04, 0x05, 0x05,
    0x04, 0x05, 0x04, 0x05, 0x04, 0x04, 0x05, 0x04, 0x04, 0x05, 0x05, 0x04,
    0x04, 0x05, 0x04, 0x04, 0x05, 0x04, 0x04, 0x05, 0x04, 0x05, 0x04, 0x05,
    0x05, 0x04, 0x05, 0x05, 0x04, 0x04, 0x05, 0x05, 0x04, 0x05, 0x04, 0x05,
    0x04, 0x05, 0x05, 0x04, 0x05, 0x04, 0x05, 0x04, 0x05, 0x05, 0x04, 0x05,
    0x04, 0x04, 0x05, 0x04, 0x05, 0x05, 0x04, 0x04, 0x05, 0x04, 0x04, 0x05,
    0x05, 0x04, 0x05, 0x04, 0x04, 0x05, 0x04, 0x05, 0x05, 0x04, 0x04, 0x05,
    0x04, 0x05, 0x05, 0x04, 0x05, 0x04, 0x05, 0x04, 0x04, 0x05, 0x05, 0x04,
    0x05, 0x04, 0x04, 0x05, 0x04, 0x0f, 0x04, 0x05, 0x05, 0x04, 0x05, 0x04,
    0x04, 0x05, 0x05, 0x04, 0x05, 0x05, 0x04, 0x05, 0x05, 0x04, 0x05, 0x05,
    0x04, 0x05, 0x05, 0x04, 0x05, 0x04, 0x04, 0x05, 0x04, 0x04, 0x05, 0x05,
    0x04, 0x05, 0x05, 0x04, 0x05, 0x05, 0x04, 0x05, 0x05, 0x04, 0x05, 0x04,
    0x04, 0x05, 0x04, 0x04, 0x05, 0x04, 0x05, 0x05, 0x04, 0x05, 0x05, 0x04,
    0x04, 0x05, 0x04, 0x04, 0x05, 0x05, 0x04, 0x05, 0x05, 0x04, 0x05, 0x05,
    0x04, 0x05, 0x05, 0x04, 0x04, 0x05, 0x04, 0x05, 0x05, 0x04, 0x05, 0x05,
    0x04, 0x05, 0x05, 0x04, 0x05, 0x05, 0x04, 0x04, 0x05, 0x04, 0x04, 0x05,
    0x04, 0x05, 0x04, 0x04, 0x05, 0x04, 0x04, 0x05, 0x04, 0x05, 0x05, 0x04,
    0x05, 0x05, 0x04, 0x05, 0x04, 0x04, 0x05, 0x04, 0x05, 0x04, 0x04, 0x05,
    0x05, 0x04, 0x05, 0x05, 0x04, 0x05, 0x04, 0x04, 0x05, 0x04, 0x05, 0x05,
    0x04, 0x05, 0x04, 0x04, 0x05, 0x04, 0x05, 0x04, 0x05, 0x05, 0x04, 0x05,
    0x05, 0x04, 0x04, 0x05, 0x04, 0x05, 0x05, 0x04, 0x05, 0x05, 0x04, 0x05,
    0x05, 0x04, 0x04, 0x05, 0x04, 0x04, 0x05, 0x04, 0x04, 0x05, 0x05, 0x04,
    0x04, 0x05, 0x04, 0x05, 0x05, 0x04, 0x04, 0x05, 0x04, 0x05, 0x04, 0x05,
    0x04, 0x04, 0x05, 0x04, 0x05, 0x05, 0x04, 0x05, 0x04, 0x04, 0x05, 0x04,
    0x05, 0x05, 0x04, 0x05, 0x04, 0x05, 0x04, 0x05, 0x05, 0x04, 0x05, 0x04,
    0x04, 0x05, 0x04, 0x05, 0x04, 0x04, 0x05, 0x04, 0x05, 0x04, 0x05, 0x05,
    0x04, 0x05, 0x04, 0x05, 0x04, 0x05, 0x05, 0x04, 0x05, 0x04, 0x04, 0x0f,
    0x04, 0x05, 0x04, 0x05, 0x05, 0x04, 0x05, 0x04, 0x04, 0x05, 0x04, 0x04,
    0x05, 0x04, 0x04, 0x05, 0x04, 0x04, 0x05, 0x05, 0x04, 0x04, 0x05, 0x05,
    0x04, 0x05, 0x05, 0x04, 0x04, 0x05, 0x04, 0x04, 0x05, 0x04, 0x04, 0x05,
    0x04, 0x05, 0x04, 0x05, 0x05, 0x04, 0x05, 0x05, 0x04, 0x05, 0x04, 0x04,
    0x05, 0x04, 0x05, 0x04, 0x05, 0x05, 0x04, 0x05, 0x05, 0x04, 0x05, 0x04,
    0x05, 0x04, 0x04, 0x05, 0x04, 0x05, 0x04, 0x04, 0x05, 0x05, 0x04, 0x05,
    0x04, 0x04, 0x05, 0x04, 0x04, 0x05, 0x04, 0x04, 0x05, 0x04, 0x04, 0x05,
    0x04, 0x05, 0x05, 0x04, 0x05, 0x04, 0x05, 0x05, 0x04, 0x05, 0x05, 0x04,
    0x05, 0x04, 0x04, 0x05, 0x04, 0x04, 0x05, 0x04, 0x05, 0x05, 0x04, 0x05,
    0x04, 0x05, 0x05, 0x04, 0x04, 0x05, 0x04, 0x05, 0x04, 0x04, 0x05, 0x05,
    0x04, 0x05, 0x04, 0x04, 0x05, 0x04, 0x05, 0x05, 0x04, 0x05, 0x04, 0x05,
    0x04, 0x04, 0x05, 0x04, 0x04, 0x05, 0x04, 0x05, 0x05, 0x04, 0x04, 0x05,
    0x04, 0x04, 0x05, 0x04, 0x04, 0x05, 0x05, 0x04, 0x05, 0x05, 0x04, 0x05,
    0x05, 0x04, 0x04, 0x05, 0x05, 0x04, 0x05, 0x04, 0x04, 0x05, 0x04, 0x05,
    0x05, 0x04, 0x04, 0x05, 0x05, 0x04, 0x05, 0x05, 0x04, 0x04, 0x05, 0x04,
    0x05, 0x05, 0x04, 0x05, 0x04, 0x04, 0x05, 0x04, 0x05, 0x04, 0x05, 0x04,
    0x04, 0x05, 0x04, 0x05, 0x05, 0x04, 0x05, 0x04, 0x05, 0x05, 0x04, 0x05,
    0x05, 0x04, 0x04, 0x05, 0x04, 0x04, 0x05, 0x05, 0x04, 0x04, 0x05, 0x04,
    0x04, 0x05, 0x05, 0x04, 0x05, 0x0e, 0x05, 0x04, 0x04, 0x05, 0x04, 0x05,
    0x05, 0x04, 0x05, 0x05, 0x04, 0x05, 0x05, 0x04, 0x05, 0x05, 0x04, 0x04,
    0x05, 0x04, 0x04, 0x05, 0x05, 0x04, 0x04, 0x05, 0x05, 0x04, 0x05, 0x05,
    0x04, 0x05, 0x04, 0x05, 0x04, 0x04, 0x05, 0x04, 0x04, 0x05, 0x04, 0x04,
    0x05, 0x04, 0x05, 0x05, 0x04, 0x05, 0x04, 0x05, 0x04, 0x04, 0x05, 0x04,
    0x04, 0x05, 0x04, 0x05, 0x04, 0x05, 0x04, 0x05, 0x05, 0x04, 0x04, 0x05,
    0x05, 0x04, 0x04, 0x05, 0x04, 0x05, 0x05, 0x04, 0x05, 0x05, 0x04, 0x05,
    0x05, 0x04, 0x05, 0x04, 0x05, 0x04, 0x05, 0x04, 0x04, 0x05, 0x05, 0x04,
    0x04, 0x05, 0x04, 0x04, 0x05, 0x04, 0x05, 0x05, 0x04, 0x05, 0x05, 0x04,
    0x05, 0x04, 0x04, 0x05, 0x04, 0x05, 0x04, 0x04, 0x05, 0x05, 0x05, 0x04,
    0x05, 0x04, 0x05, 0x04, 0x05, 0x04, 0x05, 0x05, 0x04, 0x05, 0x04, 0x04,
    0x05, 0x04, 0x05, 0x05, 0x04, 0x05, 0x05, 0x04, 0x05, 0x04, 0x05, 0x04,
    0x04, 0x05, 0x05, 0x04, 0x05, 0x05, 0x04, 0x05, 0x05, 0x04, 0x05, 0x04,
    0x04, 0x05, 0x04, 0x04, 0x05, 0x04, 0x05, 0x05, 0x04, 0x04, 0x05, 0x04,
    0x05, 0x05, 0x04, 0x05, 0x04, 0x04, 0x05, 0x05, 0x04, 0x04, 0x05, 0x04,
    0x04, 0x05, 0x04, 0x05, 0x04, 0x04, 0x05, 0x04, 0x05, 0x05, 0x04, 0x05,
    0x04, 0x05, 0x04, 0x05, 0x05, 0x04, 0x05, 0x04, 0x04, 0x05, 0x04, 0x05,
    0x05, 0x04, 0x04, 0x05, 0x04, 0x05, 0x04, 0x05, 0x05, 0x04, 0x05, 0x04,
    0x04, 0x05, 0x05, 0x04, 0x05, 0x05, 0x04, 0x05, 0x04, 0x05, 0x05, 0x0e,
    0x04, 0x05, 0x05, 0x04, 0x04, 0x05, 0x04, 0x04, 0x05, 0x04, 0x04, 0x05,
    0x04, 0x04, 0x05, 0x05, 0x04, 0x05, 0x05, 0x04, 0x05, 0x05, 0x04, 0x04,
    0x05, 0x04, 0x04, 0x05, 0x04, 0x04, 0x05, 0x05, 0x04, 0x05, 0x05, 0x04,
    0x05, 0x05, 0x04, 0x05, 0x04, 0x05, 0x05, 0x04, 0x04, 0x05, 0x04, 0x05,
    0x05, 0x04, 0x05, 0x05, 0x04, 0x05, 0x05, 0x04, 0x04, 0x05, 0x04, 0x05,
    0x04, 0x04, 0x05, 0x05, 0x04, 0x05, 0x05, 0x04, 0x05, 0x04, 0x04, 0x05,
    0x04, 0x04, 0x05, 0x04, 0x04, 0x05, 0x04, 0x05, 0x04, 0x05, 0x04, 0x05,
    0x05, 0x04, 0x04, 0x05, 0x04, 0x05, 0x05, 0x04, 0x05, 0x05, 0x04, 0x04,
    0x05, 0x04, 0x04, 0x05, 0x04, 0x05, 0x05, 0x04, 0x05, 0x04, 0x05, 0x05,
    0x04, 0x05, 0x04, 0x04, 0x05, 0x04, 0x04, 0x05, 0x05, 0x04, 0x04, 0x05,
    0x04, 0x04, 0x05, 0x05, 0x04, 0x05, 0x04, 0x04, 0x05, 0x04, 0x04, 0x05,
    0x04, 0x05, 0x04, 0x05, 0x05, 0x04, 0x05, 0x04, 0x04, 0x05, 0x04, 0x04,
    0x05, 0x04, 0x04, 0x05, 0x05, 0x04, 0x05, 0x05, 0x04, 0x05, 0x04, 0x04,
    0x05, 0x04, 0x05, 0x05, 0x04, 0x04, 0x05, 0x04, 0x05, 0x05, 0x04, 0x04,
    0x05, 0x04, 0x05, 0x05, 0x04, 0x05, 0x05, 0x04, 0x05, 0x05, 0x04, 0x05,
    0x04, 0x04, 0x05, 0x04, 0x05, 0x05, 0x04, 0x04, 0x05, 0x04, 0x04, 0x05,
    0x05, 0x04, 0x05, 0x04, 0x04, 0x05, 0x04, 0x05, 0x04, 0x04, 0x05, 0x04,
    0x04, 0x05, 0x04, 0x05, 0x05, 0x04, 0x05, 0x04, 0x04, 0x05, 0x04, 0x04,
    0x05, 0x04, 0x04, 0x05, 0x04, 0x0f, 0x04, 0x05, 0x04, 0x05, 0x05, 0x04,
    0x05, 0x04, 0x05, 0x04, 0x05, 0x05, 0x04, 0x04, 0x05, 0x04, 0x04, 0x05,
    0x04, 0x04, 0x05, 0x04, 0x04, 0x05, 0x05, 0x04, 0x05, 0x05, 0x04, 0x04,
    0x05, 0x04, 0x04, 0x05, 0x04, 0x05, 0x04, 0x05, 0x04, 0x05, 0x05, 0x04,
    0x05, 0x04, 0x05, 0x04, 0x04, 0x05, 0x04, 0x04, 0x05, 0x04, 0x04, 0x05,
    0x05, 0x04, 0x05, 0x05, 0x04, 0x05, 0x05, 0x04, 0x04, 0x05, 0x04, 0x04,
    0x04, 0x05, 0x05, 0x04, 0x05, 0x05, 0x04, 0x05, 0x05, 0x04, 0x05, 0x04,
    0x04, 0x05, 0x04, 0x05, 0x04, 0x04, 0x05, 0x05, 0x04, 0x05, 0x04, 0x04,
    0x05, 0x04, 0x04, 0x05, 0x05, 0x04, 0x05, 0x05, 0x04, 0x05, 0x04, 0x04,
    0x05, 0x04, 0x05, 0x04, 0x04, 0x05, 0x05, 0x04, 0x05, 0x04, 0x05, 0x05,
    0x04, 0x05, 0x04, 0x05, 0x05, 0x04, 0x05, 0x04, 0x05, 0x04, 0x05, 0x05,
    0x04, 0x05, 0x05, 0x04, 0x05, 0x04, 0x04, 0x05, 0x04, 0x04, 0x05, 0x05,
    0x04, 0x05, 0x04, 0x05, 0x05, 0x04, 0x05, 0x05, 0x04, 0x04, 0x05, 0x04,
    0x04, 0x05, 0x05, 0x04, 0x05, 0x05, 0x04, 0x04, 0x05, 0x05, 0x04, 0x05,
    0x04, 0x04, 0x05, 0x04, 0x05, 0x05, 0x04, 0x04, 0x05, 0x04, 0x04, 0x05,
    0x04, 0x04, 0x05, 0x04, 0x05, 0x05, 0x04, 0x05, 0x04, 0x04, 0x05, 0x04,
    0x05, 0x05, 0x04, 0x05, 0x04, 0x05, 0x04, 0x05, 0x05, 0x04, 0x05, 0x04,
    0x05, 0x05, 0x04, 0x05, 0x05, 0x04, 0x05, 0x04, 0x04, 0x05, 0x04, 0x05,
    0x05, 0x04, 0x05, 0x05, 0x04, 0x05, 0x05, 0x04, 0x05, 0x04, 0x04, 0x0f,
    0x05, 0x04, 0x04, 0x05, 0x04, 0x04, 0x05, 0x05, 0x04, 0x05, 0x04, 0x05,
    0x05, 0x04, 0x05, 0x05, 0x04, 0x05, 0x05, 0x04, 0x05, 0x05, 0x04, 0x05,
    0x04, 0x05, 0x04, 0x05, 0x05, 0x04, 0x05, 0x05, 0x04, 0x05, 0x04, 0x04,
    0x05, 0x04, 0x04, 0x05, 0x04, 0x04, 0x05, 0x05, 0x04, 0x05, 0x05, 0x04,
    0x05, 0x05, 0x04, 0x05, 0x04, 0x04, 0x05, 0x04, 0x04, 0x05, 0x04, 0x04,
    0x05, 0x05, 0x04, 0x05, 0x05, 0x04, 0x05, 0x04, 0x04, 0x05, 0x04, 0x04,
    0x05, 0x04, 0x04, 0x05, 0x05, 0x04, 0x05, 0x05, 0x04, 0x05, 0x05, 0x04,
    0x04, 0x05, 0x05, 0x04, 0x05, 0x05, 0x04, 0x05, 0x04, 0x04, 0x05, 0x04,
    0x04, 0x05, 0x05, 0x04, 0x05, 0x04, 0x04, 0x05, 0x05, 0x04, 0x04, 0x05,
    0x04, 0x04, 0x05, 0x04, 0x04, 0x05, 0x04, 0x04, 0x05, 0x04, 0x04, 0x05,
    0x05, 0x04, 0x04, 0x05, 0x04, 0x04, 0x05, 0x04, 0x04, 0x05, 0x05, 0x04,
    0x05, 0x05, 0x04, 0x05, 0x04, 0x04, 0x05, 0x05, 0x04, 0x04, 0x05, 0x04,
    0x04, 0x05, 0x05, 0x04, 0x05, 0x05, 0x04, 0x04, 0x05, 0x04, 0x04, 0x05,
    0x05, 0x04, 0x04, 0x04, 0x05, 0x05, 0x04, 0x05, 0x04, 0x04, 0x05, 0x05,
    0x04, 0x05, 0x05, 0x04, 0x05, 0x05, 0x04, 0x05, 0x04, 0x04, 0x05, 0x04,
    0x05, 0x05, 0x04, 0x05, 0x04, 0x04, 0x05, 0x04, 0x05, 0x04, 0x05, 0x04,
    0x04, 0x05, 0x04, 0x05, 0x05, 0x04, 0x04, 0x05, 0x04, 0x05, 0x04, 0x05,
    0x05, 0x04, 0x05, 0x04, 0x04, 0x05, 0x04, 0x04, 0x05, 0x04, 0x04, 0x05,
    0x04, 0x05, 0x05, 0x04, 0x05, 0x0e, 0x04, 0x05, 0x05, 0x04, 0x05, 0x04,
    0x05, 0x04, 0x04, 0x05, 0x04, 0x04, 0x05, 0x04, 0x04, 0x05, 0x04, 0x04,
    0x05, 0x04, 0x04, 0x05, 0x05, 0x04, 0x05, 0x04, 0x04, 0x05, 0x04, 0x04,
    0x05, 0x04, 0x05, 0x05, 0x04, 0x05, 0x05, 0x04, 0x05, 0x05, 0x04, 0x04,
    0x05, 0x04, 0x04, 0x05, 0x04, 0x04, 0x05, 0x04, 0x05, 0x05, 0x04, 0x05,
    0x05, 0x04, 0x05, 0x05, 0x04, 0x04, 0x05, 0x04, 0x04, 0x05, 0x04, 0x05,
    0x05, 0x04, 0x05, 0x05, 0x04, 0x05, 0x05, 0x04, 0x04, 0x05, 0x04, 0x04,
    0x05, 0x04, 0x04, 0x05, 0x05, 0x04, 0x04, 0x05, 0x04, 0x04, 0x05, 0x04,
    0x05, 0x05, 0x04, 0x05, 0x05, 0x04, 0x04, 0x05, 0x04, 0x04, 0x05, 0x05,
    0x04, 0x05, 0x04, 0x05, 0x05, 0x04, 0x05, 0x05, 0x04, 0x05, 0x05, 0x04,
    0x05, 0x05, 0x04, 0x05, 0x04, 0x05, 0x04, 0x05, 0x05, 0x04, 0x05, 0x05,
    0x04, 0x05, 0x04, 0x05, 0x04, 0x04, 0x05, 0x04, 0x05, 0x05, 0x04, 0x04,
    0x05, 0x04, 0x05, 0x04, 0x05, 0x05, 0x04, 0x04, 0x05, 0x04, 0x04, 0x05,
    0x05, 0x04, 0x05, 0x05, 0x04, 0x04, 0x05, 0x05, 0x04, 0x05, 0x04, 0x04,
    0x05, 0x05, 0x04, 0x05, 0x04, 0x04, 0x05, 0x04, 0x04, 0x05, 0x04, 0x04,
    0x05, 0x05, 0x04, 0x05, 0x04, 0x04, 0x05, 0x04, 0x05, 0x05, 0x04, 0x05,
    0x04, 0x05, 0x04, 0x05, 0x05, 0x04, 0x05, 0x04, 0x04, 0x05, 0x04, 0x04,
    0x05, 0x04, 0x05, 0x04, 0x04, 0x05, 0x04, 0x05, 0x05, 0x04, 0x05, 0x05,
    0x04, 0x05, 0x05, 0x04, 0x05, 0x04, 0x04, 0x05, 0x04, 0x05, 0x05, 0x0e,
    0x04, 0x05, 0x04, 0x05, 0x04, 0x05, 0x04, 0x05, 0x05, 0x04, 0x05, 0x04,
    0x05, 0x05, 0x04, 0x05, 0x05, 0x04, 0x05, 0x05, 0x04, 0x04, 0x05, 0x04,
    0x05, 0x05, 0x04, 0x05, 0x04, 0x05, 0x04, 0x04, 0x05, 0x04, 0x04, 0x05,
    0x04, 0x04, 0x05, 0x04, 0x05, 0x05, 0x04, 0x05, 0x05, 0x04, 0x05, 0x05,
    0x04, 0x04, 0x05, 0x04, 0x04, 0x05, 0x04, 0x04, 0x05, 0x04, 0x05, 0x05,
    0x04, 0x05, 0x05, 0x04, 0x04, 0x05, 0x04, 0x04, 0x05, 0x04, 0x04, 0x05,
    0x05, 0x04, 0x05, 0x05, 0x04, 0x05, 0x05, 0x04, 0x04, 0x05, 0x04, 0x05,
    0x05, 0x04, 0x05, 0x05, 0x04, 0x04, 0x05, 0x04, 0x04, 0x05, 0x05, 0x04,
    0x05, 0x05, 0x04, 0x05, 0x05, 0x04, 0x05, 0x04, 0x04, 0x05, 0x04, 0x04,
    0x05, 0x04, 0x04, 0x05, 0x04, 0x04, 0x05, 0x04, 0x05, 0x05, 0x04, 0x04,
    0x05, 0x04, 0x04, 0x05, 0x04, 0x04, 0x05, 0x05, 0x04, 0x05, 0x04, 0x05,
    0x04, 0x04, 0x05, 0x04, 0x05, 0x05, 0x04, 0x05, 0x04, 0x05, 0x04, 0x05,
    0x05, 0x04, 0x05, 0x05, 0x04, 0x04, 0x05, 0x04, 0x04, 0x05, 0x05, 0x04,
    0x04, 0x05, 0x05, 0x04, 0x05, 0x04, 0x05, 0x04, 0x05, 0x05, 0x04, 0x05,
    0x05, 0x04, 0x05, 0x05, 0x04, 0x04, 0x05, 0x04, 0x05, 0x05, 0x04, 0x05,
    0x04, 0x04, 0x05, 0x04, 0x05, 0x05, 0x04, 0x04, 0x05, 0x04, 0x04, 0x05,
    0x05, 0x04, 0x05, 0x05, 0x04, 0x05, 0x05, 0x04, 0x05, 0x05, 0x04, 0x04,
    0x05, 0x04, 0x04, 0x05, 0x04, 0x04, 0x05, 0x04, 0x04, 0x05, 0x05, 0x04,
    0x05, 0x04, 0x04, 0x05, 0x04, 0x0f, 0x05, 0x04, 0x04, 0x05, 0x05, 0x04,
    0x04, 0x05, 0x04, 0x05, 0x05, 0x04, 0x04, 0x05, 0x04, 0x04, 0x05, 0x04,
    0x04, 0x05, 0x05, 0x04, 0x04, 0x05, 0x04, 0x04, 0x05, 0x04, 0x05, 0x05,
    0x04, 0x05, 0x05, 0x04, 0x05, 0x05, 0x04, 0x05, 0x04, 0x04, 0x05, 0x04,
    0x04, 0x05, 0x04, 0x04, 0x05, 0x05, 0x04, 0x05, 0x04, 0x05, 0x05, 0x04,
    0x05, 0x05, 0x04, 0x04, 0x05, 0x04, 0x04, 0x05, 0x05, 0x04, 0x05, 0x05,
    0x04, 0x05, 0x05, 0x04, 0x05, 0x04, 0x04, 0x05, 0x04, 0x05, 0x04, 0x05,
    0x05, 0x04, 0x05, 0x04, 0x04, 0x05, 0x04, 0x04, 0x05, 0x05, 0x04, 0x05,
    0x04, 0x05, 0x04, 0x04, 0x05, 0x04, 0x05, 0x04, 0x04, 0x05, 0x04, 0x04,
    0x05, 0x05, 0x04, 0x05, 0x05, 0x04, 0x05, 0x05, 0x04, 0x05, 0x05, 0x04,
    0x05, 0x04, 0x04, 0x05, 0x04, 0x05, 0x05, 0x04, 0x05, 0x05, 0x04, 0x04,
    0x05, 0x04, 0x04, 0x05, 0x05, 0x04, 0x05, 0x05, 0x04, 0x04, 0x05, 0x04,
    0x05, 0x04, 0x05, 0x04, 0x04, 0x05, 0x04, 0x04, 0x05, 0x05, 0x04, 0x05,
    0x05, 0x04, 0x04, 0x05, 0x04, 0x05, 0x04, 0x04, 0x05, 0x04, 0x05, 0x05,
    0x04, 0x04, 0x05, 0x04, 0x04, 0x05, 0x04, 0x04, 0x05, 0x05, 0x04, 0x05,
    0x05, 0x04, 0x04, 0x05, 0x05, 0x04, 0x05, 0x05, 0x04, 0x04, 0x05, 0x04,
    0x05, 0x05, 0x04, 0x05, 0x04, 0x05, 0x04, 0x04, 0x05, 0x04, 0x04, 0x05,
    0x04, 0x04, 0x05, 0x05, 0x04, 0x05, 0x05, 0x04, 0x05, 0x05, 0x04, 0x05,
    0x05, 0x04, 0x04, 0x05, 0x04, 0x05, 0x05, 0x04, 0x05, 0x04, 0x04, 0x0f,
    0x04, 0x05, 0x05, 0x04, 0x04, 0x05, 0x05, 0x04, 0x04, 0x05, 0x04, 0x05,
    0x04, 0x05, 0x05, 0x04, 0x05, 0x05, 0x04, 0x04, 0x05, 0x05, 0x04, 0x05,
    0x04, 0x05, 0x05, 0x04, 0x04, 0x05, 0x04, 0x05, 0x04, 0x04, 0x05, 0x04,
    0x05, 0x05, 0x04, 0x05, 0x05, 0x04, 0x05, 0x05, 0x04, 0x04, 0x05, 0x04,
    0x04, 0x05, 0x04, 0x04, 0x05, 0x04, 0x04, 0x05, 0x05, 0x04, 0x05, 0x05,
    0x04, 0x04, 0x05, 0x04, 0x04, 0x05, 0x04, 0x04, 0x05, 0x05, 0x04, 0x05,
    0x04, 0x05, 0x04, 0x04, 0x05, 0x04, 0x04, 0x05, 0x05, 0x04, 0x05, 0x05,
    0x04, 0x04, 0x05, 0x04, 0x04, 0x05, 0x05, 0x04, 0x05, 0x05, 0x04, 0x05,
    0x04, 0x05, 0x05, 0x04, 0x05, 0x04, 0x05, 0x04, 0x04, 0x05, 0x04, 0x04,
    0x05, 0x04, 0x04, 0x05, 0x04, 0x05, 0x05, 0x04, 0x05, 0x04, 0x05, 0x04,
    0x04, 0x05, 0x04, 0x05, 0x05, 0x04, 0x05, 0x05, 0x04, 0x05, 0x04, 0x04,
    0x05, 0x05, 0x04, 0x05, 0x04, 0x05, 0x04, 0x05, 0x05, 0x04, 0x05, 0x05,
    0x04, 0x04, 0x05, 0x04, 0x04, 0x05, 0x04, 0x05, 0x05, 0x04, 0x05, 0x05,
    0x04, 0x05, 0x04, 0x05, 0x04, 0x05, 0x04, 0x05, 0x05, 0x04, 0x05, 0x05,
    0x04, 0x04, 0x05, 0x04, 0x04, 0x05, 0x04, 0x05, 0x04, 0x04, 0x05, 0x04,
    0x04, 0x05, 0x04, 0x05, 0x04, 0x04, 0x05, 0x04, 0x05, 0x04, 0x05, 0x04,
    0x05, 0x05, 0x04, 0x05, 0x05, 0x04, 0x05, 0x04, 0x04, 0x05, 0x04, 0x04,
    0x05, 0x04, 0x04, 0x05, 0x04, 0x04, 0x05, 0x05, 0x05, 0x04, 0x04, 0x05,
    0x04, 0x05, 0x05, 0x04, 0x05, 0x0e, 0x04, 0x05, 0x04, 0x04, 0x05, 0x05,
    0x04, 0x05, 0x05, 0x04, 0x04, 0x05, 0x05, 0x04, 0x04, 0x05, 0x04, 0x05,
    0x05, 0x04, 0x04, 0x05, 0x05, 0x04, 0x05, 0x04, 0x05, 0x04, 0x05, 0x04,
    0x05, 0x04, 0x05, 0x05, 0x04, 0x04, 0x05, 0x04, 0x05, 0x04, 0x04, 0x05,
    0x04, 0x05, 0x05, 0x04, 0x05, 0x04, 0x05, 0x05, 0x04, 0x05, 0x05, 0x04,
    0x04, 0x05, 0x04, 0x04, 0x05, 0x05, 0x04, 0x05, 0x04, 0x05, 0x04, 0x05,
    0x05, 0x04, 0x04, 0x05, 0x04, 0x05, 0x05, 0x04, 0x05, 0x05, 0x04, 0x05,
    0x04, 0x04, 0x05, 0x04, 0x05, 0x05, 0x04, 0x05, 0x05, 0x04, 0x05, 0x04,
    0x04, 0x05, 0x04, 0x05, 0x04, 0x04, 0x05, 0x04, 0x04, 0x05, 0x04, 0x05,
    0x04, 0x05, 0x05, 0x04, 0x05, 0x05, 0x04, 0x05, 0x05, 0x04, 0x04, 0x05,
    0x04, 0x05, 0x04, 0x05, 0x05, 0x04, 0x05, 0x04, 0x04, 0x05, 0x04, 0x04,
    0x05, 0x04, 0x05, 0x04, 0x05, 0x04, 0x04, 0x05, 0x04, 0x05, 0x05, 0x04,
    0x04, 0x05, 0x04, 0x04, 0x05, 0x04, 0x05, 0x05, 0x04, 0x05, 0x05, 0x04,
    0x04, 0x05, 0x04, 0x04, 0x05, 0x04, 0x05, 0x05, 0x04, 0x04, 0x05, 0x04,
    0x05, 0x04, 0x04, 0x05, 0x04, 0x05, 0x05, 0x04, 0x05, 0x04, 0x05, 0x04,
    0x05, 0x05, 0x04, 0x05, 0x05, 0x04, 0x05, 0x04, 0x05, 0x05, 0x04, 0x05,
    0x04, 0x05, 0x04, 0x05, 0x04, 0x05, 0x04, 0x05, 0x04, 0x04, 0x05, 0x05,
    0x04, 0x05, 0x05, 0x04, 0x05, 0x05, 0x04, 0x05, 0x05, 0x04, 0x05, 0x04,
    0x04, 0x05, 0x04, 0x05, 0x05, 0x04, 0x04, 0x05, 0x04, 0x05, 0x05, 0x0e,
    0x05, 0x04, 0x05, 0x05, 0x04, 0x04, 0x04, 0x05, 0x05, 0x04, 0x05, 0x04,
    0x04, 0x05, 0x05, 0x04, 0x04, 0x04, 0x05, 0x05, 0x04, 0x04, 0x05, 0x04,
    0x04, 0x05, 0x04, 0x05, 0x04, 0x05, 0x04, 0x05, 0x04, 0x05, 0x04, 0x05,
    0x04, 0x05, 0x04, 0x05, 0x05, 0x04, 0x04, 0x05, 0x04, 0x05, 0x04, 0x05,
    0x04, 0x05, 0x04, 0x05, 0x04, 0x05, 0x05, 0x04, 0x05, 0x04, 0x04, 0x05,
    0x04, 0x05, 0x05, 0x04, 0x05, 0x04, 0x05, 0x05, 0x04, 0x04, 0x05, 0x04,
    0x04, 0x05, 0x04, 0x04, 0x05, 0x05, 0x04, 0x05, 0x04, 0x04, 0x05, 0x04,
    0x04, 0x05, 0x04, 0x05, 0x05, 0x04, 0x05, 0x04, 0x05, 0x04, 0x05, 0x05,
    0x04, 0x05, 0x05, 0x04, 0x05, 0x04, 0x05, 0x04, 0x05, 0x04, 0x04, 0x05,
    0x04, 0x05, 0x05, 0x04, 0x05, 0x04, 0x04, 0x05, 0x04, 0x04, 0x05, 0x05,
    0x04, 0x05, 0x05, 0x04, 0x05, 0x05, 0x04, 0x04, 0x05, 0x05, 0x04, 0x05,
    0x05, 0x04, 0x04, 0x05, 0x04, 0x05, 0x05, 0x04, 0x05, 0x05, 0x04, 0x04,
    0x05, 0x04, 0x04, 0x05, 0x04, 0x05, 0x05, 0x04, 0x05, 0x05, 0x04, 0x04,
    0x05, 0x04, 0x05, 0x05, 0x04, 0x05, 0x04, 0x05, 0x04, 0x05, 0x04, 0x04,
    0x05, 0x04, 0x05, 0x05, 0x04, 0x05, 0x04, 0x04, 0x05, 0x04, 0x04, 0x05,
    0x05, 0x04, 0x04, 0x05, 0x05, 0x04, 0x05, 0x04, 0x05, 0x04, 0x05, 0x04,
    0x04, 0x05, 0x05, 0x04, 0x04, 0x05, 0x04, 0x04, 0x05, 0x04, 0x04, 0x05,
    0x04, 0x04, 0x05, 0x04, 0x05, 0x05, 0x04, 0x04, 0x05, 0x04, 0x05, 0x04,
    0x05, 0x04, 0x04, 0x05, 0x04, 0x0f, 0x04, 0x05, 0x04, 0x05, 0x05, 0x04,
    0x05, 0x04, 0x04, 0x05, 0x05, 0x04, 0x04, 0x05, 0x05, 0x04, 0x05, 0x05,
    0x04, 0x05, 0x04, 0x05, 0x05, 0x04, 0x05, 0x05, 0x04, 0x04, 0x05, 0x04,
    0x05, 0x04, 0x04, 0x05, 0x05, 0x04, 0x05, 0x04, 0x04, 0x05, 0x05, 0x04,
    0x05, 0x04, 0x04, 0x05, 0x05, 0x04, 0x04, 0x05, 0x04, 0x04, 0x05, 0x04,
    0x05, 0x04, 0x05, 0x05, 0x04, 0x04, 0x05, 0x04, 0x04, 0x05, 0x04, 0x04,
    0x04, 0x05, 0x05, 0x04, 0x05, 0x04, 0x05, 0x05, 0x04, 0x04, 0x05, 0x04,
    0x05, 0x05, 0x04, 0x05, 0x05, 0x04, 0x05, 0x04, 0x04, 0x05, 0x04, 0x05,
    0x04, 0x05, 0x04, 0x05, 0x04, 0x05, 0x04, 0x04, 0x05, 0x04, 0x05, 0x05,
    0x04, 0x04, 0x05, 0x05, 0x04, 0x04, 0x05, 0x04, 0x04, 0x05, 0x05, 0x04,
    0x05, 0x05, 0x04, 0x04, 0x05, 0x04, 0x04, 0x05, 0x04, 0x04, 0x05, 0x05,
    0x04, 0x05, 0x04, 0x04, 0x05, 0x04, 0x05, 0x05, 0x04, 0x04, 0x05, 0x04,
    0x04, 0x05, 0x04, 0x05, 0x04, 0x05, 0x05, 0x04, 0x05, 0x04, 0x04, 0x05,
    0x04, 0x04, 0x05, 0x05, 0x04, 0x05, 0x04, 0x04, 0x05, 0x04, 0x04, 0x05,
    0x05, 0x04, 0x05, 0x05, 0x04, 0x05, 0x04, 0x04, 0x05, 0x04, 0x04, 0x05,
    0x04, 0x05, 0x05, 0x04, 0x04, 0x05, 0x04, 0x05, 0x04, 0x04, 0x05, 0x04,
    0x04, 0x05, 0x04, 0x05, 0x05, 0x04, 0x05, 0x04, 0x05, 0x05, 0x04, 0x05,
    0x05, 0x04, 0x05, 0x05, 0x04, 0x05, 0x05, 0x04, 0x05, 0x04, 0x04, 0x05,
    0x05, 0x04, 0x05, 0x04, 0x04, 0x05, 0x05, 0x04, 0x05, 0x04, 0x04, 0x0f,
    0x04, 0x05, 0x04, 0x04, 0x05, 0x05, 0x04, 0x05, 0x04, 0x04, 0x05, 0x05,
    0x04, 0x04, 0x05, 0x04, 0x05, 0x04, 0x04, 0x05, 0x04, 0x04, 0x05, 0x04,
    0x04, 0x05, 0x05, 0x04, 0x05, 0x05, 0x04, 0x05, 0x05, 0x04, 0x04, 0x05,
    0x05, 0x04, 0x05, 0x04, 0x04, 0x05, 0x05, 0x04, 0x05, 0x04, 0x05, 0x04,
    0x05, 0x05, 0x04, 0x05, 0x05, 0x04, 0x04, 0x05, 0x04, 0x05, 0x05, 0x04,
    0x05, 0x05, 0x04, 0x05, 0x05, 0x04, 0x05, 0x04, 0x04, 0x05, 0x05, 0x04,
    0x04, 0x05, 0x05, 0x05, 0x04, 0x04, 0x05, 0x04, 0x04, 0x05, 0x04, 0x05,
    0x05, 0x04, 0x05, 0x04, 0x04, 0x05, 0x05, 0x04, 0x05, 0x04, 0x04, 0x05,
    0x05, 0x04, 0x04, 0x05, 0x04, 0x04, 0x05, 0x04, 0x05, 0x05, 0x04, 0x05,
    0x05, 0x04, 0x04, 0x05, 0x04, 0x04, 0x05, 0x05, 0x04, 0x05, 0x05, 0x04,
    0x05, 0x05, 0x04, 0x05, 0x04, 0x04, 0x05, 0x05, 0x04, 0x05, 0x04, 0x04,
    0x05, 0x04, 0x05, 0x05, 0x04, 0x05, 0x04, 0x05, 0x04, 0x04, 0x05, 0x04,
    0x04, 0x05, 0x05, 0x04, 0x05, 0x05, 0x04, 0x04, 0x05, 0x04, 0x04, 0x05,
    0x05, 0x04, 0x05, 0x05, 0x04, 0x04, 0x05, 0x04, 0x04, 0x05, 0x04, 0x05,
    0x05, 0x04, 0x05, 0x05, 0x04, 0x05, 0x05, 0x04, 0x05, 0x05, 0x04, 0x05,
    0x04, 0x05, 0x05, 0x04, 0x05, 0x05, 0x04, 0x05, 0x04, 0x04, 0x05, 0x04,
    0x05, 0x04, 0x04, 0x05, 0x04, 0x04, 0x05, 0x04, 0x04, 0x05, 0x04, 0x04,
    0x05, 0x05, 0x04, 0x05, 0x04, 0x05, 0x04, 0x05, 0x05, 0x04, 0x05, 0x04,
    0x04, 0x05, 0x05, 0x04, 0x05, 0x0e, 0x05, 0x04, 0x05, 0x04, 0x04, 0x05,
    0x04, 0x05, 0x05, 0x04, 0x04, 0x05, 0x05, 0x04, 0x05, 0x04, 0x04, 0x05,
    0x05, 0x04, 0x05, 0x05, 0x04, 0x05, 0x04, 0x04, 0x05, 0x04, 0x04, 0x05,
    0x04, 0x04, 0x05, 0x04, 0x04, 0x05, 0x04, 0x05, 0x05, 0x04, 0x04, 0x05,
    0x04, 0x05, 0x04, 0x05, 0x04, 0x05, 0x04, 0x04, 0x05, 0x04, 0x05, 0x04,
    0x05, 0x05, 0x04, 0x04, 0x05, 0x04, 0x04, 0x05, 0x04, 0x04, 0x05, 0x05,
    0x04, 0x05, 0x04, 0x05, 0x04, 0x05, 0x04, 0x04, 0x05, 0x04, 0x05, 0x05,
    0x04, 0x05, 0x05, 0x04, 0x04, 0x05, 0x04, 0x05, 0x05, 0x04, 0x05, 0x04,
    0x04, 0x05, 0x05, 0x04, 0x05, 0x04, 0x05, 0x05, 0x04, 0x05, 0x05, 0x04,
    0x05, 0x04, 0x04, 0x05, 0x04, 0x04, 0x05, 0x05, 0x04, 0x05, 0x05, 0x04,
    0x04, 0x05, 0x04, 0x05, 0x04, 0x04, 0x05, 0x04, 0x05, 0x05, 0x04, 0x04,
    0x05, 0x04, 0x05, 0x05, 0x04, 0x05, 0x04, 0x04, 0x05, 0x04, 0x05, 0x05,
    0x04, 0x05, 0x05, 0x04, 0x05, 0x05, 0x04, 0x05, 0x04, 0x04, 0x05, 0x05,
    0x04, 0x05, 0x05, 0x04, 0x05, 0x04, 0x05, 0x04, 0x04, 0x05, 0x05, 0x04,
    0x05, 0x05, 0x04, 0x04, 0x05, 0x04, 0x05, 0x04, 0x04, 0x05, 0x04, 0x04,
    0x05, 0x04, 0x04, 0x05, 0x04, 0x05, 0x04, 0x04, 0x05, 0x04, 0x04, 0x05,
    0x05, 0x04, 0x05, 0x05, 0x04, 0x05, 0x04, 0x05, 0x04, 0x05, 0x05, 0x04,
    0x05, 0x05, 0x04, 0x05, 0x05, 0x04, 0x04, 0x05, 0x04, 0x05, 0x05, 0x04,
    0x04, 0x05, 0x04, 0x05, 0x05, 0x04, 0x05, 0x04, 0x04, 0x05, 0x05, 0x0e,
    0x04, 0x05, 0x05, 0x04, 0x05, 0x04, 0x04, 0x05, 0x05, 0x04, 0x05, 0x04,
    0x04, 0x05, 0x05, 0x04, 0x05, 0x05, 0x04, 0x04, 0x05, 0x04, 0x05, 0x05,
    0x04, 0x05, 0x05, 0x04, 0x05, 0x05, 0x04, 0x05, 0x05, 0x04, 0x05, 0x04,
    0x04, 0x05, 0x04, 0x05, 0x05, 0x04, 0x05, 0x04, 0x05, 0x04, 0x05, 0x04,
    0x05, 0x05, 0x04, 0x05, 0x04, 0x05, 0x04, 0x05, 0x04, 0x05, 0x05, 0x04,
    0x05, 0x05, 0x04, 0x04, 0x05, 0x04, 0x05, 0x05, 0x04, 0x04, 0x05, 0x05,
    0x04, 0x05, 0x04, 0x04, 0x05, 0x04, 0x04, 0x05, 0x05, 0x04, 0x05, 0x04,
    0x04, 0x05, 0x04, 0x05, 0x05, 0x04, 0x04, 0x05, 0x04, 0x05, 0x04, 0x04,
    0x05, 0x04, 0x04, 0x05, 0x04, 0x05, 0x05, 0x04, 0x05, 0x05, 0x04, 0x04,
    0x05, 0x04, 0x04, 0x05, 0x05, 0x04, 0x05, 0x04, 0x05, 0x04, 0x05, 0x05,
    0x04, 0x04, 0x05, 0x04, 0x05, 0x05, 0x04, 0x04, 0x05, 0x04, 0x05, 0x05,
    0x04, 0x05, 0x04, 0x04, 0x05, 0x04, 0x04, 0x05, 0x04, 0x04, 0x05, 0x04,
    0x05, 0x04, 0x05, 0x04, 0x04, 0x05, 0x04, 0x04, 0x05, 0x05, 0x04, 0x05,
    0x04, 0x05, 0x04, 0x04, 0x05, 0x04, 0x04, 0x05, 0x05, 0x04, 0x05, 0x04,
    0x04, 0x05, 0x05, 0x04, 0x05, 0x04, 0x05, 0x04, 0x05, 0x04, 0x05, 0x04,
    0x05, 0x05, 0x04, 0x05, 0x04, 0x04, 0x05, 0x04, 0x04, 0x05, 0x04, 0x04,
    0x05, 0x05, 0x04, 0x04, 0x05, 0x04, 0x04, 0x05, 0x04, 0x04, 0x05, 0x05,
    0x04, 0x04, 0x05, 0x04, 0x05, 0x04, 0x05, 0x04, 0x04, 0x05, 0x04, 0x05,
    0x05, 0x04, 0x05, 0x04, 0x04, 0x0f, 0x04, 0x05, 0x04, 0x05, 0x05, 0x04,
    0x05, 0x04, 0x04, 0x05, 0x05, 0x04, 0x04, 0x05, 0x04, 0x04, 0x05, 0x04,
    0x04, 0x05, 0x04, 0x04, 0x05, 0x04, 0x04, 0x05, 0x04, 0x04, 0x05, 0x04,
    0x04, 0x05, 0x04, 0x05, 0x05, 0x04, 0x05, 0x04, 0x04, 0x05, 0x04, 0x04,
    0x05, 0x04, 0x05, 0x04, 0x04, 0x05, 0x04, 0x05, 0x04, 0x04, 0x05, 0x04,
    0x04, 0x05, 0x04, 0x04, 0x05, 0x04, 0x04, 0x05, 0x05, 0x05, 0x04, 0x04,
    0x05, 0x04, 0x05, 0x04, 0x05, 0x04, 0x05, 0x05, 0x04, 0x05, 0x05, 0x04,
    0x04, 0x05, 0x04, 0x04, 0x05, 0x05, 0x04, 0x04, 0x05, 0x04, 0x04, 0x05,
    0x05, 0x04, 0x04, 0x05, 0x05, 0x04, 0x05, 0x05, 0x04, 0x05, 0x04, 0x04,
    0x05, 0x04, 0x04, 0x05, 0x05, 0x04, 0x05, 0x05, 0x04, 0x04, 0x05, 0x04,
    0x05, 0x05, 0x04, 0x04, 0x05, 0x05, 0x04, 0x05, 0x04, 0x04, 0x05, 0x05,
    0x04, 0x05, 0x04, 0x04, 0x05, 0x04, 0x05, 0x05, 0x04, 0x05, 0x05, 0x04,
    0x05, 0x05, 0x04, 0x05, 0x04, 0x05, 0x04, 0x05, 0x05, 0x04, 0x05, 0x05,
    0x04, 0x04, 0x05, 0x04, 0x04, 0x05, 0x05, 0x04, 0x05, 0x05, 0x04, 0x05,
    0x04, 0x04, 0x05, 0x05, 0x04, 0x05, 0x05, 0x04, 0x05, 0x04, 0x05, 0x05,
    0x04, 0x05, 0x04, 0x05, 0x04, 0x05, 0x04, 0x05, 0x04, 0x05, 0x05, 0x04,
    0x05, 0x05, 0x04, 0x05, 0x05, 0x04, 0x05, 0x04, 0x05, 0x04, 0x05, 0x05,
    0x04, 0x05, 0x05, 0x04, 0x04, 0x05, 0x05, 0x04, 0x05, 0x04, 0x04, 0x05,
    0x05, 0x04, 0x05, 0x04, 0x04, 0x05, 0x04, 0x05, 0x05, 0x04, 0x05, 0x0e,
    0x05, 0x04, 0x04, 0x05, 0x04, 0x05, 0x05, 0x04, 0x04, 0x05, 0x04, 0x05,
    0x05, 0x04, 0x05, 0x05, 0x04, 0x05, 0x05, 0x05, 0x04, 0x05, 0x05, 0x04,
    0x05, 0x05, 0x04, 0x05, 0x05, 0x04, 0x05, 0x04, 0x04, 0x05, 0x04, 0x05,
    0x05, 0x04, 0x05, 0x05, 0x04, 0x05, 0x05, 0x04, 0x05, 0x05, 0x04, 0x05,
    0x04, 0x04, 0x05, 0x05, 0x04, 0x05, 0x05, 0x04, 0x05, 0x05, 0x04, 0x05,
    0x04, 0x04, 0x05, 0x04, 0x05, 0x05, 0x04, 0x04, 0x05, 0x05, 0x04, 0x04,
    0x05, 0x04, 0x04, 0x05, 0x05, 0x04, 0x05, 0x05, 0x04, 0x05, 0x04, 0x05,
    0x05, 0x04, 0x05, 0x05, 0x04, 0x05, 0x05, 0x04, 0x05, 0x04, 0x05, 0x04,
    0x04, 0x05, 0x04, 0x05, 0x05, 0x04, 0x05, 0x05, 0x04, 0x04, 0x05, 0x04,
    0x04, 0x05, 0x05, 0x04, 0x04, 0x05, 0x04, 0x04, 0x05, 0x04, 0x04, 0x05,
    0x04, 0x05, 0x05, 0x04, 0x04, 0x04, 0x05, 0x05, 0x04, 0x05, 0x04, 0x04,
    0x05, 0x04, 0x05, 0x04, 0x04, 0x05, 0x04, 0x04, 0x05, 0x05, 0x04, 0x04,
    0x05, 0x04, 0x04, 0x05, 0x04, 0x05, 0x05, 0x04, 0x05, 0x04, 0x05, 0x04,
    0x04, 0x05, 0x04, 0x05, 0x04, 0x05, 0x05, 0x04, 0x04, 0x05, 0x04, 0x04,
    0x05, 0x04, 0x04, 0x05, 0x04, 0x04, 0x05, 0x04, 0x05, 0x04, 0x05, 0x04,
    0x05, 0x04, 0x04, 0x05, 0x04, 0x04, 0x05, 0x04, 0x04, 0x05, 0x04, 0x05,
    0x04, 0x05, 0x04, 0x05, 0x04, 0x04, 0x05, 0x04, 0x05, 0x05, 0x04, 0x04,
    0x05, 0x05, 0x04, 0x05, 0x04, 0x05, 0x04, 0x05, 0x05, 0x04, 0x05, 0x04,
    0x04, 0x05, 0x04, 0x05, 0x05, 0x0e, 0x04, 0x05, 0x05, 0x04, 0x04, 0x05,
    0x04, 0x05, 0x05, 0x04, 0x04, 0x05, 0x04, 0x04, 0x05, 0x04, 0x04, 0x05,
    0x04, 0x04, 0x05, 0x04, 0x04, 0x05, 0x04, 0x04, 0x05, 0x04, 0x04, 0x05,
    0x05, 0x04, 0x05, 0x04, 0x04, 0x05, 0x04, 0x05, 0x04, 0x04, 0x05, 0x04,
    0x04, 0x05, 0x04, 0x05, 0x05, 0x04, 0x05, 0x05, 0x04, 0x05, 0x04, 0x05,
    0x04, 0x04, 0x05, 0x04, 0x05, 0x05, 0x04, 0x05, 0x04, 0x04, 0x05, 0x04,
    0x05, 0x05, 0x04, 0x05, 0x04, 0x05, 0x05, 0x04, 0x04, 0x05, 0x04, 0x04,
    0x05, 0x04, 0x05, 0x04, 0x04, 0x05, 0x04, 0x04, 0x05, 0x04, 0x04, 0x05,
    0x04, 0x05, 0x04, 0x05, 0x04, 0x05, 0x05, 0x04, 0x04, 0x05, 0x04, 0x04,
    0x05, 0x05, 0x04, 0x05, 0x05, 0x04, 0x05, 0x04, 0x05, 0x05, 0x04, 0x05,
    0x04, 0x05, 0x05, 0x04, 0x05, 0x04, 0x04, 0x05, 0x05, 0x04, 0x05, 0x05,
    0x04, 0x04, 0x05, 0x05, 0x04, 0x05, 0x04, 0x05, 0x04, 0x05, 0x05, 0x04,
    0x05, 0x04, 0x04, 0x05, 0x05, 0x04, 0x05, 0x05, 0x04, 0x05, 0x04, 0x04,
    0x05, 0x05, 0x04, 0x05, 0x05, 0x04, 0x05, 0x04, 0x05, 0x04, 0x04, 0x05,
    0x05, 0x04, 0x05, 0x05, 0x04, 0x05, 0x05, 0x04, 0x05, 0x05, 0x04, 0x05,
    0x04, 0x05, 0x04, 0x05, 0x04, 0x05, 0x05, 0x04, 0x05, 0x05, 0x04, 0x05,
    0x05, 0x04, 0x05, 0x04, 0x05, 0x04, 0x05, 0x04, 0x05, 0x05, 0x04, 0x05,
    0x04, 0x04, 0x04, 0x05, 0x05, 0x04, 0x04, 0x05, 0x04, 0x05, 0x05, 0x04,
    0x04, 0x05, 0x04, 0x05, 0x05, 0x04, 0x05, 0x04, 0x04, 0x05, 0x04, 0x0f,
    0x04, 0x05, 0x04, 0x05, 0x05, 0x04, 0x04, 0x05, 0x05, 0x04, 0x05, 0x05,
    0x04, 0x05, 0x05, 0x04, 0x05, 0x05, 0x04, 0x05, 0x05, 0x04, 0x05, 0x05,
    0x04, 0x05, 0x05, 0x04, 0x05, 0x04, 0x04, 0x05, 0x05, 0x05, 0x04, 0x05,
    0x04, 0x05, 0x05, 0x04, 0x05, 0x05, 0x04, 0x04, 0x05, 0x04, 0x04, 0x05,
    0x04, 0x04, 0x05, 0x04, 0x05, 0x04, 0x05, 0x05, 0x04, 0x04, 0x05, 0x04,
    0x05, 0x05, 0x04, 0x05, 0x04, 0x04, 0x05, 0x04, 0x04, 0x05, 0x04, 0x04,
    0x05, 0x05, 0x04, 0x05, 0x05, 0x04, 0x04, 0x05, 0x05, 0x04, 0x05, 0x05,
    0x04, 0x05, 0x05, 0x04, 0x05, 0x04, 0x04, 0x05, 0x04, 0x05, 0x04, 0x04,
    0x05, 0x05, 0x04, 0x05, 0x04, 0x04, 0x05, 0x04, 0x04, 0x05, 0x04, 0x05,
    0x04, 0x04, 0x05, 0x04, 0x05, 0x04, 0x05, 0x04, 0x05, 0x05, 0x04, 0x05,
    0x04, 0x04, 0x05, 0x04, 0x05, 0x05, 0x04, 0x04, 0x05, 0x04, 0x05, 0x05,
    0x04, 0x04, 0x05, 0x04, 0x04, 0x05, 0x05, 0x04, 0x05, 0x04, 0x04, 0x05,
    0x04, 0x04, 0x05, 0x05, 0x04, 0x04, 0x05, 0x04, 0x04, 0x05, 0x04, 0x05,
    0x04, 0x05, 0x05, 0x04, 0x05, 0x04, 0x04, 0x05, 0x04, 0x04, 0x05, 0x04,
    0x04, 0x05, 0x04, 0x04, 0x05, 0x05, 0x04, 0x04, 0x05, 0x04, 0x04, 0x05,
    0x04, 0x04, 0x05, 0x04, 0x04, 0x05, 0x04, 0x05, 0x05, 0x04, 0x04, 0x05,
    0x04, 0x04, 0x05, 0x04, 0x05, 0x05, 0x05, 0x04, 0x05, 0x04, 0x05, 0x04,
    0x05, 0x04, 0x04, 0x05, 0x04, 0x04, 0x05, 0x04, 0x04, 0x05, 0x04, 0x05,
    0x05, 0x04, 0x05, 0x04, 0x04, 0x0f, 0x05, 0x04, 0x04, 0x05, 0x04, 0x05,
    0x04, 0x04, 0x05, 0x04, 0x04, 0x05, 0x04, 0x05, 0x04, 0x04, 0x05, 0x04,
    0x04, 0x05, 0x04, 0x04, 0x05, 0x04, 0x04, 0x05, 0x04, 0x05, 0x05, 0x04,
    0x05, 0x04, 0x04, 0x05, 0x05, 0x04, 0x04, 0x05, 0x04, 0x04, 0x05, 0x05,
    0x04, 0x05, 0x05, 0x04, 0x04, 0x05, 0x05, 0x04, 0x05, 0x04, 0x05, 0x04,
    0x04, 0x05, 0x05, 0x04, 0x04, 0x05, 0x04, 0x04, 0x05, 0x05, 0x04, 0x05,
    0x05, 0x04, 0x05, 0x05, 0x04, 0x04, 0x05, 0x04, 0x04, 0x05, 0x05, 0x04,
    0x05, 0x04, 0x04, 0x05, 0x04, 0x04, 0x05, 0x04, 0x04, 0x05, 0x05, 0x04,
    0x05, 0x05, 0x04, 0x05, 0x05, 0x04, 0x04, 0x05, 0x05, 0x04, 0x05, 0x05,
    0x04, 0x05, 0x04, 0x04, 0x05, 0x05, 0x04, 0x05, 0x04, 0x05, 0x04, 0x05,
    0x04, 0x04, 0x05, 0x04, 0x04, 0x05, 0x05, 0x04, 0x05, 0x04, 0x04, 0x05,
    0x04, 0x05, 0x05, 0x04, 0x04, 0x05, 0x05, 0x04, 0x05, 0x05, 0x04, 0x04,
    0x05, 0x05, 0x04, 0x05, 0x05, 0x04, 0x05, 0x04, 0x05, 0x04, 0x05, 0x05,
    0x04, 0x05, 0x04, 0x04, 0x05, 0x04, 0x04, 0x05, 0x04, 0x05, 0x05, 0x04,
    0x05, 0x05, 0x04, 0x05, 0x05, 0x04, 0x05, 0x05, 0x04, 0x04, 0x05, 0x04,
    0x05, 0x05, 0x05, 0x04, 0x05, 0x05, 0x04, 0x05, 0x05, 0x04, 0x05, 0x04,
    0x04, 0x05, 0x04, 0x05, 0x05, 0x04, 0x05, 0x05, 0x04, 0x04, 0x04, 0x05,
    0x04, 0x05, 0x05, 0x04, 0x04, 0x05, 0x05, 0x04, 0x05, 0x05, 0x04, 0x05,
    0x05, 0x04, 0x05, 0x04, 0x04, 0x05, 0x04, 0x05, 0x05, 0x04, 0x05, 0x0e,
    0x04, 0x05, 0x05, 0x04, 0x04, 0x05, 0x05, 0x04, 0x05, 0x05, 0x04, 0x04,
    0x05, 0x04, 0x05, 0x05, 0x04, 0x05, 0x05, 0x04, 0x05, 0x05, 0x04, 0x05,
    0x05, 0x04, 0x04, 0x05, 0x04, 0x05, 0x05, 0x04, 0x04, 0x05, 0x04, 0x04,
    0x05, 0x05, 0x04, 0x04, 0x05, 0x04, 0x04, 0x05, 0x04, 0x05, 0x05, 0x04,
    0x05, 0x04, 0x05, 0x05, 0x04, 0x05, 0x04, 0x04, 0x05, 0x05, 0x04, 0x05,
    0x05, 0x04, 0x04, 0x05, 0x04, 0x05, 0x04, 0x04, 0x05, 0x04, 0x05, 0x05,
    0x04, 0x05, 0x04, 0x04, 0x05, 0x04, 0x05, 0x05, 0x04, 0x05, 0x05, 0x04,
    0x05, 0x05, 0x04, 0x04, 0x05, 0x04, 0x05, 0x04, 0x04, 0x05, 0x05, 0x04,
    0x04, 0x05, 0x04, 0x04, 0x05, 0x04, 0x05, 0x05, 0x05, 0x04, 0x05, 0x04,
    0x05, 0x04, 0x05, 0x04, 0x05, 0x05, 0x04, 0x05, 0x05, 0x04, 0x05, 0x05,
    0x04, 0x05, 0x04, 0x05, 0x04, 0x05, 0x04, 0x04, 0x05, 0x04, 0x04, 0x05,
    0x04, 0x04, 0x05, 0x05, 0x04, 0x05, 0x04, 0x04, 0x05, 0x04, 0x05, 0x04,
    0x05, 0x05, 0x04, 0x04, 0x05, 0x04, 0x05, 0x05, 0x05, 0x04, 0x05, 0x05,
    0x04, 0x05, 0x04, 0x04, 0x05, 0x04, 0x04, 0x05, 0x04, 0x04, 0x05, 0x04,
    0x04, 0x05, 0x05, 0x05, 0x04, 0x04, 0x05, 0x04, 0x04, 0x05, 0x04, 0x04,
    0x05, 0x04, 0x04, 0x05, 0x05, 0x04, 0x05, 0x04, 0x04, 0x05, 0x04, 0x04,
    0x05, 0x05, 0x04, 0x05, 0x05, 0x04, 0x04, 0x05, 0x04, 0x05, 0x04, 0x05,
    0x04, 0x04, 0x05, 0x04, 0x05, 0x04, 0x05, 0x05, 0x04, 0x05, 0x05, 0x04,
    0x04, 0x05, 0x04, 0x05, 0x05, 0x0e, 0x04, 0x05, 0x05, 0x04, 0x05, 0x04,
    0x05, 0x04, 0x04, 0x05, 0x05, 0x04, 0x05, 0x04, 0x05, 0x04, 0x04, 0x05,
    0x04, 0x04, 0x05, 0x04, 0x04, 0x05, 0x05, 0x04, 0x05, 0x04, 0x04, 0x05,
    0x04, 0x05, 0x05, 0x04, 0x05, 0x05, 0x04, 0x05, 0x05, 0x04, 0x05, 0x05,
    0x04, 0x04, 0x05, 0x04, 0x04, 0x05, 0x04, 0x04, 0x05, 0x04, 0x04, 0x05,
    0x05, 0x04, 0x05, 0x04, 0x04, 0x05, 0x05, 0x04, 0x05, 0x04, 0x05, 0x04,
    0x05, 0x05, 0x04, 0x04, 0x05, 0x04, 0x05, 0x05, 0x05, 0x04, 0x04, 0x05,
    0x04, 0x05, 0x04, 0x04, 0x05, 0x04, 0x04, 0x05, 0x05, 0x04, 0x05, 0x04,
    0x04, 0x05, 0x04, 0x04, 0x05, 0x05, 0x04, 0x05, 0x05, 0x04, 0x05, 0x04,
    0x04, 0x05, 0x04, 0x04, 0x05, 0x04, 0x04, 0x05, 0x04, 0x04, 0x05, 0x04,
    0x04, 0x05, 0x04, 0x04, 0x05, 0x04, 0x04, 0x05, 0x05, 0x04, 0x05, 0x05,
    0x04, 0x05, 0x05, 0x04, 0x05, 0x05, 0x04, 0x05, 0x04, 0x04, 0x05, 0x05,
    0x04, 0x05, 0x04, 0x04, 0x05, 0x04, 0x04, 0x05, 0x04, 0x05, 0x04, 0x04,
    0x04, 0x05, 0x04, 0x04, 0x05, 0x04, 0x05, 0x05, 0x04, 0x05, 0x04, 0x05,
    0x04, 0x05, 0x05, 0x04, 0x05, 0x05, 0x04, 0x04, 0x05, 0x04, 0x05, 0x05,
    0x04, 0x04, 0x05, 0x05, 0x04, 0x05, 0x05, 0x04, 0x04, 0x05, 0x04, 0x05,
    0x05, 0x04, 0x05, 0x05, 0x04, 0x05, 0x04, 0x04, 0x05, 0x04, 0x05, 0x04,
    0x05, 0x04, 0x04, 0x05, 0x05, 0x04, 0x05, 0x05, 0x04, 0x04, 0x05, 0x04,
    0x04, 0x05, 0x04, 0x04, 0x05, 0x04, 0x05, 0x04, 0x04, 0x05, 0x04, 0x0e,
    0x04, 0x04, 0x05, 0x04, 0x05, 0x04, 0x05, 0x05, 0x04, 0x04, 0x05, 0x05,
    0x04, 0x05, 0x04, 0x05, 0x05, 0x04, 0x05, 0x05, 0x04, 0x05, 0x04, 0x04,
    0x05, 0x04, 0x05, 0x05, 0x04, 0x04, 0x05, 0x04, 0x04, 0x05, 0x04, 0x04,
    0x05, 0x04, 0x04, 0x05, 0x04, 0x05, 0x05, 0x04, 0x05, 0x05, 0x04, 0x05,
    0x05, 0x04, 0x05, 0x04, 0x05, 0x05, 0x04, 0x05, 0x04, 0x05, 0x04, 0x04,
    0x05, 0x04, 0x05, 0x05, 0x04, 0x04, 0x05, 0x05, 0x04, 0x05, 0x04, 0x04,
    0x05, 0x04, 0x04, 0x05, 0x05, 0x04, 0x05, 0x04, 0x05, 0x04, 0x05, 0x05,
    0x04, 0x04, 0x05, 0x05, 0x04, 0x05, 0x05, 0x05, 0x04, 0x04, 0x05, 0x04,
    0x04, 0x05, 0x04, 0x05, 0x05, 0x04, 0x04, 0x05, 0x04, 0x05, 0x05, 0x04,
    0x05, 0x05, 0x04, 0x05, 0x05, 0x04, 0x05, 0x05, 0x04, 0x05, 0x05, 0x04,
    0x04, 0x05, 0x04, 0x04, 0x05, 0x04, 0x04, 0x05, 0x04, 0x05, 0x04, 0x04,
    0x05, 0x05, 0x04, 0x04, 0x05, 0x04, 0x05, 0x05, 0x04, 0x05, 0x05, 0x04,
    0x05, 0x04, 0x05, 0x05, 0x05, 0x04, 0x05, 0x04, 0x05, 0x05, 0x04, 0x04,
    0x05, 0x04, 0x05, 0x04, 0x05, 0x05, 0x04, 0x04, 0x05, 0x04, 0x04, 0x05,
    0x05, 0x04, 0x04, 0x05, 0x04, 0x05, 0x05, 0x04, 0x05, 0x04, 0x04, 0x05,
    0x05, 0x04, 0x05, 0x05, 0x04, 0x04, 0x05, 0x04, 0x05, 0x04, 0x05, 0x05,
    0x04, 0x05, 0x04, 0x05, 0x04, 0x05, 0x05, 0x04, 0x05, 0x04, 0x04, 0x05,
    0x04, 0x05, 0x05, 0x04, 0x05, 0x05, 0x04, 0x05, 0x05, 0x04, 0x05, 0x05,
    0x04, 0x05, 0x05, 0x04, 0x05, 0x0f, 0x05, 0x04, 0x04, 0x05, 0x04, 0x05,
    0x04, 0x05, 0x04, 0x05, 0x04, 0x04, 0x05, 0x04, 0x05, 0x04, 0x04, 0x05,
    0x04, 0x04, 0x05, 0x05, 0x04, 0x05, 0x04, 0x04, 0x05, 0x05, 0x04, 0x05,
    0x05, 0x04, 0x05, 0x05, 0x04, 0x05, 0x05, 0x04, 0x05, 0x04, 0x04, 0x05,
    0x04, 0x04, 0x05, 0x04, 0x04, 0x05, 0x04, 0x05, 0x04, 0x05, 0x04, 0x04,
    0x05, 0x04, 0x05, 0x05, 0x04, 0x05, 0x04, 0x04, 0x05, 0x04, 0x05, 0x04,
    0x04, 0x05, 0x04, 0x05, 0x05, 0x04, 0x05, 0x04, 0x04, 0x05, 0x05, 0x04,
    0x04, 0x05, 0x05, 0x04, 0x04, 0x05, 0x05, 0x04, 0x04, 0x05, 0x04, 0x04,
    0x05, 0x04, 0x05, 0x05, 0x04, 0x05, 0x05, 0x04, 0x04, 0x05, 0x04, 0x05,
    0x05, 0x04, 0x05, 0x04, 0x04, 0x05, 0x05, 0x04, 0x04, 0x05, 0x04, 0x04,
    0x05, 0x04, 0x04, 0x05, 0x04, 0x05, 0x05, 0x04, 0x05, 0x05, 0x04, 0x05,
    0x05, 0x04, 0x04, 0x05, 0x05, 0x04, 0x04, 0x05, 0x05, 0x04, 0x05, 0x04,
    0x04, 0x05, 0x04, 0x05, 0x04, 0x05, 0x05, 0x04, 0x04, 0x05, 0x04, 0x05,
    0x05, 0x04, 0x04, 0x05, 0x05, 0x04, 0x04, 0x05, 0x04, 0x04, 0x05, 0x04,
    0x05, 0x04, 0x05, 0x05, 0x04, 0x04, 0x05, 0x05, 0x04, 0x05, 0x04, 0x04,
    0x05, 0x04, 0x05, 0x05, 0x04, 0x04, 0x05, 0x04, 0x04, 0x05, 0x04, 0x05,
    0x04, 0x05, 0x04, 0x04, 0x05, 0x04, 0x05, 0x04, 0x05, 0x04, 0x04, 0x05,
    0x04, 0x05, 0x05, 0x04, 0x05, 0x04, 0x04, 0x05, 0x04, 0x04, 0x05, 0x04,
    0x04, 0x05, 0x04, 0x04, 0x05, 0x04, 0x04, 0x05, 0x04, 0x04, 0x05, 0x0e,
    0x05, 0x05, 0x04, 0x05, 0x05, 0x04, 0x04, 0x05, 0x05, 0x04, 0x05, 0x04,
    0x05, 0x04, 0x05, 0x05, 0x04, 0x05, 0x05, 0x04, 0x04, 0x05, 0x05, 0x04,
    0x05, 0x05, 0x04, 0x04, 0x05, 0x04, 0x04, 0x05, 0x04, 0x04, 0x05, 0x04,
    0x04, 0x05, 0x05, 0x04, 0x05, 0x05, 0x04, 0x05, 0x05, 0x04, 0x05, 0x04,
    0x05, 0x04, 0x05, 0x04, 0x05, 0x04, 0x05, 0x04, 0x04, 0x05, 0x05, 0x04,
    0x05, 0x05, 0x04, 0x04, 0x05, 0x05, 0x04, 0x04, 0x05, 0x04, 0x05, 0x05,
    0x04, 0x05, 0x05, 0x04, 0x04, 0x05, 0x04, 0x05, 0x04, 0x05, 0x04, 0x04,
    0x05, 0x05, 0x04, 0x05, 0x04, 0x05, 0x04, 0x04, 0x05, 0x04, 0x04, 0x05,
    0x05, 0x04, 0x05, 0x04, 0x04, 0x05, 0x04, 0x05, 0x05, 0x04, 0x04, 0x05,
    0x04, 0x04, 0x05, 0x05, 0x04, 0x05, 0x05, 0x04, 0x05, 0x04, 0x04, 0x05,
    0x04, 0x04, 0x05, 0x04, 0x04, 0x05, 0x05, 0x04, 0x05, 0x04, 0x05, 0x05,
    0x04, 0x04, 0x05, 0x05, 0x04, 0x05, 0x04, 0x04, 0x05, 0x04, 0x04, 0x05,
    0x04, 0x04, 0x05, 0x04, 0x04, 0x05, 0x04, 0x05, 0x04, 0x04, 0x05, 0x05,
    0x04, 0x05, 0x05, 0x04, 0x05, 0x04, 0x05, 0x05, 0x04, 0x05, 0x05, 0x04,
    0x04, 0x05, 0x04, 0x05, 0x05, 0x04, 0x04, 0x05, 0x04, 0x05, 0x05, 0x04,
    0x05, 0x05, 0x04, 0x05, 0x05, 0x04, 0x05, 0x05, 0x04, 0x05, 0x04, 0x04,
    0x05, 0x04, 0x05, 0x05, 0x04, 0x04, 0x05, 0x04, 0x04, 0x05, 0x05, 0x04,
    0x05, 0x05, 0x04, 0x05, 0x05, 0x04, 0x05, 0x05, 0x04, 0x05, 0x05, 0x04,
    0x05, 0x05, 0x04, 0x05, 0x04, 0x0e, 0x04, 0x04, 0x05, 0x04, 0x05, 0x04,
    0x05, 0x04, 0x04, 0x05, 0x04, 0x05, 0x04, 0x05, 0x04, 0x04, 0x05, 0x04,
    0x05, 0x05, 0x04, 0x04, 0x05, 0x04, 0x05, 0x04, 0x04, 0x05, 0x05, 0x04,
    0x05, 0x05, 0x04, 0x05, 0x05, 0x04, 0x04, 0x05, 0x04, 0x04, 0x05, 0x04,
    0x04, 0x05, 0x04, 0x05, 0x05, 0x04, 0x04, 0x05, 0x04, 0x05, 0x05, 0x04,
    0x05, 0x05, 0x04, 0x04, 0x05, 0x04, 0x04, 0x05, 0x05, 0x04, 0x05, 0x05,
    0x04, 0x05, 0x05, 0x04, 0x04, 0x05, 0x04, 0x04, 0x05, 0x04, 0x05, 0x05,
    0x04, 0x04, 0x05, 0x05, 0x05, 0x04, 0x04, 0x05, 0x04, 0x05, 0x05, 0x04,
    0x05, 0x05, 0x04, 0x05, 0x04, 0x04, 0x05, 0x04, 0x05, 0x05, 0x04, 0x05,
    0x04, 0x04, 0x05, 0x05, 0x04, 0x05, 0x05, 0x04, 0x05, 0x04, 0x05, 0x04,
    0x04, 0x05, 0x05, 0x04, 0x05, 0x05, 0x04, 0x05, 0x05, 0x04, 0x04, 0x05,
    0x04, 0x04, 0x05, 0x04, 0x04, 0x05, 0x05, 0x04, 0x04, 0x05, 0x04, 0x05,
    0x05, 0x04, 0x05, 0x05, 0x04, 0x05, 0x05, 0x04, 0x05, 0x05, 0x04, 0x04,
    0x05, 0x05, 0x04, 0x05, 0x04, 0x04, 0x05, 0x04, 0x05, 0x05, 0x04, 0x04,
    0x05, 0x04, 0x04, 0x04, 0x05, 0x05, 0x04, 0x04, 0x05, 0x04, 0x05, 0x05,
    0x04, 0x05, 0x04, 0x04, 0x05, 0x04, 0x04, 0x05, 0x04, 0x04, 0x05, 0x04,
    0x04, 0x05, 0x04, 0x05, 0x05, 0x04, 0x05, 0x04, 0x04, 0x05, 0x05, 0x04,
    0x05, 0x05, 0x04, 0x04, 0x05, 0x04, 0x04, 0x05, 0x04, 0x04, 0x05, 0x04,
    0x04, 0x05, 0x04, 0x04, 0x05, 0x04, 0x04, 0x05, 0x05, 0x04, 0x05, 0x0f,
    0x04, 0x05, 0x04, 0x05, 0x04, 0x05, 0x05, 0x04, 0x05, 0x05, 0x04, 0x05,
    0x05, 0x04, 0x05, 0x04, 0x05, 0x04, 0x04, 0x05, 0x05, 0x04, 0x04, 0x05,
    0x04, 0x05, 0x05, 0x04, 0x04, 0x05, 0x04, 0x04, 0x05, 0x04, 0x05, 0x05,
    0x04, 0x05, 0x05, 0x04, 0x05, 0x05, 0x04, 0x04, 0x05, 0x04, 0x04, 0x05,
    0x05, 0x04, 0x04, 0x05, 0x04, 0x04, 0x05, 0x05, 0x04, 0x05, 0x04, 0x05,
    0x04, 0x04, 0x05, 0x04, 0x04, 0x05, 0x04, 0x04, 0x05, 0x04, 0x05, 0x04,
    0x05, 0x05, 0x04, 0x05, 0x04, 0x05, 0x05, 0x04, 0x04, 0x05, 0x04, 0x05,
    0x05, 0x04, 0x04, 0x05, 0x04, 0x04, 0x05, 0x04, 0x05, 0x05, 0x05, 0x04,
    0x04, 0x05, 0x04, 0x05, 0x04, 0x05, 0x05, 0x04, 0x04, 0x05, 0x04, 0x05,
    0x04, 0x05, 0x04, 0x05, 0x04, 0x05, 0x04, 0x05, 0x04, 0x04, 0x05, 0x04,
    0x04, 0x05, 0x05, 0x04, 0x05, 0x05, 0x04, 0x05, 0x05, 0x04, 0x04, 0x05,
    0x04, 0x05, 0x05, 0x04, 0x04, 0x05, 0x04, 0x05, 0x04, 0x05, 0x04, 0x04,
    0x05, 0x04, 0x05, 0x05, 0x04, 0x05, 0x04, 0x04, 0x05, 0x05, 0x04, 0x05,
    0x05, 0x04, 0x04, 0x05, 0x04, 0x05, 0x04, 0x05, 0x05, 0x04, 0x04, 0x05,
    0x05, 0x04, 0x05, 0x04, 0x04, 0x05, 0x04, 0x05, 0x05, 0x04, 0x05, 0x04,
    0x05, 0x05, 0x04, 0x05, 0x04, 0x05, 0x04, 0x04, 0x05, 0x04, 0x05, 0x05,
    0x04, 0x05, 0x04, 0x05, 0x04, 0x04, 0x05, 0x05, 0x04, 0x05, 0x05, 0x04,
    0x05, 0x05, 0x04, 0x05, 0x05, 0x04, 0x05, 0x05, 0x04, 0x05, 0x05, 0x04,
    0x04, 0x05, 0x04, 0x04, 0x05, 0x0e, 0x05, 0x05, 0x04, 0x04, 0x05, 0x04,
    0x04, 0x05, 0x04, 0x04, 0x05, 0x04, 0x04, 0x05, 0x04, 0x05, 0x05, 0x04,
    0x04, 0x05, 0x04, 0x05, 0x05, 0x04, 0x05, 0x04, 0x05, 0x04, 0x05, 0x05,
    0x04, 0x05, 0x04, 0x04, 0x05, 0x04, 0x04, 0x05, 0x04, 0x04, 0x05, 0x05,
    0x04, 0x05, 0x05, 0x04, 0x05, 0x05, 0x04, 0x05, 0x05, 0x04, 0x05, 0x04,
    0x04, 0x04, 0x05, 0x04, 0x05, 0x05, 0x05, 0x04, 0x05, 0x05, 0x04, 0x05,
    0x05, 0x04, 0x05, 0x05, 0x04, 0x04, 0x05, 0x04, 0x05, 0x04, 0x04, 0x05,
    0x04, 0x05, 0x05, 0x04, 0x04, 0x05, 0x05, 0x04, 0x05, 0x05, 0x04, 0x05,
    0x04, 0x04, 0x04, 0x05, 0x04, 0x05, 0x05, 0x04, 0x04, 0x05, 0x04, 0x04,
    0x05, 0x05, 0x04, 0x04, 0x05, 0x04, 0x05, 0x04, 0x05, 0x04, 0x05, 0x04,
    0x05, 0x05, 0x04, 0x05, 0x05, 0x04, 0x05, 0x04, 0x04, 0x05, 0x04, 0x04,
    0x05, 0x04, 0x05, 0x05, 0x04, 0x05, 0x04, 0x04, 0x05, 0x04, 0x05, 0x04,
    0x05, 0x04, 0x05, 0x04, 0x05, 0x04, 0x05, 0x04, 0x04, 0x05, 0x04, 0x05,
    0x05, 0x04, 0x05, 0x04, 0x04, 0x05, 0x04, 0x04, 0x05, 0x04, 0x05, 0x05,
    0x04, 0x04, 0x05, 0x05, 0x04, 0x04, 0x05, 0x05, 0x04, 0x05, 0x04, 0x04,
    0x05, 0x04, 0x04, 0x05, 0x04, 0x05, 0x04, 0x04, 0x05, 0x05, 0x04, 0x05,
    0x05, 0x04, 0x05, 0x04, 0x04, 0x05, 0x04, 0x05, 0x05, 0x04, 0x05, 0x04,
    0x04, 0x05, 0x04, 0x04, 0x05, 0x04, 0x05, 0x04, 0x04, 0x05, 0x04, 0x04,
    0x05, 0x04, 0x04, 0x05, 0x04, 0x05, 0x05, 0x04, 0x05, 0x05, 0x04, 0x0e,
    0x04, 0x05, 0x04, 0x05, 0x05, 0x04, 0x05, 0x05, 0x04, 0x05, 0x05, 0x04,
    0x05, 0x04, 0x04, 0x05, 0x04, 0x05, 0x05, 0x04, 0x04, 0x05, 0x04, 0x05,
    0x04, 0x04, 0x05, 0x04, 0x05, 0x04, 0x05, 0x05, 0x04, 0x05, 0x05, 0x04,
    0x05, 0x05, 0x04, 0x05, 0x04, 0x04, 0x05, 0x04, 0x04, 0x05, 0x04, 0x04,
    0x04, 0x05, 0x04, 0x05, 0x05, 0x05, 0x04, 0x05, 0x05, 0x04, 0x04, 0x05,
    0x04, 0x04, 0x05, 0x04, 0x04, 0x05, 0x04, 0x04, 0x05, 0x04, 0x05, 0x05,
    0x04, 0x04, 0x05, 0x05, 0x04, 0x04, 0x05, 0x04, 0x05, 0x04, 0x04, 0x05,
    0x04, 0x04, 0x05, 0x04, 0x05, 0x05, 0x05, 0x04, 0x05, 0x04, 0x04, 0x05,
    0x05, 0x04, 0x05, 0x05, 0x04, 0x04, 0x05, 0x04, 0x05, 0x05, 0x04, 0x05,
    0x04, 0x05, 0x04, 0x05, 0x04, 0x04, 0x05, 0x04, 0x04, 0x05, 0x04, 0x05,
    0x05, 0x04, 0x05, 0x05, 0x04, 0x05, 0x04, 0x04, 0x05, 0x04, 0x05, 0x05,
    0x04, 0x05, 0x04, 0x05, 0x05, 0x04, 0x04, 0x05, 0x04, 0x05, 0x05, 0x04,
    0x05, 0x05, 0x04, 0x04, 0x05, 0x04, 0x05, 0x04, 0x05, 0x05, 0x04, 0x05,
    0x05, 0x04, 0x05, 0x04, 0x04, 0x05, 0x04, 0x04, 0x05, 0x05, 0x04, 0x04,
    0x05, 0x04, 0x04, 0x05, 0x05, 0x04, 0x05, 0x05, 0x04, 0x05, 0x04, 0x05,
    0x05, 0x04, 0x04, 0x05, 0x04, 0x04, 0x05, 0x05, 0x04, 0x05, 0x04, 0x04,
    0x05, 0x04, 0x04, 0x05, 0x05, 0x04, 0x05, 0x05, 0x04, 0x05, 0x04, 0x05,
    0x04, 0x05, 0x05, 0x04, 0x05, 0x05, 0x04, 0x05, 0x05, 0x04, 0x04, 0x05,
    0x04, 0x04, 0x05, 0x05, 0x04, 0x0f, 0x04, 0x05, 0x04, 0x05, 0x04, 0x04,
    0x05, 0x04, 0x04, 0x05, 0x04, 0x05, 0x05, 0x04, 0x05, 0x04, 0x04, 0x05,
    0x05, 0x04, 0x05, 0x04, 0x05, 0x04, 0x05, 0x05, 0x04, 0x05, 0x04, 0x04,
    0x05, 0x04, 0x04, 0x05, 0x04, 0x04, 0x05, 0x04, 0x05, 0x05, 0x04, 0x05,
    0x05, 0x04, 0x05, 0x05, 0x04, 0x05, 0x05, 0x04, 0x04, 0x04, 0x05, 0x04,
    0x05, 0x04, 0x05, 0x04, 0x05, 0x04, 0x05, 0x05, 0x04, 0x05, 0x05, 0x04,
    0x05, 0x05, 0x04, 0x04, 0x05, 0x05, 0x04, 0x05, 0x04, 0x05, 0x05, 0x04,
    0x05, 0x04, 0x05, 0x05, 0x04, 0x05, 0x04, 0x05, 0x04, 0x04, 0x04, 0x05,
    0x04, 0x05, 0x05, 0x04, 0x05, 0x04, 0x04, 0x05, 0x04, 0x05, 0x05, 0x04,
    0x05, 0x04, 0x04, 0x05, 0x04, 0x05, 0x04, 0x04, 0x05, 0x05, 0x04, 0x05,
    0x05, 0x04, 0x05, 0x04, 0x04, 0x05, 0x04, 0x04, 0x05, 0x04, 0x05, 0x05,
    0x04, 0x05, 0x04, 0x04, 0x05, 0x04, 0x05, 0x05, 0x04, 0x04, 0x05, 0x05,
    0x04, 0x05, 0x04, 0x04, 0x05, 0x04, 0x04, 0x05, 0x05, 0x04, 0x05, 0x04,
    0x04, 0x05, 0x04, 0x04, 0x05, 0x04, 0x05, 0x05, 0x04, 0x05, 0x05, 0x04,
    0x05, 0x05, 0x04, 0x04, 0x05, 0x05, 0x04, 0x05, 0x04, 0x05, 0x05, 0x04,
    0x04, 0x05, 0x05, 0x04, 0x04, 0x05, 0x05, 0x04, 0x05, 0x05, 0x04, 0x04,
    0x05, 0x04, 0x05, 0x05, 0x04, 0x05, 0x05, 0x04, 0x04, 0x05, 0x04, 0x04,
    0x05, 0x04, 0x05, 0x04, 0x05, 0x04, 0x04, 0x05, 0x04, 0x04, 0x05, 0x04,
    0x04, 0x05, 0x05, 0x04, 0x05, 0x05, 0x04, 0x05, 0x04, 0x04, 0x05, 0x0e,
    0x05, 0x04, 0x05, 0x04, 0x05, 0x05, 0x04, 0x05, 0x04, 0x04, 0x05, 0x04,
    0x04, 0x05, 0x05, 0x04, 0x05, 0x04, 0x04, 0x05, 0x05, 0x04, 0x05, 0x04,
    0x05, 0x04, 0x04, 0x05, 0x05, 0x04, 0x05, 0x04, 0x05, 0x05, 0x04, 0x05,
    0x04, 0x04, 0x05, 0x04, 0x04, 0x05, 0x04, 0x04, 0x05, 0x04, 0x05, 0x04,
    0x05, 0x05, 0x04, 0x05, 0x04, 0x04, 0x05, 0x04, 0x04, 0x05, 0x04, 0x05,
    0x04, 0x04, 0x05, 0x04, 0x04, 0x05, 0x04, 0x05, 0x04, 0x05, 0x04, 0x04,
    0x05, 0x04, 0x04, 0x05, 0x04, 0x05, 0x04, 0x04, 0x05, 0x04, 0x05, 0x04,
    0x05, 0x05, 0x05, 0x04, 0x05, 0x04, 0x04, 0x05, 0x04, 0x05, 0x05, 0x04,
    0x05, 0x04, 0x04, 0x05, 0x04, 0x05, 0x05, 0x04, 0x05, 0x04, 0x05, 0x05,
    0x04, 0x05, 0x04, 0x04, 0x05, 0x04, 0x04, 0x05, 0x05, 0x04, 0x05, 0x05,
    0x04, 0x05, 0x04, 0x04, 0x05, 0x04, 0x05, 0x05, 0x04, 0x05, 0x04, 0x04,
    0x05, 0x04, 0x05, 0x04, 0x04, 0x05, 0x05, 0x04, 0x05, 0x05, 0x04, 0x05,
    0x04, 0x04, 0x05, 0x05, 0x04, 0x05, 0x05, 0x04, 0x05, 0x04, 0x05, 0x04,
    0x04, 0x05, 0x04, 0x04, 0x05, 0x04, 0x05, 0x05, 0x04, 0x04, 0x05, 0x04,
    0x05, 0x05, 0x04, 0x04, 0x05, 0x04, 0x04, 0x05, 0x04, 0x05, 0x04, 0x04,
    0x05, 0x04, 0x04, 0x05, 0x05, 0x04, 0x05, 0x04, 0x04, 0x05, 0x04, 0x05,
    0x05, 0x04, 0x05, 0x05, 0x04, 0x05, 0x04, 0x05, 0x04, 0x05, 0x05, 0x04,
    0x05, 0x05, 0x04, 0x05, 0x05, 0x04, 0x04, 0x05, 0x04, 0x04, 0x05, 0x04,
    0x05, 0x05, 0x04, 0x05, 0x05, 0x0e, 0x04, 0x05, 0x04, 0x04, 0x05, 0x04,
    0x05, 0x05, 0x04, 0x05, 0x05, 0x04, 0x04, 0x05, 0x04, 0x05, 0x05, 0x04,
    0x04, 0x05, 0x04, 0x04, 0x05, 0x05, 0x04, 0x05, 0x04, 0x05, 0x04, 0x05,
    0x04, 0x05, 0x04, 0x04, 0x05, 0x05, 0x04, 0x05, 0x05, 0x04, 0x05, 0x05,
    0x04, 0x05, 0x04, 0x05, 0x04, 0x04, 0x05, 0x04, 0x05, 0x05, 0x04, 0x05,
    0x05, 0x04, 0x05, 0x05, 0x04, 0x05, 0x04, 0x05, 0x05, 0x04, 0x05, 0x04,
    0x04, 0x05, 0x05, 0x04, 0x05, 0x04, 0x05, 0x05, 0x04, 0x05, 0x04, 0x05,
    0x05, 0x04, 0x05, 0x04, 0x04, 0x05, 0x04, 0x04, 0x05, 0x05, 0x04, 0x05,
    0x05, 0x04, 0x04, 0x05, 0x04, 0x05, 0x05, 0x04, 0x05, 0x04, 0x04, 0x05,
    0x04, 0x05, 0x05, 0x04, 0x04, 0x05, 0x05, 0x04, 0x05, 0x05, 0x04, 0x05,
    0x04, 0x05, 0x04, 0x04, 0x05, 0x04, 0x05, 0x05, 0x04, 0x05, 0x04, 0x04,
    0x05, 0x04, 0x05, 0x05, 0x04, 0x05, 0x04, 0x05, 0x05, 0x04, 0x05, 0x04,
    0x04, 0x05, 0x04, 0x04, 0x05, 0x05, 0x04, 0x05, 0x04, 0x04, 0x05, 0x04,
    0x04, 0x05, 0x05, 0x04, 0x05, 0x05, 0x04, 0x05, 0x04, 0x05, 0x04, 0x04,
    0x05, 0x04, 0x05, 0x05, 0x04, 0x04, 0x05, 0x04, 0x05, 0x04, 0x05, 0x05,
    0x04, 0x05, 0x04, 0x05, 0x05, 0x04, 0x05, 0x04, 0x04, 0x05, 0x04, 0x05,
    0x05, 0x04, 0x05, 0x04, 0x04, 0x04, 0x05, 0x04, 0x05, 0x04, 0x05, 0x05,
    0x04, 0x04, 0x05, 0x04, 0x04, 0x05, 0x04, 0x04, 0x05, 0x04, 0x05, 0x05,
    0x04, 0x05, 0x04, 0x05, 0x04, 0x04, 0x05, 0x04, 0x04, 0x05, 0x04, 0x0f,
    0x04, 0x05, 0x05, 0x04, 0x05, 0x04, 0x04, 0x05, 0x04, 0x05, 0x04, 0x05,
    0x05, 0x04, 0x04, 0x05, 0x04, 0x05, 0x05, 0x04, 0x05, 0x04, 0x04, 0x05,
    0x04, 0x05, 0x05, 0x04, 0x04, 0x05, 0x05, 0x04, 0x05, 0x04, 0x05, 0x04,
    0x04, 0x05, 0x04, 0x04, 0x05, 0x04, 0x05, 0x04, 0x05, 0x05, 0x04, 0x05,
    0x04, 0x04, 0x05, 0x04, 0x04, 0x05, 0x04, 0x05, 0x04, 0x04, 0x05, 0x04,
    0x05, 0x04, 0x04, 0x05, 0x05, 0x04, 0x05, 0x04, 0x04, 0x05, 0x04, 0x05,
    0x04, 0x05, 0x04, 0x04, 0x05, 0x04, 0x04, 0x05, 0x05, 0x04, 0x05, 0x05,
    0x04, 0x04, 0x05, 0x04, 0x04, 0x05, 0x05, 0x04, 0x05, 0x04, 0x04, 0x05,
    0x04, 0x05, 0x05, 0x04, 0x05, 0x04, 0x04, 0x05, 0x04, 0x05, 0x04, 0x04,
    0x05, 0x04, 0x04, 0x05, 0x05, 0x04, 0x05, 0x04, 0x05, 0x05, 0x04, 0x04,
    0x05, 0x04, 0x05, 0x05, 0x04, 0x05, 0x04, 0x04, 0x05, 0x04, 0x05, 0x04,
    0x04, 0x05, 0x04, 0x05, 0x05, 0x04, 0x05, 0x05, 0x04, 0x04, 0x05, 0x04,
    0x05, 0x05, 0x04, 0x05, 0x05, 0x04, 0x04, 0x05, 0x04, 0x04, 0x05, 0x04,
    0x05, 0x04, 0x05, 0x05, 0x04, 0x05, 0x04, 0x04, 0x05, 0x05, 0x04, 0x05,
    0x04, 0x05, 0x04, 0x05, 0x04, 0x05, 0x05, 0x04, 0x04, 0x05, 0x04, 0x05,
    0x05, 0x04, 0x05, 0x05, 0x04, 0x04, 0x05, 0x04, 0x05, 0x05, 0x04, 0x05,
    0x04, 0x05, 0x04, 0x04, 0x05, 0x04, 0x05, 0x05, 0x04, 0x05, 0x04, 0x05,
    0x05, 0x04, 0x05, 0x04, 0x04, 0x05, 0x04, 0x05, 0x05, 0x04, 0x05, 0x05,
    0x04, 0x05, 0x04, 0x04, 0x05, 0x0e, 0x04, 0x05, 0x04, 0x05, 0x05, 0x04,
    0x05, 0x04, 0x05, 0x04, 0x04, 0x05, 0x05, 0x04, 0x05, 0x04, 0x04, 0x05,
    0x04, 0x05, 0x05, 0x04, 0x05, 0x04, 0x04, 0x05, 0x04, 0x05, 0x04, 0x04,
    0x05, 0x04, 0x05, 0x05, 0x04, 0x05, 0x05, 0x04, 0x05, 0x05, 0x04, 0x04,
    0x05, 0x04, 0x04, 0x05, 0x04, 0x05, 0x05, 0x04, 0x05, 0x05, 0x04, 0x05,
    0x04, 0x05, 0x05, 0x04, 0x05, 0x05, 0x04, 0x05, 0x04, 0x05, 0x04, 0x05,
    0x05, 0x04, 0x05, 0x04, 0x05, 0x04, 0x05, 0x04, 0x05, 0x05, 0x04, 0x05,
    0x04, 0x05, 0x04, 0x04, 0x05, 0x05, 0x04, 0x05, 0x05, 0x04, 0x04, 0x05,
    0x04, 0x04, 0x05, 0x05, 0x04, 0x04, 0x05, 0x04, 0x04, 0x05, 0x05, 0x04,
    0x05, 0x04, 0x05, 0x05, 0x04, 0x05, 0x05, 0x04, 0x04, 0x05, 0x04, 0x04,
    0x05, 0x04, 0x05, 0x05, 0x04, 0x05, 0x04, 0x04, 0x05, 0x04, 0x05, 0x05,
    0x04, 0x05, 0x04, 0x05, 0x05, 0x04, 0x05, 0x04, 0x04, 0x05, 0x04, 0x04,
    0x05, 0x04, 0x05, 0x05, 0x04, 0x04, 0x05, 0x04, 0x04, 0x05, 0x04, 0x05,
    0x05, 0x04, 0x05, 0x05, 0x04, 0x04, 0x05, 0x04, 0x04, 0x05, 0x05, 0x04,
    0x05, 0x04, 0x04, 0x05, 0x04, 0x05, 0x05, 0x04, 0x05, 0x04, 0x04, 0x04,
    0x05, 0x04, 0x05, 0x04, 0x04, 0x05, 0x04, 0x04, 0x05, 0x04, 0x05, 0x04,
    0x04, 0x05, 0x04, 0x05, 0x05, 0x04, 0x05, 0x05, 0x04, 0x05, 0x04, 0x04,
    0x05, 0x04, 0x05, 0x05, 0x04, 0x04, 0x05, 0x05, 0x04, 0x05, 0x04, 0x05,
    0x04, 0x04, 0x05, 0x04, 0x05, 0x04, 0x04, 0x05, 0x05, 0x04, 0x05, 0x0e,
    0x05, 0x04, 0x04, 0x05, 0x04, 0x05, 0x04, 0x05, 0x05, 0x04, 0x05, 0x04,
    0x04, 0x05, 0x05, 0x04, 0x05, 0x04, 0x04, 0x05, 0x04, 0x05, 0x05, 0x04,
    0x05, 0x04, 0x05, 0x05, 0x04, 0x05, 0x04, 0x04, 0x05, 0x04, 0x04, 0x05,
    0x04, 0x04, 0x05, 0x05, 0x04, 0x05, 0x05, 0x04, 0x05, 0x04, 0x04, 0x05,
    0x04, 0x04, 0x05, 0x04, 0x05, 0x04, 0x05, 0x04, 0x04, 0x05, 0x04, 0x04,
    0x05, 0x04, 0x05, 0x04, 0x04, 0x05, 0x04, 0x05, 0x04, 0x05, 0x04, 0x05,
    0x04, 0x04, 0x05, 0x04, 0x05, 0x05, 0x04, 0x05, 0x05, 0x04, 0x04, 0x05,
    0x04, 0x04, 0x05, 0x05, 0x04, 0x05, 0x04, 0x05, 0x04, 0x05, 0x05, 0x04,
    0x05, 0x04, 0x04, 0x05, 0x04, 0x05, 0x05, 0x04, 0x04, 0x05, 0x04, 0x04,
    0x05, 0x05, 0x04, 0x05, 0x05, 0x04, 0x05, 0x04, 0x04, 0x04, 0x05, 0x05,
    0x04, 0x05, 0x04, 0x04, 0x05, 0x04, 0x05, 0x04, 0x04, 0x05, 0x04, 0x05,
    0x05, 0x04, 0x05, 0x05, 0x04, 0x05, 0x04, 0x04, 0x05, 0x05, 0x04, 0x05,
    0x05, 0x04, 0x05, 0x04, 0x04, 0x05, 0x04, 0x04, 0x05, 0x05, 0x04, 0x05,
    0x05, 0x04, 0x04, 0x05, 0x04, 0x05, 0x05, 0x04, 0x05, 0x04, 0x04, 0x05,
    0x04, 0x04, 0x05, 0x05, 0x04, 0x05, 0x05, 0x04, 0x05, 0x05, 0x04, 0x05,
    0x05, 0x04, 0x05, 0x04, 0x05, 0x05, 0x04, 0x05, 0x04, 0x04, 0x05, 0x04,
    0x04, 0x05, 0x04, 0x05, 0x05, 0x04, 0x04, 0x05, 0x04, 0x04, 0x05, 0x04,
    0x04, 0x05, 0x04, 0x05, 0x05, 0x04, 0x05, 0x04, 0x05, 0x04, 0x04, 0x05,
    0x05, 0x04, 0x05, 0x05, 0x04, 0x0f, 0x05, 0x04, 0x05, 0x04, 0x04, 0x05,
    0x04, 0x04, 0x05, 0x04, 0x05, 0x05, 0x04, 0x04, 0x05, 0x05, 0x04, 0x05,
    0x05, 0x04, 0x04, 0x05, 0x04, 0x05, 0x05, 0x04, 0x04, 0x05, 0x05, 0x04,
    0x05, 0x05, 0x04, 0x05, 0x05, 0x04, 0x05, 0x04, 0x04, 0x05, 0x04, 0x04,
    0x05, 0x05, 0x04, 0x05, 0x05, 0x04, 0x05, 0x05, 0x04, 0x05, 0x04, 0x05,
    0x04, 0x05, 0x04, 0x05, 0x05, 0x04, 0x05, 0x04, 0x05, 0x05, 0x04, 0x04,
    0x05, 0x04, 0x05, 0x04, 0x05, 0x05, 0x04, 0x05, 0x04, 0x04, 0x05, 0x04,
    0x04, 0x05, 0x04, 0x05, 0x05, 0x04, 0x05, 0x04, 0x04, 0x05, 0x05, 0x04,
    0x05, 0x04, 0x04, 0x05, 0x04, 0x05, 0x05, 0x05, 0x04, 0x05, 0x04, 0x04,
    0x05, 0x04, 0x05, 0x04, 0x05, 0x04, 0x04, 0x05, 0x04, 0x04, 0x05, 0x05,
    0x04, 0x05, 0x05, 0x04, 0x04, 0x05, 0x05, 0x04, 0x05, 0x05, 0x04, 0x04,
    0x05, 0x05, 0x04, 0x05, 0x04, 0x04, 0x05, 0x04, 0x04, 0x05, 0x04, 0x05,
    0x05, 0x04, 0x04, 0x05, 0x04, 0x04, 0x05, 0x04, 0x05, 0x05, 0x04, 0x05,
    0x05, 0x04, 0x04, 0x05, 0x04, 0x04, 0x05, 0x05, 0x04, 0x05, 0x04, 0x04,
    0x05, 0x05, 0x04, 0x05, 0x05, 0x04, 0x05, 0x04, 0x05, 0x04, 0x05, 0x05,
    0x04, 0x04, 0x05, 0x04, 0x04, 0x05, 0x04, 0x05, 0x04, 0x05, 0x04, 0x05,
    0x05, 0x04, 0x05, 0x04, 0x05, 0x05, 0x04, 0x04, 0x05, 0x04, 0x05, 0x05,
    0x04, 0x05, 0x05, 0x04, 0x05, 0x05, 0x04, 0x04, 0x05, 0x04, 0x04, 0x05,
    0x05, 0x04, 0x05, 0x05, 0x04, 0x05, 0x04, 0x04, 0x05, 0x04, 0x04, 0x0f,
    0x04, 0x05, 0x05, 0x04, 0x05, 0x05, 0x04, 0x05, 0x04, 0x04, 0x05, 0x05,
    0x04, 0x04, 0x05, 0x04, 0x04, 0x05, 0x05, 0x04, 0x05, 0x04, 0x04, 0x05,
    0x04, 0x05, 0x04, 0x04, 0x05, 0x04, 0x05, 0x04, 0x04, 0x05, 0x04, 0x05,
    0x05, 0x04, 0x05, 0x05, 0x04, 0x04, 0x05, 0x04, 0x04, 0x05, 0x04, 0x04,
    0x05, 0x04, 0x05, 0x04, 0x05, 0x04, 0x05, 0x05, 0x04, 0x04, 0x05, 0x04,
    0x05, 0x04, 0x04, 0x05, 0x05, 0x04, 0x05, 0x05, 0x04, 0x04, 0x05, 0x04,
    0x05, 0x05, 0x04, 0x05, 0x05, 0x04, 0x05, 0x04, 0x04, 0x05, 0x04, 0x05,
    0x05, 0x04, 0x05, 0x04, 0x04, 0x05, 0x05, 0x04, 0x05, 0x04, 0x04, 0x04,
    0x05, 0x04, 0x05, 0x05, 0x04, 0x05, 0x04, 0x05, 0x04, 0x05, 0x05, 0x05,
    0x04, 0x05, 0x05, 0x04, 0x04, 0x05, 0x04, 0x05, 0x05, 0x04, 0x05, 0x04,
    0x04, 0x05, 0x04, 0x05, 0x04, 0x05, 0x04, 0x05, 0x05, 0x04, 0x05, 0x04,
    0x05, 0x05, 0x04, 0x04, 0x05, 0x04, 0x05, 0x05, 0x04, 0x05, 0x05, 0x04,
    0x04, 0x05, 0x04, 0x05, 0x04, 0x04, 0x05, 0x05, 0x04, 0x05, 0x05, 0x04,
    0x04, 0x05, 0x05, 0x04, 0x05, 0x04, 0x04, 0x05, 0x04, 0x05, 0x04, 0x05,
    0x04, 0x05, 0x04, 0x04, 0x05, 0x04, 0x04, 0x05, 0x05, 0x04, 0x05, 0x04,
    0x05, 0x04, 0x05, 0x04, 0x04, 0x04, 0x05, 0x04, 0x05, 0x04, 0x04, 0x05,
    0x05, 0x04, 0x05, 0x04, 0x04, 0x05, 0x04, 0x04, 0x05, 0x04, 0x05, 0x05,
    0x04, 0x05, 0x05, 0x04, 0x04, 0x05, 0x04, 0x04, 0x05, 0x04, 0x05, 0x04,
    0x05, 0x05, 0x04, 0x05, 0x04, 0x0e, 0x04, 0x05, 0x04, 0x04, 0x05, 0x04,
    0x05, 0x05, 0x04, 0x05, 0x04, 0x04, 0x05, 0x05, 0x04, 0x05, 0x04, 0x04,
    0x05, 0x04, 0x05, 0x05, 0x04, 0x04, 0x05, 0x05, 0x04, 0x05, 0x04, 0x05,
    0x04, 0x05, 0x05, 0x04, 0x04, 0x05, 0x04, 0x04, 0x05, 0x04, 0x05, 0x05,
    0x04, 0x05, 0x05, 0x04, 0x05, 0x05, 0x04, 0x04, 0x05, 0x04, 0x04, 0x05,
    0x04, 0x04, 0x05, 0x05, 0x04, 0x05, 0x04, 0x05, 0x04, 0x05, 0x04, 0x04,
    0x05, 0x04, 0x05, 0x05, 0x04, 0x04, 0x05, 0x04, 0x04, 0x05, 0x04, 0x05,
    0x05, 0x04, 0x05, 0x04, 0x04, 0x05, 0x04, 0x05, 0x05, 0x04, 0x04, 0x05,
    0x04, 0x05, 0x05, 0x05, 0x04, 0x05, 0x04, 0x04, 0x05, 0x04, 0x05, 0x04,
    0x05, 0x04, 0x05, 0x04, 0x04, 0x05, 0x04, 0x04, 0x05, 0x05, 0x04, 0x04,
    0x05, 0x04, 0x04, 0x05, 0x05, 0x04, 0x05, 0x04, 0x04, 0x05, 0x05, 0x04,
    0x04, 0x04, 0x05, 0x04, 0x05, 0x04, 0x04, 0x05, 0x05, 0x04, 0x05, 0x04,
    0x04, 0x05, 0x04, 0x04, 0x05, 0x05, 0x04, 0x05, 0x04, 0x05, 0x05, 0x04,
    0x04, 0x05, 0x04, 0x04, 0x05, 0x05, 0x04, 0x04, 0x05, 0x04, 0x05, 0x05,
    0x04, 0x04, 0x05, 0x04, 0x04, 0x05, 0x05, 0x04, 0x05, 0x05, 0x04, 0x05,
    0x05, 0x04, 0x04, 0x05, 0x05, 0x04, 0x04, 0x05, 0x05, 0x04, 0x05, 0x05,
    0x04, 0x05, 0x04, 0x05, 0x04, 0x05, 0x04, 0x05, 0x05, 0x04, 0x05, 0x05,
    0x04, 0x05, 0x04, 0x04, 0x05, 0x04, 0x04, 0x05, 0x05, 0x04, 0x05, 0x05,
    0x04, 0x05, 0x04, 0x05, 0x04, 0x04, 0x05, 0x04, 0x04, 0x05, 0x05, 0x0e,
    0x05, 0x04, 0x05, 0x05, 0x04, 0x04, 0x05, 0x04, 0x05, 0x05, 0x04, 0x04,
    0x05, 0x04, 0x05, 0x05, 0x04, 0x05, 0x04, 0x04, 0x05, 0x05, 0x04, 0x05,
    0x04, 0x04, 0x05, 0x05, 0x04, 0x04, 0x05, 0x04, 0x05, 0x04, 0x05, 0x05,
    0x04, 0x05, 0x04, 0x04, 0x05, 0x04, 0x04, 0x05, 0x04, 0x04, 0x05, 0x05,
    0x04, 0x05, 0x05, 0x04, 0x05, 0x05, 0x04, 0x05, 0x04, 0x04, 0x05, 0x04,
    0x05, 0x05, 0x04, 0x05, 0x05, 0x04, 0x05, 0x04, 0x04, 0x05, 0x04, 0x05,
    0x05, 0x04, 0x05, 0x04, 0x04, 0x05, 0x04, 0x05, 0x05, 0x04, 0x05, 0x04,
    0x04, 0x05, 0x04, 0x05, 0x05, 0x04, 0x04, 0x04, 0x05, 0x04, 0x05, 0x05,
    0x04, 0x05, 0x04, 0x04, 0x05, 0x05, 0x04, 0x05, 0x04, 0x05, 0x04, 0x05,
    0x05, 0x04, 0x04, 0x05, 0x05, 0x04, 0x05, 0x04, 0x04, 0x05, 0x04, 0x05,
    0x05, 0x04, 0x05, 0x04, 0x05, 0x05, 0x04, 0x05, 0x04, 0x05, 0x04, 0x05,
    0x04, 0x05, 0x04, 0x05, 0x05, 0x04, 0x05, 0x05, 0x04, 0x04, 0x05, 0x04,
    0x05, 0x04, 0x05, 0x04, 0x05, 0x05, 0x04, 0x05, 0x05, 0x04, 0x04, 0x05,
    0x05, 0x04, 0x04, 0x05, 0x04, 0x05, 0x05, 0x04, 0x05, 0x05, 0x04, 0x04,
    0x05, 0x04, 0x04, 0x05, 0x04, 0x04, 0x05, 0x04, 0x05, 0x04, 0x05, 0x05,
    0x04, 0x05, 0x04, 0x05, 0x04, 0x05, 0x04, 0x04, 0x05, 0x05, 0x04, 0x04,
    0x05, 0x04, 0x04, 0x05, 0x04, 0x04, 0x05, 0x05, 0x04, 0x05, 0x05, 0x04,
    0x04, 0x05, 0x04, 0x04, 0x05, 0x04, 0x05, 0x04, 0x05, 0x05, 0x04, 0x05,
    0x05, 0x04, 0x05, 0x05, 0x04, 0x0f, 0x04, 0x04, 0x05, 0x05, 0x04, 0x05,
    0x04, 0x04, 0x05, 0x04, 0x05, 0x05, 0x04, 0x04, 0x05, 0x04, 0x05, 0x05,
    0x04, 0x05, 0x04, 0x04, 0x05, 0x05, 0x04, 0x04, 0x05, 0x04, 0x05, 0x05,
    0x04, 0x04, 0x05, 0x04, 0x04, 0x05, 0x04, 0x05, 0x05, 0x04, 0x05, 0x05,
    0x04, 0x05, 0x05, 0x04, 0x04, 0x05, 0x04, 0x04, 0x05, 0x04, 0x05, 0x04,
    0x05, 0x05, 0x04, 0x05, 0x05, 0x04, 0x04, 0x05, 0x04, 0x04, 0x05, 0x04,
    0x05, 0x05, 0x04, 0x05, 0x04, 0x04, 0x05, 0x05, 0x04, 0x05, 0x05, 0x04,
    0x04, 0x05, 0x04, 0x05, 0x05, 0x04, 0x05, 0x04, 0x04, 0x05, 0x05, 0x04,
    0x05, 0x05, 0x04, 0x04, 0x05, 0x04, 0x05, 0x05, 0x04, 0x05, 0x04, 0x04,
    0x05, 0x04, 0x05, 0x04, 0x05, 0x04, 0x05, 0x05, 0x04, 0x04, 0x05, 0x05,
    0x04, 0x05, 0x05, 0x04, 0x04, 0x05, 0x04, 0x05, 0x04, 0x04, 0x05, 0x04,
    0x05, 0x05, 0x04, 0x05, 0x05, 0x04, 0x05, 0x04, 0x04, 0x05, 0x04, 0x04,
    0x05, 0x04, 0x05, 0x05, 0x04, 0x05, 0x04, 0x05, 0x04, 0x04, 0x04, 0x05,
    0x04, 0x04, 0x05, 0x05, 0x04, 0x04, 0x05, 0x05, 0x04, 0x05, 0x04, 0x04,
    0x05, 0x04, 0x05, 0x05, 0x04, 0x05, 0x05, 0x04, 0x05, 0x05, 0x04, 0x05,
    0x04, 0x05, 0x04, 0x04, 0x05, 0x04, 0x04, 0x05, 0x04, 0x04, 0x05, 0x04,
    0x05, 0x05, 0x04, 0x05, 0x05, 0x04, 0x05, 0x04, 0x05, 0x05, 0x04, 0x04,
    0x05, 0x04, 0x05, 0x04, 0x05, 0x05, 0x04, 0x05, 0x05, 0x04, 0x04, 0x05,
    0x04, 0x04, 0x05, 0x04, 0x04, 0x05, 0x04, 0x04, 0x05, 0x04, 0x04, 0x0f,
    0x05, 0x04, 0x04, 0x05, 0x04, 0x05, 0x05, 0x04, 0x04, 0x05, 0x04, 0x05,
    0x05, 0x04, 0x05, 0x04, 0x04, 0x05, 0x05, 0x04, 0x05, 0x04, 0x05, 0x04,
    0x05, 0x05, 0x04, 0x04, 0x05, 0x05, 0x04, 0x05, 0x05, 0x04, 0x05, 0x04,
    0x04, 0x05, 0x04, 0x05, 0x04, 0x05, 0x04, 0x04, 0x05, 0x05, 0x04, 0x05,
    0x05, 0x04, 0x05, 0x04, 0x04, 0x05, 0x04, 0x04, 0x05, 0x04, 0x05, 0x04,
    0x05, 0x05, 0x04, 0x05, 0x04, 0x04, 0x05, 0x04, 0x05, 0x05, 0x04, 0x04,
    0x05, 0x04, 0x04, 0x05, 0x05, 0x04, 0x05, 0x04, 0x04, 0x05, 0x04, 0x05,
    0x05, 0x04, 0x05, 0x04, 0x04, 0x05, 0x04, 0x05, 0x04, 0x05, 0x04, 0x04,
    0x05, 0x04, 0x05, 0x05, 0x04, 0x05, 0x04, 0x05, 0x04, 0x05, 0x04, 0x04,
    0x04, 0x05, 0x05, 0x04, 0x04, 0x05, 0x04, 0x05, 0x05, 0x04, 0x05, 0x04,
    0x04, 0x05, 0x05, 0x04, 0x04, 0x05, 0x04, 0x04, 0x05, 0x04, 0x04, 0x05,
    0x05, 0x04, 0x05, 0x05, 0x04, 0x05, 0x04, 0x04, 0x05, 0x04, 0x05, 0x04,
    0x05, 0x05, 0x04, 0x05, 0x05, 0x04, 0x05, 0x04, 0x04, 0x05, 0x05, 0x04,
    0x04, 0x05, 0x05, 0x04, 0x05, 0x04, 0x05, 0x04, 0x04, 0x05, 0x04, 0x04,
    0x05, 0x04, 0x04, 0x05, 0x05, 0x04, 0x05, 0x05, 0x04, 0x05, 0x05, 0x04,
    0x05, 0x05, 0x04, 0x05, 0x05, 0x04, 0x04, 0x05, 0x04, 0x04, 0x05, 0x04,
    0x05, 0x04, 0x04, 0x05, 0x05, 0x05, 0x04, 0x05, 0x04, 0x04, 0x04, 0x05,
    0x04, 0x04, 0x05, 0x05, 0x04, 0x05, 0x05, 0x04, 0x05, 0x05, 0x04, 0x05,
    0x05, 0x04, 0x05, 0x04, 0x05, 0x0e, 0x05, 0x04, 0x05, 0x04, 0x04, 0x05,
    0x05, 0x04, 0x05, 0x05, 0x04, 0x04, 0x05, 0x04, 0x05, 0x05, 0x04, 0x04,
    0x05, 0x04, 0x05, 0x05, 0x04, 0x04, 0x05, 0x05, 0x04, 0x05, 0x04, 0x04,
    0x05, 0x04, 0x04, 0x05, 0x05, 0x04, 0x05, 0x04, 0x05, 0x04, 0x04, 0x05,
    0x05, 0x04, 0x04, 0x05, 0x04, 0x04, 0x05, 0x04, 0x05, 0x05, 0x04, 0x05,
    0x04, 0x05, 0x04, 0x04, 0x05, 0x04, 0x04, 0x05, 0x04, 0x05, 0x05, 0x04,
    0x05, 0x04, 0x04, 0x05, 0x05, 0x04, 0x05, 0x05, 0x04, 0x04, 0x04, 0x05,
    0x05, 0x04, 0x05, 0x04, 0x04, 0x05, 0x04, 0x05, 0x05, 0x04, 0x05, 0x04,
    0x05, 0x04, 0x05, 0x05, 0x04, 0x05, 0x04, 0x04, 0x05, 0x04, 0x05, 0x04,
    0x05, 0x04, 0x05, 0x05, 0x04, 0x05, 0x05, 0x04, 0x05, 0x04, 0x05, 0x04,
    0x04, 0x04, 0x05, 0x04, 0x05, 0x05, 0x04, 0x05, 0x05, 0x04, 0x05, 0x05,
    0x04, 0x05, 0x05, 0x04, 0x04, 0x05, 0x04, 0x04, 0x05, 0x04, 0x05, 0x05,
    0x04, 0x05, 0x04, 0x05, 0x04, 0x04, 0x05, 0x04, 0x04, 0x05, 0x05, 0x04,
    0x05, 0x05, 0x04, 0x04, 0x05, 0x05, 0x04, 0x04, 0x05, 0x04, 0x05, 0x05,
    0x04, 0x05, 0x04, 0x05, 0x05, 0x04, 0x05, 0x05, 0x04, 0x04, 0x05, 0x04,
    0x04, 0x05, 0x04, 0x05, 0x04, 0x04, 0x05, 0x04, 0x04, 0x05, 0x05, 0x04,
    0x05, 0x04, 0x05, 0x04, 0x04, 0x05, 0x05, 0x04, 0x05, 0x04, 0x04, 0x05,
    0x04, 0x05, 0x05, 0x04, 0x05, 0x05, 0x04, 0x04, 0x05, 0x04, 0x05, 0x04,
    0x05, 0x04, 0x04, 0x05, 0x04, 0x04, 0x05, 0x05, 0x04, 0x05, 0x05, 0x0e,
    0x04, 0x05, 0x05, 0x04, 0x05, 0x04, 0x04, 0x05, 0x04, 0x05, 0x04, 0x05,
    0x04, 0x04, 0x05, 0x05, 0x04, 0x05, 0x04, 0x04, 0x05, 0x04, 0x05, 0x04,
    0x04, 0x05, 0x04, 0x05, 0x05, 0x04, 0x05, 0x05, 0x04, 0x05, 0x04, 0x05,
    0x05, 0x04, 0x05, 0x05, 0x04, 0x05, 0x05, 0x04, 0x05, 0x05, 0x04, 0x05,
    0x04, 0x04, 0x05, 0x04, 0x05, 0x04, 0x05, 0x05, 0x04, 0x05, 0x05, 0x04,
    0x05, 0x04, 0x04, 0x05, 0x04, 0x05, 0x05, 0x04, 0x04, 0x05, 0x04, 0x04,
    0x05, 0x05, 0x04, 0x05, 0x05, 0x04, 0x04, 0x05, 0x05, 0x04, 0x05, 0x04,
    0x04, 0x05, 0x04, 0x05, 0x04, 0x05, 0x04, 0x04, 0x05, 0x04, 0x05, 0x05,
    0x04, 0x05, 0x04, 0x04, 0x05, 0x05, 0x04, 0x04, 0x05, 0x04, 0x04, 0x05,
    0x04, 0x04, 0x05, 0x05, 0x04, 0x05, 0x05, 0x04, 0x05, 0x04, 0x04, 0x05,
    0x04, 0x04, 0x05, 0x04, 0x04, 0x05, 0x04, 0x04, 0x05, 0x05, 0x04, 0x05,
    0x05, 0x04, 0x04, 0x05, 0x04, 0x04, 0x05, 0x05, 0x04, 0x05, 0x05, 0x04,
    0x05, 0x04, 0x05, 0x04, 0x04, 0x05, 0x04, 0x05, 0x05, 0x04, 0x04, 0x05,
    0x05, 0x04, 0x04, 0x05, 0x04, 0x04, 0x05, 0x04, 0x05, 0x04, 0x04, 0x05,
    0x04, 0x05, 0x04, 0x05, 0x04, 0x05, 0x04, 0x04, 0x05, 0x04, 0x05, 0x05,
    0x04, 0x05, 0x04, 0x04, 0x05, 0x04, 0x05, 0x05, 0x04, 0x05, 0x05, 0x04,
    0x04, 0x05, 0x05, 0x04, 0x04, 0x05, 0x04, 0x04, 0x05, 0x04, 0x05, 0x05,
    0x04, 0x05, 0x05, 0x04, 0x04, 0x05, 0x04, 0x05, 0x05, 0x04, 0x05, 0x04,
    0x04, 0x05, 0x04, 0x04, 0x05, 0x0e, 0x04, 0x05, 0x04, 0x05, 0x05, 0x04,
    0x05, 0x04, 0x04, 0x05, 0x05, 0x04, 0x05, 0x04, 0x04, 0x05, 0x04, 0x05,
    0x05, 0x04, 0x04, 0x05, 0x05, 0x04, 0x05, 0x04, 0x04, 0x05, 0x04, 0x04,
    0x05, 0x04, 0x05, 0x04, 0x04, 0x05, 0x04, 0x04, 0x05, 0x04, 0x04, 0x05,
    0x04, 0x04, 0x05, 0x04, 0x05, 0x05, 0x04, 0x05, 0x04, 0x05, 0x04, 0x05,
    0x04, 0x04, 0x05, 0x04, 0x05, 0x05, 0x04, 0x05, 0x05, 0x04, 0x04, 0x05,
    0x04, 0x05, 0x05, 0x04, 0x05, 0x04, 0x04, 0x05, 0x04, 0x05, 0x05, 0x04,
    0x04, 0x05, 0x04, 0x05, 0x05, 0x04, 0x05, 0x04, 0x04, 0x05, 0x05, 0x04,
    0x05, 0x05, 0x04, 0x04, 0x05, 0x04, 0x05, 0x05, 0x04, 0x05, 0x04, 0x05,
    0x04, 0x05, 0x05, 0x04, 0x05, 0x05, 0x04, 0x05, 0x04, 0x04, 0x05, 0x05,
    0x04, 0x05, 0x05, 0x04, 0x05, 0x05, 0x04, 0x05, 0x04, 0x05, 0x05, 0x04,
    0x05, 0x04, 0x04, 0x05, 0x04, 0x04, 0x05, 0x05, 0x04, 0x05, 0x05, 0x04,
    0x04, 0x05, 0x04, 0x04, 0x05, 0x05, 0x04, 0x05, 0x05, 0x04, 0x05, 0x04,
    0x04, 0x05, 0x04, 0x05, 0x04, 0x04, 0x05, 0x05, 0x04, 0x05, 0x05, 0x04,
    0x05, 0x05, 0x04, 0x05, 0x04, 0x05, 0x04, 0x04, 0x05, 0x05, 0x04, 0x05,
    0x05, 0x04, 0x05, 0x04, 0x05, 0x04, 0x05, 0x05, 0x04, 0x05, 0x04, 0x04,
    0x05, 0x04, 0x04, 0x05, 0x05, 0x04, 0x04, 0x05, 0x04, 0x05, 0x05, 0x04,
    0x05, 0x05, 0x04, 0x04, 0x05, 0x04, 0x04, 0x05, 0x04, 0x05, 0x05, 0x04,
    0x05, 0x04, 0x05, 0x04, 0x05, 0x05, 0x04, 0x05, 0x04, 0x05, 0x04, 0x0f,
    0x05, 0x04, 0x04, 0x05, 0x04, 0x05, 0x05, 0x04, 0x05, 0x04, 0x04, 0x05,
    0x05, 0x04, 0x05, 0x04, 0x04, 0x05, 0x05, 0x04, 0x05, 0x04, 0x04, 0x05,
    0x05, 0x04, 0x05, 0x05, 0x04, 0x05, 0x04, 0x04, 0x05, 0x05, 0x04, 0x05,
    0x04, 0x05, 0x05, 0x04, 0x05, 0x04, 0x05, 0x04, 0x04, 0x05, 0x04, 0x04,
    0x05, 0x05, 0x04, 0x05, 0x04, 0x05, 0x05, 0x04, 0x05, 0x04, 0x04, 0x05,
    0x04, 0x04, 0x05, 0x05, 0x04, 0x04, 0x05, 0x04, 0x05, 0x04, 0x05, 0x05,
    0x04, 0x05, 0x04, 0x04, 0x05, 0x04, 0x05, 0x05, 0x04, 0x04, 0x05, 0x04,
    0x05, 0x05, 0x04, 0x04, 0x05, 0x04, 0x04, 0x05, 0x05, 0x04, 0x04, 0x05,
    0x04, 0x04, 0x05, 0x04, 0x05, 0x04, 0x05, 0x04, 0x04, 0x05, 0x04, 0x04,
    0x05, 0x05, 0x04, 0x04, 0x05, 0x04, 0x04, 0x05, 0x04, 0x04, 0x05, 0x04,
    0x05, 0x04, 0x05, 0x04, 0x04, 0x05, 0x05, 0x05, 0x04, 0x05, 0x05, 0x04,
    0x04, 0x05, 0x04, 0x04, 0x05, 0x05, 0x04, 0x05, 0x05, 0x04, 0x04, 0x05,
    0x04, 0x04, 0x05, 0x04, 0x05, 0x05, 0x04, 0x04, 0x05, 0x05, 0x05, 0x04,
    0x04, 0x05, 0x04, 0x04, 0x05, 0x04, 0x04, 0x05, 0x04, 0x05, 0x05, 0x04,
    0x05, 0x04, 0x05, 0x04, 0x04, 0x05, 0x04, 0x05, 0x04, 0x05, 0x04, 0x04,
    0x05, 0x04, 0x05, 0x05, 0x04, 0x05, 0x05, 0x04, 0x04, 0x05, 0x04, 0x05,
    0x05, 0x04, 0x04, 0x05, 0x04, 0x04, 0x05, 0x05, 0x04, 0x05, 0x05, 0x04,
    0x05, 0x04, 0x04, 0x05, 0x04, 0x05, 0x04, 0x04, 0x05, 0x04, 0x04, 0x05,
    0x05, 0x04, 0x05, 0x04, 0x05, 0x0e, 0x04, 0x05, 0x05, 0x04, 0x04, 0x04,
    0x05, 0x05, 0x04, 0x05, 0x04, 0x05, 0x04, 0x05, 0x05, 0x04, 0x05, 0x04,
    0x04, 0x05, 0x05, 0x04, 0x05, 0x04, 0x04, 0x05, 0x04, 0x04, 0x05, 0x05,
    0x04, 0x05, 0x04, 0x05, 0x04, 0x05, 0x04, 0x04, 0x05, 0x04, 0x05, 0x05,
    0x04, 0x05, 0x05, 0x04, 0x05, 0x04, 0x05, 0x04, 0x04, 0x05, 0x04, 0x04,
    0x05, 0x05, 0x04, 0x05, 0x04, 0x05, 0x05, 0x04, 0x04, 0x05, 0x05, 0x04,
    0x05, 0x04, 0x04, 0x05, 0x04, 0x05, 0x05, 0x04, 0x05, 0x04, 0x05, 0x04,
    0x04, 0x05, 0x04, 0x05, 0x04, 0x04, 0x05, 0x05, 0x04, 0x05, 0x05, 0x04,
    0x04, 0x05, 0x05, 0x04, 0x05, 0x05, 0x04, 0x05, 0x05, 0x04, 0x04, 0x05,
    0x05, 0x04, 0x05, 0x05, 0x04, 0x04, 0x05, 0x04, 0x05, 0x05, 0x04, 0x05,
    0x04, 0x05, 0x04, 0x05, 0x04, 0x04, 0x05, 0x05, 0x04, 0x05, 0x04, 0x04,
    0x05, 0x04, 0x04, 0x05, 0x05, 0x04, 0x05, 0x05, 0x04, 0x04, 0x05, 0x04,
    0x04, 0x05, 0x05, 0x04, 0x05, 0x04, 0x05, 0x04, 0x04, 0x05, 0x04, 0x05,
    0x05, 0x04, 0x04, 0x05, 0x04, 0x05, 0x05, 0x04, 0x05, 0x05, 0x04, 0x05,
    0x04, 0x04, 0x05, 0x04, 0x04, 0x05, 0x05, 0x04, 0x05, 0x05, 0x04, 0x05,
    0x04, 0x05, 0x05, 0x04, 0x05, 0x05, 0x04, 0x04, 0x05, 0x04, 0x04, 0x05,
    0x05, 0x04, 0x05, 0x04, 0x04, 0x05, 0x05, 0x04, 0x05, 0x05, 0x04, 0x05,
    0x04, 0x04, 0x05, 0x04, 0x04, 0x05, 0x05, 0x04, 0x05, 0x04, 0x05, 0x04,
    0x05, 0x05, 0x04, 0x05, 0x04, 0x04, 0x05, 0x04, 0x05, 0x05, 0x04, 0x0f,
    0x04, 0x05, 0x04, 0x05, 0x05, 0x04, 0x04, 0x05, 0x04, 0x05, 0x05, 0x04,
    0x04, 0x05, 0x04, 0x05, 0x05, 0x04, 0x04, 0x05, 0x04, 0x05, 0x05, 0x04,
    0x05, 0x05, 0x04, 0x05, 0x04, 0x04, 0x05, 0x05, 0x04, 0x04, 0x05, 0x05,
    0x04, 0x05, 0x04, 0x04, 0x05, 0x04, 0x04, 0x05, 0x04, 0x05, 0x04, 0x05,
    0x04, 0x05, 0x05, 0x04, 0x05, 0x04, 0x04, 0x05, 0x04, 0x05, 0x04, 0x04,
    0x05, 0x05, 0x04, 0x04, 0x05, 0x05, 0x04, 0x05, 0x05, 0x04, 0x04, 0x04,
    0x05, 0x04, 0x05, 0x05, 0x04, 0x05, 0x05, 0x04, 0x05, 0x05, 0x04, 0x05,
    0x04, 0x04, 0x05, 0x04, 0x05, 0x05, 0x04, 0x04, 0x05, 0x04, 0x04, 0x05,
    0x04, 0x04, 0x05, 0x05, 0x04, 0x05, 0x04, 0x04, 0x05, 0x05, 0x04, 0x05,
    0x05, 0x04, 0x04, 0x05, 0x04, 0x05, 0x05, 0x04, 0x05, 0x05, 0x04, 0x05,
    0x04, 0x04, 0x05, 0x05, 0x04, 0x05, 0x04, 0x05, 0x04, 0x04, 0x05, 0x04,
    0x04, 0x05, 0x05, 0x05, 0x04, 0x05, 0x04, 0x04, 0x04, 0x05, 0x04, 0x05,
    0x05, 0x05, 0x04, 0x05, 0x04, 0x04, 0x05, 0x05, 0x04, 0x04, 0x05, 0x04,
    0x04, 0x05, 0x04, 0x05, 0x04, 0x05, 0x05, 0x04, 0x05, 0x05, 0x04, 0x04,
    0x05, 0x04, 0x04, 0x05, 0x04, 0x05, 0x04, 0x04, 0x05, 0x04, 0x04, 0x05,
    0x04, 0x05, 0x05, 0x04, 0x04, 0x05, 0x04, 0x05, 0x05, 0x04, 0x05, 0x04,
    0x04, 0x05, 0x04, 0x04, 0x05, 0x05, 0x04, 0x05, 0x05, 0x04, 0x04, 0x05,
    0x04, 0x05, 0x05, 0x04, 0x05, 0x04, 0x05, 0x04, 0x05, 0x05, 0x04, 0x05,
    0x04, 0x04, 0x05, 0x04, 0x04, 0x0f, 0x05, 0x04, 0x04, 0x05, 0x05, 0x04,
    0x05, 0x04, 0x04, 0x05, 0x04, 0x04, 0x05, 0x04, 0x04, 0x05, 0x04, 0x05,
    0x05, 0x04, 0x04, 0x05, 0x04, 0x04, 0x05, 0x04, 0x05, 0x05, 0x04, 0x05,
    0x04, 0x05, 0x04, 0x05, 0x04, 0x04, 0x05, 0x05, 0x04, 0x05, 0x05, 0x04,
    0x05, 0x04, 0x05, 0x04, 0x05, 0x04, 0x05, 0x04, 0x05, 0x04, 0x05, 0x05,
    0x04, 0x04, 0x05, 0x05, 0x04, 0x04, 0x05, 0x05, 0x04, 0x05, 0x04, 0x04,
    0x05, 0x04, 0x05, 0x05, 0x04, 0x05, 0x04, 0x04, 0x05, 0x04, 0x04, 0x05,
    0x04, 0x04, 0x05, 0x04, 0x05, 0x05, 0x04, 0x05, 0x04, 0x04, 0x05, 0x04,
    0x05, 0x05, 0x04, 0x05, 0x05, 0x04, 0x05, 0x04, 0x04, 0x05, 0x04, 0x05,
    0x04, 0x04, 0x05, 0x04, 0x04, 0x05, 0x04, 0x05, 0x05, 0x04, 0x04, 0x05,
    0x04, 0x04, 0x05, 0x04, 0x05, 0x05, 0x04, 0x04, 0x05, 0x04, 0x05, 0x05,
    0x04, 0x05, 0x05, 0x04, 0x05, 0x05, 0x04, 0x04, 0x05, 0x04, 0x05, 0x05,
    0x05, 0x04, 0x05, 0x05, 0x04, 0x04, 0x05, 0x04, 0x05, 0x05, 0x04, 0x04,
    0x05, 0x04, 0x05, 0x05, 0x04, 0x05, 0x05, 0x04, 0x04, 0x05, 0x04, 0x04,
    0x05, 0x04, 0x05, 0x05, 0x04, 0x05, 0x04, 0x05, 0x04, 0x04, 0x05, 0x05,
    0x04, 0x05, 0x05, 0x04, 0x05, 0x04, 0x05, 0x04, 0x05, 0x05, 0x04, 0x05,
    0x04, 0x04, 0x05, 0x05, 0x04, 0x05, 0x04, 0x05, 0x05, 0x04, 0x05, 0x04,
    0x04, 0x05, 0x04, 0x05, 0x05, 0x04, 0x04, 0x05, 0x04, 0x04, 0x05, 0x05,
    0x04, 0x04, 0x05, 0x04, 0x05, 0x05, 0x04, 0x05, 0x05, 0x04, 0x04, 0x0f,
    0x04, 0x05, 0x04, 0x04, 0x05, 0x04, 0x05, 0x05, 0x04, 0x05, 0x05, 0x04,
    0x05, 0x05, 0x04, 0x05, 0x04, 0x04, 0x05, 0x05, 0x04, 0x05, 0x05, 0x04,
    0x05, 0x04, 0x04, 0x05, 0x05, 0x04, 0x05, 0x04, 0x05, 0x05, 0x04, 0x04,
    0x05, 0x04, 0x05, 0x04, 0x04, 0x05, 0x05, 0x04, 0x04, 0x05, 0x04, 0x05,
    0x04, 0x04, 0x05, 0x04, 0x04, 0x05, 0x05, 0x04, 0x05, 0x04, 0x05, 0x05,
    0x04, 0x04, 0x05, 0x05, 0x04, 0x05, 0x04, 0x04, 0x05, 0x04, 0x05, 0x05,
    0x04, 0x05, 0x05, 0x04, 0x05, 0x05, 0x04, 0x05, 0x04, 0x04, 0x05, 0x04,
    0x05, 0x05, 0x04, 0x05, 0x04, 0x04, 0x05, 0x04, 0x04, 0x05, 0x04, 0x05,
    0x05, 0x04, 0x05, 0x04, 0x05, 0x05, 0x04, 0x05, 0x05, 0x04, 0x05, 0x04,
    0x04, 0x05, 0x05, 0x04, 0x05, 0x05, 0x04, 0x05, 0x04, 0x04, 0x05, 0x04,
    0x05, 0x05, 0x04, 0x04, 0x05, 0x04, 0x04, 0x05, 0x04, 0x04, 0x05, 0x05,
    0x04, 0x05, 0x04, 0x04, 0x04, 0x05, 0x04, 0x05, 0x04, 0x05, 0x04, 0x04,
    0x05, 0x04, 0x04, 0x05, 0x05, 0x04, 0x05, 0x04, 0x04, 0x05, 0x04, 0x04,
    0x05, 0x05, 0x04, 0x05, 0x05, 0x04, 0x05, 0x04, 0x04, 0x04, 0x05, 0x04,
    0x05, 0x05, 0x05, 0x04, 0x05, 0x04, 0x04, 0x05, 0x04, 0x05, 0x04, 0x05,
    0x04, 0x04, 0x05, 0x04, 0x05, 0x05, 0x04, 0x04, 0x05, 0x04, 0x04, 0x05,
    0x05, 0x04, 0x04, 0x05, 0x04, 0x05, 0x05, 0x04, 0x04, 0x05, 0x05, 0x04,
    0x05, 0x05, 0x04, 0x04, 0x05, 0x04, 0x04, 0x05, 0x04, 0x04, 0x05, 0x04,
    0x04, 0x05, 0x05, 0x04, 0x05, 0x0e, 0x05, 0x05, 0x04, 0x05, 0x04, 0x04,
    0x05, 0x04, 0x04, 0x05, 0x04, 0x05, 0x04, 0x05, 0x05, 0x04, 0x05, 0x04,
    0x04, 0x05, 0x04, 0x04, 0x05, 0x04, 0x05, 0x05, 0x04, 0x04, 0x05, 0x04,
    0x04, 0x05, 0x04, 0x05, 0x05, 0x05, 0x04, 0x05, 0x04, 0x05, 0x04, 0x05,
    0x04, 0x05, 0x05, 0x04, 0x05, 0x05, 0x04, 0x05, 0x05, 0x04, 0x05, 0x04,
    0x05, 0x04, 0x04, 0x05, 0x04, 0x05, 0x04, 0x04, 0x05, 0x04, 0x05, 0x05,
    0x04, 0x05, 0x04, 0x04, 0x05, 0x04, 0x05, 0x04, 0x04, 0x05, 0x04, 0x04,
    0x05, 0x05, 0x04, 0x05, 0x04, 0x04, 0x05, 0x04, 0x05, 0x05, 0x04, 0x05,
    0x05, 0x04, 0x05, 0x04, 0x04, 0x05, 0x04, 0x05, 0x05, 0x04, 0x04, 0x05,
    0x04, 0x05, 0x04, 0x05, 0x05, 0x04, 0x05, 0x04, 0x04, 0x05, 0x04, 0x04,
    0x05, 0x05, 0x04, 0x05, 0x04, 0x04, 0x05, 0x05, 0x04, 0x05, 0x05, 0x04,
    0x05, 0x05, 0x04, 0x04, 0x05, 0x04, 0x04, 0x05, 0x05, 0x04, 0x05, 0x04,
    0x04, 0x05, 0x04, 0x05, 0x05, 0x04, 0x05, 0x05, 0x04, 0x04, 0x05, 0x05,
    0x04, 0x05, 0x05, 0x04, 0x05, 0x04, 0x04, 0x05, 0x04, 0x04, 0x05, 0x05,
    0x04, 0x05, 0x05, 0x04, 0x05, 0x04, 0x04, 0x05, 0x04, 0x05, 0x04, 0x05,
    0x05, 0x04, 0x04, 0x05, 0x05, 0x04, 0x05, 0x05, 0x04, 0x04, 0x05, 0x04,
    0x05, 0x05, 0x04, 0x05, 0x04, 0x05, 0x04, 0x04, 0x05, 0x05, 0x04, 0x04,
    0x05, 0x05, 0x04, 0x04, 0x05, 0x04, 0x04, 0x05, 0x05, 0x04, 0x05, 0x05,
    0x04, 0x05, 0x05, 0x04, 0x05, 0x05, 0x04, 0x04, 0x05, 0x04, 0x05, 0x0f,
    0x04, 0x04, 0x05, 0x05, 0x04, 0x05, 0x05, 0x04, 0x05, 0x04, 0x05, 0x04,
    0x04, 0x04, 0x05, 0x04, 0x05, 0x05, 0x04, 0x05, 0x05, 0x04, 0x04, 0x05,
    0x04, 0x05, 0x04, 0x05, 0x04, 0x05, 0x05, 0x04, 0x04, 0x04, 0x05, 0x04,
    0x04, 0x05, 0x05, 0x04, 0x05, 0x04, 0x04, 0x05, 0x04, 0x04, 0x05, 0x04,
    0x04, 0x05, 0x04, 0x05, 0x04, 0x05, 0x04, 0x05, 0x05, 0x04, 0x05, 0x04,
    0x05, 0x05, 0x04, 0x04, 0x05, 0x04, 0x05, 0x05, 0x04, 0x05, 0x04, 0x05,
    0x04, 0x05, 0x05, 0x04, 0x05, 0x04, 0x05, 0x04, 0x05, 0x05, 0x04, 0x05,
    0x04, 0x04, 0x05, 0x04, 0x04, 0x05, 0x04, 0x05, 0x05, 0x04, 0x05, 0x04,
    0x04, 0x05, 0x04, 0x05, 0x04, 0x04, 0x05, 0x04, 0x04, 0x05, 0x04, 0x05,
    0x05, 0x04, 0x05, 0x05, 0x04, 0x04, 0x05, 0x04, 0x05, 0x05, 0x04, 0x05,
    0x04, 0x04, 0x05, 0x04, 0x04, 0x05, 0x04, 0x05, 0x05, 0x04, 0x05, 0x04,
    0x05, 0x04, 0x05, 0x05, 0x04, 0x05, 0x05, 0x04, 0x04, 0x05, 0x04, 0x04,
    0x05, 0x05, 0x04, 0x04, 0x05, 0x04, 0x04, 0x05, 0x04, 0x05, 0x05, 0x04,
    0x05, 0x05, 0x04, 0x04, 0x05, 0x04, 0x04, 0x05, 0x05, 0x04, 0x05, 0x05,
    0x04, 0x04, 0x05, 0x04, 0x04, 0x05, 0x05, 0x04, 0x05, 0x04, 0x04, 0x05,
    0x04, 0x05, 0x04, 0x05, 0x04, 0x04, 0x05, 0x04, 0x05, 0x04, 0x05, 0x04,
    0x05, 0x05, 0x04, 0x05, 0x04, 0x04, 0x05, 0x04, 0x05, 0x05, 0x04, 0x05,
    0x04, 0x04, 0x05, 0x04, 0x05, 0x04, 0x05, 0x04, 0x05, 0x04, 0x04, 0x05,
    0x05, 0x04, 0x04, 0x05, 0x04, 0x0e, 0x04, 0x05, 0x04, 0x04, 0x05, 0x04,
    0x05, 0x05, 0x04, 0x05, 0x05, 0x04, 0x05, 0x05, 0x04, 0x04, 0x05, 0x04,
    0x05, 0x04, 0x05, 0x05, 0x04, 0x05, 0x04, 0x04, 0x05, 0x05, 0x04, 0x04,
    0x05, 0x05, 0x04, 0x05, 0x04, 0x05, 0x04, 0x04, 0x05, 0x04, 0x05, 0x05,
    0x04, 0x05, 0x05, 0x04, 0x05, 0x05, 0x04, 0x05, 0x04, 0x04, 0x05, 0x04,
    0x05, 0x04, 0x05, 0x04, 0x04, 0x05, 0x04, 0x05, 0x05, 0x04, 0x04, 0x05,
    0x04, 0x04, 0x05, 0x05, 0x04, 0x05, 0x04, 0x04, 0x05, 0x04, 0x05, 0x05,
    0x04, 0x04, 0x05, 0x04, 0x05, 0x05, 0x04, 0x05, 0x05, 0x04, 0x05, 0x04,
    0x04, 0x05, 0x04, 0x05, 0x05, 0x04, 0x05, 0x04, 0x05, 0x05, 0x04, 0x05,
    0x05, 0x04, 0x05, 0x04, 0x04, 0x05, 0x04, 0x04, 0x05, 0x04, 0x05, 0x05,
    0x04, 0x04, 0x05, 0x04, 0x05, 0x05, 0x04, 0x05, 0x05, 0x04, 0x05, 0x04,
    0x04, 0x05, 0x04, 0x05, 0x04, 0x05, 0x05, 0x04, 0x04, 0x05, 0x04, 0x05,
    0x05, 0x04, 0x05, 0x05, 0x04, 0x05, 0x04, 0x04, 0x05, 0x05, 0x04, 0x05,
    0x05, 0x04, 0x04, 0x05, 0x04, 0x04, 0x05, 0x05, 0x04, 0x05, 0x05, 0x04,
    0x04, 0x05, 0x04, 0x04, 0x05, 0x05, 0x04, 0x05, 0x05, 0x04, 0x05, 0x04,
    0x04, 0x05, 0x05, 0x04, 0x05, 0x04, 0x04, 0x05, 0x05, 0x04, 0x05, 0x05,
    0x04, 0x04, 0x05, 0x05, 0x04, 0x05, 0x04, 0x04, 0x05, 0x04, 0x05, 0x05,
    0x04, 0x04, 0x05, 0x04, 0x04, 0x05, 0x05, 0x04, 0x05, 0x04, 0x04, 0x05,
    0x04, 0x05, 0x04, 0x05, 0x04, 0x04, 0x05, 0x05, 0x04, 0x05, 0x05, 0x0e,
    0x05, 0x05, 0x04, 0x05, 0x05, 0x04, 0x04, 0x05, 0x04, 0x04, 0x05, 0x04,
    0x05, 0x05, 0x04, 0x05, 0x04, 0x05, 0x04, 0x04, 0x05, 0x04, 0x05, 0x05,
    0x04, 0x05, 0x04, 0x05, 0x04, 0x04, 0x05, 0x04, 0x05, 0x05, 0x04, 0x05,
    0x05, 0x04, 0x05, 0x04, 0x04, 0x05, 0x04, 0x04, 0x05, 0x04, 0x04, 0x05,
    0x05, 0x04, 0x05, 0x05, 0x04, 0x05, 0x04, 0x05, 0x04, 0x05, 0x05, 0x04,
    0x04, 0x05, 0x04, 0x05, 0x05, 0x04, 0x05, 0x04, 0x05, 0x04, 0x04, 0x05,
    0x05, 0x04, 0x05, 0x04, 0x04, 0x05, 0x04, 0x05, 0x04, 0x04, 0x05, 0x04,
    0x04, 0x05, 0x04, 0x05, 0x05, 0x04, 0x05, 0x04, 0x04, 0x05, 0x04, 0x05,
    0x04, 0x05, 0x04, 0x04, 0x05, 0x04, 0x05, 0x05, 0x04, 0x05, 0x05, 0x04,
    0x05, 0x04, 0x04, 0x05, 0x04, 0x05, 0x04, 0x05, 0x04, 0x04, 0x05, 0x04,
    0x04, 0x05, 0x04, 0x05, 0x05, 0x04, 0x05, 0x04, 0x04, 0x05, 0x04, 0x04,
    0x05, 0x04, 0x05, 0x04, 0x04, 0x04, 0x05, 0x04, 0x04, 0x05, 0x05, 0x04,
    0x05, 0x04, 0x05, 0x04, 0x04, 0x05, 0x05, 0x04, 0x05, 0x05, 0x04, 0x05,
    0x04, 0x04, 0x05, 0x04, 0x05, 0x05, 0x04, 0x05, 0x04, 0x04, 0x05, 0x04,
    0x04, 0x05, 0x04, 0x05, 0x05, 0x04, 0x04, 0x05, 0x04, 0x05, 0x05, 0x04,
    0x05, 0x04, 0x04, 0x05, 0x04, 0x05, 0x04, 0x05, 0x04, 0x04, 0x05, 0x05,
    0x04, 0x05, 0x05, 0x04, 0x05, 0x05, 0x04, 0x05, 0x05, 0x04, 0x05, 0x04,
    0x05, 0x05, 0x04, 0x05, 0x05, 0x04, 0x05, 0x04, 0x05, 0x05, 0x05, 0x04,
    0x04, 0x05, 0x04, 0x04, 0x05, 0x0f, 0x04, 0x04, 0x05, 0x04, 0x05, 0x04,
    0x04, 0x05, 0x05, 0x04, 0x04, 0x05, 0x04, 0x04, 0x05, 0x05, 0x04, 0x05,
    0x05, 0x04, 0x04, 0x05, 0x04, 0x04, 0x05, 0x05, 0x04, 0x05, 0x05, 0x04,
    0x05, 0x04, 0x04, 0x05, 0x04, 0x04, 0x05, 0x05, 0x04, 0x05, 0x05, 0x04,
    0x05, 0x05, 0x04, 0x05, 0x04, 0x04, 0x05, 0x04, 0x05, 0x04, 0x05, 0x04,
    0x05, 0x04, 0x05, 0x04, 0x05, 0x05, 0x04, 0x05, 0x04, 0x04, 0x05, 0x04,
    0x05, 0x05, 0x04, 0x05, 0x04, 0x05, 0x04, 0x05, 0x05, 0x04, 0x05, 0x04,
    0x05, 0x05, 0x04, 0x05, 0x05, 0x04, 0x05, 0x04, 0x04, 0x05, 0x04, 0x05,
    0x05, 0x04, 0x05, 0x04, 0x05, 0x04, 0x05, 0x04, 0x05, 0x05, 0x04, 0x04,
    0x05, 0x04, 0x04, 0x05, 0x04, 0x05, 0x05, 0x04, 0x05, 0x05, 0x04, 0x04,
    0x05, 0x05, 0x04, 0x05, 0x05, 0x04, 0x05, 0x04, 0x04, 0x05, 0x04, 0x05,
    0x05, 0x04, 0x05, 0x05, 0x04, 0x05, 0x04, 0x05, 0x05, 0x05, 0x04, 0x05,
    0x05, 0x04, 0x04, 0x05, 0x04, 0x04, 0x05, 0x05, 0x04, 0x05, 0x04, 0x04,
    0x04, 0x05, 0x04, 0x04, 0x05, 0x05, 0x04, 0x05, 0x04, 0x04, 0x05, 0x04,
    0x05, 0x05, 0x05, 0x04, 0x05, 0x04, 0x05, 0x04, 0x04, 0x05, 0x04, 0x05,
    0x05, 0x04, 0x04, 0x05, 0x04, 0x05, 0x05, 0x04, 0x05, 0x04, 0x05, 0x04,
    0x05, 0x05, 0x04, 0x04, 0x05, 0x04, 0x04, 0x05, 0x04, 0x04, 0x04, 0x05,
    0x04, 0x04, 0x05, 0x05, 0x04, 0x04, 0x05, 0x04, 0x04, 0x05, 0x04, 0x05,
    0x04, 0x04, 0x05, 0x04, 0x04, 0x05, 0x05, 0x04, 0x05, 0x04, 0x04, 0x0f,
    0x04, 0x05, 0x05, 0x04, 0x04, 0x05, 0x05, 0x04, 0x05, 0x05, 0x04, 0x05,
    0x04, 0x04, 0x05, 0x04, 0x04, 0x05, 0x05, 0x04, 0x05, 0x05, 0x04, 0x04,
    0x05, 0x04, 0x04, 0x05, 0x04, 0x05, 0x05, 0x04, 0x05, 0x05, 0x04, 0x04,
    0x05, 0x04, 0x04, 0x05, 0x04, 0x04, 0x05, 0x04, 0x05, 0x05, 0x04, 0x05,
    0x04, 0x05, 0x04, 0x04, 0x05, 0x05, 0x04, 0x05, 0x04, 0x04, 0x05, 0x04,
    0x05, 0x05, 0x04, 0x05, 0x04, 0x04, 0x05, 0x04, 0x04, 0x05, 0x05, 0x04,
    0x04, 0x05, 0x04, 0x05, 0x04, 0x05, 0x04, 0x04, 0x05, 0x04, 0x04, 0x05,
    0x05, 0x04, 0x05, 0x04, 0x04, 0x05, 0x04, 0x05, 0x05, 0x04, 0x04, 0x05,
    0x04, 0x05, 0x04, 0x05, 0x04, 0x05, 0x05, 0x04, 0x05, 0x04, 0x04, 0x05,
    0x04, 0x04, 0x05, 0x04, 0x05, 0x04, 0x05, 0x04, 0x05, 0x04, 0x04, 0x05,
    0x05, 0x04, 0x05, 0x04, 0x04, 0x05, 0x04, 0x04, 0x05, 0x04, 0x05, 0x05,
    0x04, 0x04, 0x05, 0x04, 0x05, 0x04, 0x05, 0x05, 0x04, 0x05, 0x05, 0x04,
    0x04, 0x05, 0x04, 0x05, 0x05, 0x04, 0x05, 0x05, 0x04, 0x04, 0x05, 0x04,
    0x05, 0x05, 0x04, 0x05, 0x04, 0x04, 0x04, 0x05, 0x04, 0x05, 0x04, 0x05,
    0x05, 0x04, 0x05, 0x04, 0x04, 0x05, 0x05, 0x04, 0x05, 0x04, 0x04, 0x05,
    0x04, 0x05, 0x04, 0x05, 0x04, 0x04, 0x05, 0x04, 0x05, 0x05, 0x04, 0x05,
    0x05, 0x04, 0x05, 0x05, 0x04, 0x05, 0x05, 0x04, 0x04, 0x05, 0x04, 0x05,
    0x05, 0x04, 0x05, 0x04, 0x05, 0x04, 0x05, 0x05, 0x04, 0x04, 0x05, 0x05,
    0x04, 0x05, 0x05, 0x04, 0x05, 0x0e, 0x05, 0x04, 0x05, 0x05, 0x04, 0x05,
    0x04, 0x04, 0x05, 0x04, 0x05, 0x05, 0x05, 0x04, 0x05, 0x05, 0x04, 0x04,
    0x04, 0x05, 0x04, 0x05, 0x05, 0x04, 0x05, 0x05, 0x04, 0x04, 0x05, 0x04,
    0x04, 0x05, 0x04, 0x05, 0x05, 0x04, 0x05, 0x05, 0x04, 0x05, 0x04, 0x05,
    0x04, 0x04, 0x05, 0x04, 0x05, 0x04, 0x05, 0x05, 0x04, 0x05, 0x04, 0x04,
    0x05, 0x04, 0x05, 0x05, 0x04, 0x04, 0x05, 0x04, 0x05, 0x05, 0x04, 0x05,
    0x05, 0x04, 0x05, 0x04, 0x05, 0x04, 0x05, 0x04, 0x04, 0x05, 0x04, 0x05,
    0x04, 0x05, 0x05, 0x04, 0x04, 0x05, 0x04, 0x05, 0x05, 0x04, 0x05, 0x04,
    0x04, 0x05, 0x04, 0x05, 0x05, 0x04, 0x05, 0x04, 0x04, 0x05, 0x04, 0x04,
    0x05, 0x04, 0x05, 0x05, 0x04, 0x05, 0x05, 0x04, 0x05, 0x04, 0x05, 0x05,
    0x04, 0x04, 0x05, 0x05, 0x04, 0x04, 0x05, 0x05, 0x04, 0x05, 0x05, 0x04,
    0x05, 0x05, 0x04, 0x04, 0x05, 0x04, 0x05, 0x04, 0x04, 0x05, 0x04, 0x04,
    0x05, 0x04, 0x04, 0x05, 0x05, 0x04, 0x05, 0x04, 0x05, 0x04, 0x05, 0x05,
    0x04, 0x05, 0x05, 0x04, 0x05, 0x04, 0x04, 0x05, 0x05, 0x04, 0x05, 0x05,
    0x04, 0x04, 0x05, 0x04, 0x04, 0x05, 0x04, 0x05, 0x05, 0x04, 0x05, 0x04,
    0x04, 0x05, 0x05, 0x04, 0x05, 0x04, 0x04, 0x05, 0x05, 0x04, 0x05, 0x05,
    0x04, 0x04, 0x05, 0x04, 0x04, 0x05, 0x04, 0x04, 0x05, 0x04, 0x05, 0x04,
    0x05, 0x04, 0x05, 0x04, 0x05, 0x04, 0x04, 0x05, 0x04, 0x05, 0x04, 0x05,
    0x04, 0x05, 0x05, 0x04, 0x05, 0x04, 0x04, 0x05, 0x04, 0x05, 0x05, 0x0e,
    0x04, 0x04, 0x05, 0x04, 0x05, 0x04, 0x05, 0x05, 0x04, 0x04, 0x04, 0x05,
    0x04, 0x04, 0x05, 0x05, 0x04, 0x05, 0x05, 0x04, 0x04, 0x05, 0x04, 0x04,
    0x05, 0x05, 0x04, 0x05, 0x05, 0x04, 0x05, 0x04, 0x04, 0x05, 0x04, 0x04,
    0x05, 0x04, 0x05, 0x04, 0x05, 0x05, 0x04, 0x05, 0x04, 0x05, 0x04, 0x04,
    0x05, 0x04, 0x05, 0x05, 0x04, 0x05, 0x04, 0x04, 0x05, 0x05, 0x04, 0x05,
    0x04, 0x04, 0x05, 0x04, 0x04, 0x05, 0x04, 0x05, 0x04, 0x05, 0x04, 0x05,
    0x05, 0x04, 0x05, 0x05, 0x04, 0x04, 0x05, 0x04, 0x05, 0x05, 0x04, 0x05,
    0x04, 0x04, 0x05, 0x05, 0x04, 0x05, 0x05, 0x04, 0x04, 0x05, 0x04, 0x05,
    0x05, 0x04, 0x05, 0x05, 0x04, 0x05, 0x04, 0x04, 0x05, 0x04, 0x04, 0x05,
    0x04, 0x05, 0x04, 0x05, 0x04, 0x05, 0x04, 0x05, 0x04, 0x05, 0x05, 0x04,
    0x04, 0x05, 0x04, 0x04, 0x05, 0x04, 0x04, 0x05, 0x05, 0x04, 0x04, 0x05,
    0x05, 0x04, 0x05, 0x05, 0x04, 0x05, 0x05, 0x04, 0x04, 0x05, 0x04, 0x04,
    0x05, 0x05, 0x04, 0x04, 0x04, 0x05, 0x04, 0x04, 0x05, 0x04, 0x05, 0x05,
    0x04, 0x04, 0x05, 0x04, 0x05, 0x05, 0x04, 0x05, 0x05, 0x04, 0x05, 0x04,
    0x04, 0x05, 0x04, 0x05, 0x05, 0x04, 0x04, 0x05, 0x04, 0x05, 0x05, 0x04,
    0x05, 0x04, 0x04, 0x05, 0x04, 0x05, 0x05, 0x04, 0x05, 0x05, 0x04, 0x05,
    0x05, 0x04, 0x04, 0x05, 0x04, 0x04, 0x05, 0x05, 0x04, 0x05, 0x04, 0x05,
    0x05, 0x04, 0x05, 0x04, 0x05, 0x04, 0x04, 0x05, 0x04, 0x05, 0x04, 0x05,
    0x04, 0x04, 0x05, 0x04, 0x04, 0x0f, 0x05, 0x04, 0x04, 0x05, 0x04, 0x04,
    0x05, 0x05, 0x04, 0x05, 0x05, 0x04, 0x04, 0x05, 0x04, 0x04, 0x05, 0x04,
    0x05, 0x04, 0x05, 0x05, 0x04, 0x04, 0x05, 0x04, 0x04, 0x05, 0x04, 0x05,
    0x05, 0x04, 0x05, 0x05, 0x04, 0x05, 0x04, 0x05, 0x04, 0x04, 0x05, 0x04,
    0x05, 0x05, 0x04, 0x05, 0x05, 0x04, 0x04, 0x05, 0x04, 0x04, 0x05, 0x05,
    0x04, 0x05, 0x04, 0x04, 0x05, 0x05, 0x04, 0x05, 0x04, 0x05, 0x05, 0x04,
    0x04, 0x05, 0x04, 0x04, 0x05, 0x04, 0x04, 0x05, 0x04, 0x05, 0x05, 0x04,
    0x05, 0x04, 0x04, 0x05, 0x05, 0x04, 0x05, 0x04, 0x04, 0x05, 0x04, 0x04,
    0x05, 0x05, 0x04, 0x04, 0x05, 0x04, 0x04, 0x05, 0x04, 0x04, 0x05, 0x05,
    0x04, 0x05, 0x05, 0x04, 0x05, 0x04, 0x05, 0x04, 0x05, 0x04, 0x04, 0x05,
    0x05, 0x04, 0x04, 0x05, 0x04, 0x05, 0x05, 0x04, 0x05, 0x04, 0x05, 0x05,
    0x04, 0x04, 0x05, 0x05, 0x04, 0x05, 0x04, 0x04, 0x05, 0x04, 0x04, 0x05,
    0x04, 0x05, 0x05, 0x04, 0x05, 0x04, 0x05, 0x04, 0x05, 0x05, 0x04, 0x05,
    0x04, 0x05, 0x04, 0x04, 0x05, 0x05, 0x04, 0x05, 0x04, 0x04, 0x05, 0x04,
    0x04, 0x05, 0x04, 0x05, 0x05, 0x04, 0x05, 0x04, 0x04, 0x05, 0x04, 0x05,
    0x05, 0x04, 0x04, 0x05, 0x04, 0x05, 0x05, 0x04, 0x05, 0x04, 0x04, 0x05,
    0x04, 0x04, 0x05, 0x04, 0x04, 0x05, 0x05, 0x04, 0x05, 0x05, 0x04, 0x05,
    0x04, 0x04, 0x05, 0x04, 0x05, 0x04, 0x04, 0x05, 0x04, 0x05, 0x05, 0x04,
    0x05, 0x04, 0x04, 0x05, 0x05, 0x04, 0x05, 0x05, 0x04, 0x05, 0x04, 0x0f,
    0x05, 0x05, 0x04, 0x05, 0x05, 0x04, 0x04, 0x05, 0x04, 0x05, 0x05, 0x04,
    0x05, 0x05, 0x04, 0x05, 0x04, 0x05, 0x04, 0x05, 0x04, 0x05, 0x05, 0x04,
    0x05, 0x05, 0x04, 0x04, 0x05, 0x04, 0x04, 0x05, 0x04, 0x04, 0x05, 0x05,
    0x04, 0x05, 0x05, 0x04, 0x05, 0x04, 0x04, 0x05, 0x04, 0x04, 0x05, 0x05,
    0x04, 0x05, 0x04, 0x04, 0x05, 0x04, 0x05, 0x05, 0x04, 0x04, 0x05, 0x04,
    0x05, 0x04, 0x05, 0x04, 0x05, 0x04, 0x05, 0x05, 0x04, 0x05, 0x05, 0x04,
    0x05, 0x04, 0x04, 0x05, 0x04, 0x05, 0x05, 0x04, 0x04, 0x05, 0x04, 0x04,
    0x05, 0x05, 0x04, 0x05, 0x05, 0x04, 0x04, 0x05, 0x05, 0x04, 0x05, 0x04,
    0x05, 0x05, 0x04, 0x05, 0x04, 0x04, 0x05, 0x04, 0x05, 0x05, 0x04, 0x05,
    0x04, 0x05, 0x05, 0x04, 0x05, 0x04, 0x05, 0x04, 0x05, 0x04, 0x04, 0x05,
    0x04, 0x04, 0x05, 0x05, 0x04, 0x05, 0x05, 0x04, 0x04, 0x05, 0x04, 0x05,
    0x05, 0x04, 0x05, 0x05, 0x04, 0x05, 0x04, 0x04, 0x05, 0x04, 0x05, 0x05,
    0x04, 0x04, 0x05, 0x05, 0x04, 0x05, 0x05, 0x04, 0x05, 0x04, 0x04, 0x05,
    0x04, 0x05, 0x05, 0x04, 0x05, 0x04, 0x05, 0x04, 0x04, 0x05, 0x04, 0x05,
    0x05, 0x04, 0x05, 0x04, 0x04, 0x05, 0x05, 0x04, 0x05, 0x04, 0x04, 0x05,
    0x04, 0x05, 0x05, 0x04, 0x05, 0x05, 0x04, 0x05, 0x05, 0x04, 0x05, 0x04,
    0x04, 0x05, 0x04, 0x05, 0x05, 0x04, 0x05, 0x04, 0x05, 0x05, 0x04, 0x05,
    0x04, 0x05, 0x04, 0x04, 0x05, 0x04, 0x05, 0x05, 0x04, 0x04, 0x05, 0x04,
    0x05, 0x04, 0x05, 0x04, 0x05, 0x0e, 0x04, 0x04, 0x05, 0x04, 0x05, 0x05,
    0x04, 0x04, 0x05, 0x04, 0x04, 0x05, 0x04, 0x04, 0x05, 0x05, 0x04, 0x04,
    0x05, 0x04, 0x04, 0x05, 0x04, 0x04, 0x05, 0x05, 0x04, 0x05, 0x05, 0x04,
    0x05, 0x05, 0x04, 0x04, 0x05, 0x04, 0x04, 0x05, 0x04, 0x05, 0x05, 0x04,
    0x05, 0x04, 0x05, 0x04, 0x04, 0x05, 0x05, 0x04, 0x05, 0x05, 0x04, 0x04,
    0x05, 0x04, 0x05, 0x05, 0x04, 0x04, 0x05, 0x05, 0x04, 0x04, 0x05, 0x04,
    0x05, 0x04, 0x05, 0x04, 0x04, 0x05, 0x05, 0x04, 0x05, 0x04, 0x04, 0x05,
    0x04, 0x05, 0x05, 0x04, 0x05, 0x04, 0x05, 0x04, 0x04, 0x05, 0x05, 0x04,
    0x04, 0x05, 0x04, 0x05, 0x04, 0x05, 0x04, 0x04, 0x05, 0x05, 0x04, 0x05,
    0x05, 0x04, 0x04, 0x05, 0x04, 0x04, 0x05, 0x04, 0x04, 0x05, 0x04, 0x05,
    0x04, 0x05, 0x05, 0x04, 0x05, 0x05, 0x04, 0x05, 0x04, 0x04, 0x04, 0x04,
    0x05, 0x05, 0x04, 0x04, 0x05, 0x04, 0x04, 0x05, 0x04, 0x04, 0x05, 0x05,
    0x04, 0x05, 0x04, 0x04, 0x05, 0x04, 0x05, 0x04, 0x04, 0x04, 0x05, 0x04,
    0x04, 0x05, 0x05, 0x04, 0x05, 0x04, 0x04, 0x05, 0x04, 0x05, 0x04, 0x05,
    0x05, 0x05, 0x04, 0x05, 0x04, 0x04, 0x05, 0x05, 0x04, 0x05, 0x05, 0x04,
    0x04, 0x05, 0x05, 0x04, 0x05, 0x04, 0x04, 0x05, 0x04, 0x04, 0x05, 0x04,
    0x04, 0x05, 0x04, 0x05, 0x05, 0x04, 0x05, 0x04, 0x04, 0x05, 0x04, 0x04,
    0x05, 0x05, 0x04, 0x04, 0x05, 0x04, 0x05, 0x05, 0x04, 0x05, 0x04, 0x04,
    0x05, 0x05, 0x04, 0x05, 0x04, 0x05, 0x04, 0x04, 0x05, 0x05, 0x04, 0x0e,
    0x04, 0x05, 0x04, 0x04, 0x05, 0x04, 0x05, 0x05, 0x04, 0x04, 0x05, 0x05,
    0x04, 0x04, 0x05, 0x04, 0x05, 0x05, 0x04, 0x05, 0x05, 0x04, 0x05, 0x04,
    0x04, 0x05, 0x04, 0x04, 0x05, 0x04, 0x04, 0x05, 0x05, 0x04, 0x05, 0x05,
    0x04, 0x04, 0x05, 0x04, 0x04, 0x05, 0x04, 0x05, 0x05, 0x04, 0x05, 0x04,
    0x04, 0x05, 0x04, 0x05, 0x05, 0x04, 0x04, 0x05, 0x04, 0x05, 0x05, 0x04,
    0x04, 0x05, 0x04, 0x05, 0x05, 0x04, 0x04, 0x05, 0x04, 0x05, 0x04, 0x05,
    0x04, 0x05, 0x05, 0x04, 0x05, 0x04, 0x04, 0x05, 0x04, 0x05, 0x05, 0x04,
    0x05, 0x05, 0x04, 0x04, 0x05, 0x05, 0x04, 0x05, 0x04, 0x04, 0x05, 0x05,
    0x04, 0x04, 0x05, 0x04, 0x05, 0x04, 0x05, 0x04, 0x05, 0x04, 0x05, 0x05,
    0x04, 0x05, 0x04, 0x05, 0x04, 0x04, 0x05, 0x04, 0x04, 0x05, 0x04, 0x04,
    0x05, 0x05, 0x04, 0x05, 0x05, 0x04, 0x04, 0x05, 0x05, 0x04, 0x05, 0x05,
    0x04, 0x05, 0x05, 0x04, 0x04, 0x05, 0x05, 0x04, 0x05, 0x05, 0x04, 0x05,
    0x05, 0x05, 0x04, 0x05, 0x05, 0x04, 0x04, 0x05, 0x04, 0x05, 0x05, 0x04,
    0x05, 0x04, 0x05, 0x04, 0x04, 0x05, 0x04, 0x04, 0x05, 0x05, 0x04, 0x04,
    0x05, 0x04, 0x04, 0x05, 0x05, 0x04, 0x04, 0x05, 0x04, 0x05, 0x05, 0x04,
    0x05, 0x04, 0x05, 0x05, 0x04, 0x05, 0x05, 0x04, 0x04, 0x05, 0x04, 0x05,
    0x05, 0x04, 0x05, 0x05, 0x04, 0x05, 0x04, 0x04, 0x05, 0x04, 0x05, 0x04,
    0x04, 0x05, 0x05, 0x04, 0x05, 0x05, 0x04, 0x04, 0x05, 0x04, 0x05, 0x05,
    0x04, 0x05, 0x04, 0x05, 0x04, 0x0f, 0x05, 0x05, 0x04, 0x05, 0x04, 0x04,
    0x05, 0x05, 0x04, 0x05, 0x05, 0x04, 0x05, 0x05, 0x04, 0x04, 0x05, 0x04,
    0x04, 0x05, 0x04, 0x05, 0x05, 0x04, 0x05, 0x05, 0x04, 0x05, 0x05, 0x04,
    0x04, 0x05, 0x04, 0x05, 0x04, 0x05, 0x05, 0x04, 0x05, 0x04, 0x05, 0x05,
    0x04, 0x04, 0x05, 0x05, 0x04, 0x05, 0x05, 0x04, 0x04, 0x05, 0x05, 0x04,
    0x05, 0x05, 0x04, 0x04, 0x05, 0x05, 0x04, 0x05, 0x04, 0x04, 0x05, 0x05,
    0x04, 0x05, 0x05, 0x04, 0x05, 0x04, 0x04, 0x05, 0x04, 0x05, 0x05, 0x04,
    0x05, 0x04, 0x04, 0x05, 0x04, 0x04, 0x05, 0x05, 0x04, 0x04, 0x05, 0x04,
    0x05, 0x05, 0x04, 0x05, 0x05, 0x04, 0x05, 0x05, 0x04, 0x05, 0x04, 0x04,
    0x05, 0x05, 0x04, 0x04, 0x05, 0x04, 0x05, 0x04, 0x05, 0x05, 0x04, 0x05,
    0x05, 0x04, 0x05, 0x05, 0x04, 0x04, 0x05, 0x04, 0x05, 0x05, 0x05, 0x04,
    0x05, 0x04, 0x04, 0x05, 0x04, 0x05, 0x04, 0x04, 0x05, 0x05, 0x04, 0x04,
    0x05, 0x04, 0x05, 0x04, 0x04, 0x04, 0x05, 0x04, 0x05, 0x04, 0x05, 0x05,
    0x04, 0x05, 0x04, 0x04, 0x05, 0x05, 0x04, 0x05, 0x05, 0x04, 0x05, 0x05,
    0x04, 0x04, 0x05, 0x04, 0x05, 0x05, 0x04, 0x05, 0x04, 0x04, 0x05, 0x04,
    0x05, 0x04, 0x04, 0x05, 0x04, 0x05, 0x04, 0x05, 0x04, 0x04, 0x05, 0x04,
    0x05, 0x04, 0x05, 0x04, 0x04, 0x05, 0x04, 0x04, 0x05, 0x04, 0x05, 0x05,
    0x04, 0x05, 0x05, 0x04, 0x05, 0x05, 0x04, 0x04, 0x05, 0x04, 0x04, 0x05,
    0x04, 0x05, 0x04, 0x04, 0x05, 0x04, 0x05, 0x04, 0x05, 0x04, 0x05, 0x0e,
    0x04, 0x04, 0x05, 0x05, 0x05, 0x04, 0x04, 0x05, 0x04, 0x04, 0x05, 0x04,
    0x04, 0x05, 0x05, 0x04, 0x05, 0x05, 0x04, 0x05, 0x04, 0x04, 0x05, 0x04,
    0x04, 0x05, 0x04, 0x04, 0x05, 0x05, 0x05, 0x04, 0x05, 0x04, 0x04, 0x05,
    0x04, 0x05, 0x04, 0x05, 0x04, 0x05, 0x04, 0x04, 0x05, 0x04, 0x04, 0x05,
    0x05, 0x04, 0x05, 0x04, 0x04, 0x05, 0x04, 0x05, 0x04, 0x04, 0x05, 0x04,
    0x05, 0x05, 0x04, 0x04, 0x05, 0x04, 0x04, 0x05, 0x04, 0x04, 0x05, 0x05,
    0x04, 0x04, 0x05, 0x04, 0x04, 0x05, 0x05, 0x04, 0x05, 0x05, 0x04, 0x04,
    0x05, 0x04, 0x05, 0x05, 0x04, 0x04, 0x05, 0x04, 0x04, 0x05, 0x04, 0x04,
    0x05, 0x04, 0x05, 0x05, 0x04, 0x05, 0x04, 0x05, 0x04, 0x05, 0x04, 0x05,
    0x04, 0x04, 0x05, 0x04, 0x05, 0x04, 0x04, 0x05, 0x04, 0x05, 0x05, 0x04,
    0x05, 0x04, 0x04, 0x04, 0x04, 0x05, 0x05, 0x04, 0x05, 0x05, 0x04, 0x04,
    0x05, 0x04, 0x04, 0x05, 0x05, 0x04, 0x04, 0x05, 0x04, 0x05, 0x05, 0x04,
    0x04, 0x05, 0x04, 0x04, 0x05, 0x04, 0x05, 0x05, 0x04, 0x04, 0x05, 0x04,
    0x04, 0x05, 0x04, 0x04, 0x05, 0x04, 0x05, 0x05, 0x04, 0x04, 0x05, 0x04,
    0x05, 0x05, 0x04, 0x05, 0x04, 0x05, 0x05, 0x04, 0x05, 0x04, 0x04, 0x05,
    0x05, 0x04, 0x05, 0x04, 0x05, 0x04, 0x04, 0x05, 0x05, 0x04, 0x05, 0x04,
    0x05, 0x05, 0x04, 0x04, 0x05, 0x04, 0x04, 0x05, 0x04, 0x04, 0x05, 0x05,
    0x04, 0x05, 0x05, 0x04, 0x05, 0x04, 0x05, 0x05, 0x04, 0x05, 0x04, 0x05,
    0x04, 0x05, 0x04, 0x05, 0x04, 0x0f, 0x05, 0x04, 0x04, 0x05, 0x04, 0x05,
    0x05, 0x04, 0x05, 0x04, 0x05, 0x05, 0x04, 0x04, 0x05, 0x04, 0x05, 0x04,
    0x05, 0x05, 0x04, 0x05, 0x05, 0x04, 0x05, 0x05, 0x04, 0x04, 0x05, 0x04,
    0x04, 0x05, 0x05, 0x04, 0x05, 0x04, 0x04, 0x05, 0x05, 0x04, 0x04, 0x05,
    0x05, 0x04, 0x05, 0x05, 0x04, 0x04, 0x04, 0x05, 0x05, 0x04, 0x05, 0x04,
    0x04, 0x05, 0x05, 0x04, 0x05, 0x04, 0x04, 0x05, 0x05, 0x05, 0x04, 0x05,
    0x05, 0x04, 0x05, 0x04, 0x05, 0x05, 0x04, 0x05, 0x05, 0x04, 0x04, 0x05,
    0x04, 0x05, 0x04, 0x05, 0x05, 0x04, 0x05, 0x04, 0x04, 0x05, 0x05, 0x04,
    0x05, 0x04, 0x05, 0x05, 0x04, 0x05, 0x04, 0x04, 0x05, 0x04, 0x05, 0x04,
    0x05, 0x04, 0x05, 0x04, 0x05, 0x05, 0x04, 0x05, 0x04, 0x05, 0x04, 0x05,
    0x05, 0x04, 0x04, 0x05, 0x04, 0x05, 0x05, 0x04, 0x05, 0x05, 0x04, 0x04,
    0x05, 0x04, 0x05, 0x04, 0x05, 0x05, 0x05, 0x05, 0x04, 0x04, 0x05, 0x05,
    0x04, 0x05, 0x04, 0x05, 0x05, 0x04, 0x05, 0x05, 0x04, 0x05, 0x04, 0x04,
    0x05, 0x04, 0x05, 0x05, 0x04, 0x05, 0x04, 0x05, 0x04, 0x05, 0x04, 0x04,
    0x05, 0x05, 0x04, 0x05, 0x04, 0x04, 0x05, 0x04, 0x05, 0x05, 0x04, 0x04,
    0x05, 0x05, 0x04, 0x05, 0x05, 0x04, 0x04, 0x05, 0x04, 0x05, 0x05, 0x04,
    0x05, 0x04, 0x04, 0x05, 0x05, 0x04, 0x04, 0x05, 0x04, 0x05, 0x04, 0x05,
    0x05, 0x04, 0x05, 0x04, 0x04, 0x05, 0x04, 0x04, 0x05, 0x04, 0x05, 0x04,
    0x04, 0x05, 0x05, 0x04, 0x05, 0x04, 0x05, 0x04, 0x05, 0x04, 0x05, 0x0e,
    0x03, 0x05, 0x04, 0x04, 0x05, 0x04, 0x04, 0x05, 0x04, 0x05, 0x04, 0x05,
    0x04, 0x05, 0x04, 0x05, 0x04, 0x04, 0x05, 0x04, 0x04, 0x05, 0x04, 0x04,
    0x05, 0x05, 0x04, 0x05, 0x05, 0x04, 0x04, 0x05, 0x04, 0x05, 0x05, 0x04,
    0x05, 0x04, 0x05, 0x04, 0x05, 0x04, 0x05, 0x04, 0x04, 0x05, 0x05, 0x04,
    0x05, 0x04, 0x04, 0x05, 0x05, 0x04, 0x05, 0x04, 0x05, 0x05, 0x04, 0x05,
    0x04, 0x04, 0x05, 0x04, 0x04, 0x05, 0x04, 0x05, 0x05, 0x04, 0x04, 0x05,
    0x04, 0x05, 0x04, 0x05, 0x05, 0x04, 0x05, 0x04, 0x04, 0x05, 0x04, 0x05,
    0x04, 0x05, 0x04, 0x04, 0x05, 0x05, 0x04, 0x05, 0x04, 0x04, 0x05, 0x05,
    0x04, 0x05, 0x04, 0x04, 0x05, 0x04, 0x04, 0x05, 0x04, 0x05, 0x04, 0x04,
    0x05, 0x05, 0x04, 0x05, 0x04, 0x04, 0x05, 0x05, 0x04, 0x04, 0x05, 0x04,
    0x04, 0x05, 0x05, 0x04, 0x05, 0x05, 0x04, 0x05, 0x04, 0x04, 0x04, 0x05,
    0x04, 0x04, 0x05, 0x04, 0x05, 0x04, 0x05, 0x04, 0x04, 0x05, 0x04, 0x04,
    0x05, 0x04, 0x05, 0x05, 0x04, 0x05, 0x04, 0x04, 0x05, 0x04, 0x05, 0x04,
    0x05, 0x04, 0x05, 0x05, 0x04, 0x05, 0x04, 0x04, 0x05, 0x05, 0x04, 0x05,
    0x04, 0x04, 0x05, 0x04, 0x05, 0x04, 0x04, 0x05, 0x04, 0x05, 0x04, 0x04,
    0x05, 0x05, 0x04, 0x04, 0x05, 0x05, 0x04, 0x05, 0x04, 0x05, 0x04, 0x05,
    0x04, 0x05, 0x05, 0x04, 0x05, 0x04, 0x04, 0x05, 0x05, 0x04, 0x05, 0x05,
    0x04, 0x05, 0x04, 0x05, 0x05, 0x04, 0x04, 0x05, 0x04, 0x04, 0x05, 0x05,
    0x04, 0x05, 0x04, 0x05, 0x04, 0x02, 0x0e, 0x05, 0x05, 0x04, 0x05, 0x05,
    0x04, 0x05, 0x05, 0x04, 0x04, 0x05, 0x05, 0x04, 0x05, 0x05, 0x04, 0x05,
    0x05, 0x04, 0x05, 0x05, 0x04, 0x04, 0x05, 0x04, 0x04, 0x05, 0x04, 0x05,
    0x05, 0x04, 0x04, 0x05, 0x04, 0x05, 0x04, 0x05, 0x04, 0x05, 0x04, 0x05,
    0x04, 0x05, 0x04, 0x04, 0x05, 0x05, 0x04, 0x05, 0x04, 0x05, 0x04, 0x05,
    0x04, 0x04, 0x05, 0x04, 0x04, 0x05, 0x05, 0x04, 0x05, 0x04, 0x05, 0x04,
    0x04, 0x05, 0x04, 0x04, 0x05, 0x04, 0x05, 0x04, 0x04, 0x05, 0x04, 0x05,
    0x05, 0x04, 0x05, 0x04, 0x04, 0x05, 0x05, 0x04, 0x05, 0x04, 0x04, 0x05,
    0x04, 0x05, 0x04, 0x04, 0x05, 0x04, 0x05, 0x05, 0x04, 0x05, 0x05, 0x04,
    0x05, 0x05, 0x04, 0x05, 0x04, 0x04, 0x05, 0x04, 0x05, 0x04, 0x05, 0x04,
    0x04, 0x05, 0x05, 0x04, 0x05, 0x05, 0x04, 0x04, 0x05, 0x04, 0x04, 0x05,
    0x04, 0x05, 0x05, 0x04, 0x05, 0x04, 0x04, 0x05, 0x05, 0x04, 0x04, 0x05,
    0x05, 0x04, 0x05, 0x05, 0x04, 0x05, 0x04, 0x04, 0x05, 0x04, 0x05, 0x05,
    0x04, 0x05, 0x04, 0x05, 0x04, 0x05, 0x04, 0x05, 0x04, 0x04, 0x05, 0x05,
    0x04, 0x04, 0x05, 0x04, 0x05, 0x05, 0x04, 0x05, 0x04, 0x05, 0x05, 0x04,
    0x05, 0x04, 0x05, 0x04, 0x05, 0x05, 0x04, 0x05, 0x04, 0x04, 0x05, 0x04,
    0x04, 0x05, 0x05, 0x04, 0x05, 0x04, 0x05, 0x04, 0x04, 0x05, 0x04, 0x05,
    0x04, 0x05, 0x04, 0x04, 0x05, 0x04, 0x05, 0x04, 0x04, 0x05, 0x04, 0x05,
    0x05, 0x04, 0x05, 0x04, 0x05, 0x04, 0x04, 0x05, 0x04, 0x04, 0x05, 0x0a,
    0x10, 0x04, 0x04, 0x05, 0x04, 0x04, 0x05, 0x04, 0x05, 0x04, 0x05, 0x04,
    0x04, 0x05, 0x04, 0x04, 0x05, 0x04, 0x04, 0x05, 0x04, 0x05, 0x05, 0x04,
    0x05, 0x04, 0x05, 0x04, 0x04, 0x05, 0x05, 0x04, 0x05, 0x04, 0x04, 0x05,
    0x04, 0x04, 0x05, 0x04, 0x05, 0x04, 0x05, 0x05, 0x05, 0x04, 0x04, 0x05,
    0x04, 0x05, 0x05, 0x04, 0x04, 0x05, 0x05, 0x04, 0x05, 0x04, 0x05, 0x04,
    0x05, 0x04, 0x05, 0x05, 0x04, 0x05, 0x05, 0x04, 0x05, 0x05, 0x04, 0x05,
    0x05, 0x04, 0x05, 0x04, 0x04, 0x05, 0x04, 0x05, 0x05, 0x04, 0x05, 0x04,
    0x04, 0x05, 0x05, 0x05, 0x04, 0x04, 0x05, 0x05, 0x05, 0x04, 0x05, 0x04,
    0x04, 0x05, 0x04, 0x05, 0x04, 0x04, 0x05, 0x04, 0x05, 0x05, 0x05, 0x04,
    0x05, 0x04, 0x04, 0x05, 0x05, 0x05, 0x04, 0x04, 0x05, 0x04, 0x04, 0x05,
    0x05, 0x04, 0x05, 0x05, 0x04, 0x04, 0x05, 0x04, 0x05, 0x05, 0x04, 0x05,
    0x05, 0x04, 0x05, 0x05, 0x04, 0x05, 0x04, 0x04, 0x05, 0x04, 0x05, 0x05,
    0x04, 0x05, 0x04, 0x04, 0x05, 0x04, 0x05, 0x05, 0x04, 0x04, 0x05, 0x04,
    0x05, 0x05, 0x04, 0x04, 0x05, 0x05, 0x04, 0x05, 0x05, 0x04, 0x04, 0x05,
    0x05, 0x04, 0x04, 0x05, 0x04, 0x05, 0x04, 0x05, 0x04, 0x04, 0x05, 0x04,
    0x04, 0x05, 0x05, 0x04, 0x05, 0x05, 0x04, 0x05, 0x04, 0x04, 0x05, 0x04,
    0x05, 0x05, 0x04, 0x05, 0x05, 0x04, 0x05, 0x04, 0x05, 0x05, 0x04, 0x04,
    0x05, 0x05, 0x04, 0x05, 0x04, 0x04, 0x05, 0x05, 0x04, 0x05, 0x04, 0x05,
    0x05, 0x04, 0x05, 0x05, 0x04, 0x11, 0x00, 0x0e, 0x05, 0x05, 0x04, 0x05,
    0x04, 0x04, 0x05, 0x05, 0x04, 0x05, 0x04, 0x05, 0x04, 0x05, 0x05, 0x04,
    0x05, 0x04, 0x04, 0x04, 0x05, 0x05, 0x04, 0x05, 0x05, 0x04, 0x05, 0x04,
    0x04, 0x05, 0x05, 0x04, 0x05, 0x05, 0x04, 0x05, 0x05, 0x04, 0x05, 0x04,
    0x04, 0x05, 0x04, 0x05, 0x05, 0x04, 0x04, 0x05, 0x04, 0x04, 0x05, 0x05,
    0x04, 0x05, 0x04, 0x05, 0x04, 0x05, 0x04, 0x04, 0x05, 0x04, 0x04, 0x05,
    0x04, 0x04, 0x05, 0x04, 0x04, 0x05, 0x04, 0x05, 0x05, 0x04, 0x05, 0x04,
    0x04, 0x05, 0x04, 0x05, 0x05, 0x04, 0x04, 0x05, 0x04, 0x05, 0x05, 0x04,
    0x04, 0x05, 0x04, 0x05, 0x05, 0x04, 0x05, 0x04, 0x05, 0x04, 0x05, 0x05,
    0x04, 0x04, 0x04, 0x05, 0x04, 0x05, 0x05, 0x04, 0x05, 0x04, 0x04, 0x05,
    0x05, 0x04, 0x05, 0x05, 0x04, 0x04, 0x05, 0x04, 0x04, 0x05, 0x05, 0x04,
    0x05, 0x04, 0x04, 0x05, 0x04, 0x05, 0x04, 0x04, 0x05, 0x04, 0x05, 0x04,
    0x05, 0x05, 0x04, 0x04, 0x05, 0x04, 0x05, 0x05, 0x04, 0x05, 0x04, 0x04,
    0x05, 0x04, 0x05, 0x05, 0x04, 0x04, 0x05, 0x04, 0x05, 0x05, 0x04, 0x04,
    0x05, 0x04, 0x05, 0x04, 0x04, 0x05, 0x04, 0x05, 0x05, 0x04, 0x04, 0x05,
    0x05, 0x04, 0x05, 0x05, 0x04, 0x05, 0x04, 0x05, 0x04, 0x05, 0x04, 0x04,
    0x05, 0x04, 0x05, 0x05, 0x04, 0x04, 0x05, 0x04, 0x04, 0x05, 0x04, 0x04,
    0x05, 0x04, 0x04, 0x05, 0x05, 0x04, 0x05, 0x04, 0x05, 0x05, 0x04, 0x04,
    0x05, 0x04, 0x04, 0x05, 0x04, 0x04, 0x05, 0x04, 0x05, 0x04, 0x12, 0x00,
    0x00, 0x13, 0x06, 0x05, 0x04, 0x05, 0x05, 0x04, 0x04, 0x05, 0x04, 0x05,
    0x05, 0x04, 0x05, 0x04, 0x04, 0x05, 0x05, 0x05, 0x04, 0x05, 0x04, 0x04,
    0x05, 0x04, 0x04, 0x05, 0x05, 0x04, 0x04, 0x05, 0x04, 0x04, 0x05, 0x04,
    0x05, 0x04, 0x04, 0x05, 0x05, 0x04, 0x05, 0x04, 0x04, 0x05, 0x05, 0x04,
    0x05, 0x05, 0x04, 0x05, 0x05, 0x04, 0x04, 0x05, 0x05, 0x04, 0x05, 0x05,
    0x04, 0x05, 0x05, 0x04, 0x05, 0x05, 0x04, 0x05, 0x05, 0x04, 0x05, 0x04,
    0x04, 0x05, 0x04, 0x05, 0x05, 0x04, 0x05, 0x04, 0x04, 0x05, 0x04, 0x05,
    0x05, 0x04, 0x04, 0x04, 0x05, 0x05, 0x04, 0x04, 0x05, 0x04, 0x04, 0x05,
    0x04, 0x05, 0x04, 0x04, 0x05, 0x05, 0x04, 0x05, 0x05, 0x04, 0x04, 0x05,
    0x04, 0x05, 0x05, 0x04, 0x04, 0x05, 0x04, 0x04, 0x05, 0x05, 0x04, 0x05,
    0x05, 0x04, 0x04, 0x05, 0x04, 0x05, 0x05, 0x04, 0x05, 0x04, 0x05, 0x04,
    0x05, 0x05, 0x04, 0x04, 0x05, 0x04, 0x04, 0x05, 0x05, 0x04, 0x04, 0x05,
    0x04, 0x04, 0x05, 0x05, 0x04, 0x05, 0x04, 0x04, 0x05, 0x05, 0x04, 0x05,
    0x04, 0x04, 0x05, 0x05, 0x04, 0x05, 0x04, 0x05, 0x04, 0x05, 0x05, 0x04,
    0x04, 0x05, 0x05, 0x04, 0x05, 0x04, 0x04, 0x05, 0x04, 0x05, 0x04, 0x05,
    0x05, 0x04, 0x04, 0x05, 0x05, 0x04, 0x05, 0x04, 0x04, 0x05, 0x05, 0x04,
    0x05, 0x04, 0x05, 0x05, 0x04, 0x05, 0x05, 0x04, 0x05, 0x04, 0x04, 0x05,
    0x04, 0x04, 0x05, 0x04, 0x05, 0x05, 0x04, 0x05, 0x05, 0x04, 0x05, 0x05,
    0x04, 0x05, 0x04, 0x14, 0x00, 0x00, 0x00, 0x00, 0x00, 0x15, 0x16, 0x05,
    0x05, 0x04, 0x05, 0x04, 0x04, 0x05, 0x04, 0x04, 0x05, 0x05, 0x04, 0x04,
    0x05, 0x04, 0x05, 0x05, 0x04, 0x05, 0x05, 0x04, 0x04, 0x05, 0x05, 0x04,
    0x05, 0x05, 0x04, 0x05, 0x04, 0x05, 0x04, 0x05, 0x04, 0x05, 0x04, 0x05,
    0x05, 0x04, 0x04, 0x05, 0x04, 0x04, 0x05, 0x04, 0x04, 0x05, 0x04, 0x04,
    0x05, 0x04, 0x04, 0x05, 0x04, 0x04, 0x05, 0x04, 0x04, 0x05, 0x04, 0x04,
    0x05, 0x04, 0x04, 0x05, 0x05, 0x04, 0x05, 0x04, 0x04, 0x05, 0x04, 0x05,
    0x05, 0x04, 0x05, 0x04, 0x04, 0x05, 0x05, 0x04, 0x05, 0x05, 0x04, 0x05,
    0x05, 0x04, 0x05, 0x04, 0x05, 0x05, 0x04, 0x05, 0x05, 0x04, 0x04, 0x05,
    0x04, 0x05, 0x05, 0x04, 0x05, 0x04, 0x04, 0x05, 0x04, 0x05, 0x05, 0x04,
    0x05, 0x04, 0x04, 0x05, 0x04, 0x04, 0x05, 0x05, 0x04, 0x05, 0x04, 0x04,
    0x05, 0x04, 0x05, 0x04, 0x04, 0x05, 0x04, 0x05, 0x04, 0x05, 0x05, 0x04,
    0x04, 0x05, 0x05, 0x04, 0x05, 0x05, 0x04, 0x04, 0x05, 0x04, 0x05, 0x05,
    0x04, 0x05, 0x04, 0x04, 0x05, 0x05, 0x04, 0x05, 0x04, 0x04, 0x05, 0x04,
    0x05, 0x04, 0x05, 0x04, 0x05, 0x05, 0x04, 0x04, 0x04, 0x05, 0x05, 0x04,
    0x05, 0x04, 0x05, 0x04, 0x04, 0x05, 0x04, 0x05, 0x04, 0x05, 0x04, 0x05,
    0x05, 0x04, 0x04, 0x05, 0x04, 0x05, 0x04, 0x05, 0x04, 0x04, 0x05, 0x04,
    0x04, 0x05, 0x05, 0x04, 0x05, 0x05, 0x04, 0x05, 0x04, 0x04, 0x05, 0x04,
    0x04, 0x05, 0x04, 0x04, 0x05, 0x04, 0x04, 0x0f, 0x17, 0x00, 0x00, 0x00,
    0x00, 0x00, 0x00, 0x00, 0x00, 0x0c, 0x08, 0x08, 0x08, 0x08, 0x08, 0x08,
    0x08, 0x08, 0x08, 0x08, 0x08, 0x08, 0x08, 0x08, 0x08, 0x08, 0x08, 0x08,
    0x08, 0x08, 0x08, 0x08, 0x08, 0x08, 0x08, 0x08, 0x08, 0x08, 0x08, 0x08,
    0x08, 0x08, 0x08, 0x08, 0x08, 0x08, 0x08, 0x08, 0x08, 0x08, 0x08, 0x08,
    0x08, 0x08, 0x08, 0x08, 0x08, 0x08, 0x08, 0x08, 0x08, 0x08, 0x08, 0x08,
    0x08, 0x08, 0x08, 0x08, 0x08, 0x08, 0x08, 0x08, 0x08, 0x08, 0x08, 0x08,
    0x08, 0x08, 0x08, 0x08, 0x08, 0x08, 0x08, 0x08, 0x08, 0x08, 0x08, 0x08,
    0x08, 0x08, 0x08, 0x08, 0x08, 0x08, 0x08, 0x08, 0x08, 0x08, 0x08, 0x08,
    0x08, 0x08, 0x08, 0x08, 0x08, 0x08, 0x08, 0x08, 0x08, 0x08, 0x08, 0x08,
    0x08, 0x08, 0x08, 0x08, 0x08, 0x08, 0x08, 0x08, 0x08, 0x08, 0x08, 0x08,
    0x08, 0x08, 0x08, 0x08, 0x08, 0x08, 0x08, 0x08, 0x08, 0x08, 0x08, 0x08,
    0x08, 0x08, 0x08, 0x08, 0x08, 0x08, 0x08, 0x08, 0x08, 0x08, 0x08, 0x08,
    0x08, 0x08, 0x08, 0x08, 0x08, 0x08, 0x08, 0x08, 0x08, 0x08, 0x08, 0x08,
    0x08, 0x08, 0x08, 0x08, 0x08, 0x08, 0x08, 0x08, 0x08, 0x08, 0x08, 0x08,
    0x08, 0x08, 0x08, 0x08, 0x08, 0x08, 0x08, 0x08, 0x08, 0x08, 0x08, 0x08,
    0x08, 0x08, 0x08, 0x08, 0x08, 0x08, 0x08, 0x08, 0x08, 0x08, 0x08, 0x08,
    0x08, 0x08, 0x08, 0x08, 0x08, 0x08, 0x08, 0x08, 0x08, 0x08, 0x08, 0x08,
    0x08, 0x08, 0x08, 0x08, 0x08, 0x08, 0x08, 0x08, 0x08, 0x08, 0x08, 0x08,
    0x0c, 0x00, 0x00, 0x00, 0x00, 0x00
};

LOCATION_PRAGMA("ExtFlashSection")
KEEP extern const unsigned char image_userinfo_age_box_extra_data[] LOCATION_ATTRIBUTE("ExtFlashSection") = { // 24 ARGB8888 CLUT entries.
    0x00, 0x00, 0x18, 0x00,
    0x00, 0x00, 0x00, 0x00, 0x18, 0x1c, 0x18, 0x41, 0x20, 0x1c, 0x20, 0xae,
    0x20, 0x1c, 0x20, 0xef, 0x18, 0x1c, 0x18, 0xff, 0x20, 0x1c, 0x20, 0xff,
    0x18, 0x1c, 0x18, 0xcf, 0x20, 0x1c, 0x20, 0x9e, 0x20, 0x20, 0x20, 0x20,
    0x18, 0x1c, 0x18, 0x8e, 0x18, 0x1c, 0x18, 0x71, 0x20, 0x1c, 0x20, 0x5d,
    0x10, 0x10, 0x10, 0x10, 0x18, 0x1c, 0x18, 0x6d, 0x18, 0x1c, 0x18, 0xbe,
    0x20, 0x1c, 0x20, 0xbe, 0x20, 0x1c, 0x20, 0x4d, 0x18, 0x18, 0x18, 0x20,
    0x20, 0x1c, 0x20, 0x7d, 0x20, 0x20, 0x20, 0x10, 0x18, 0x1c, 0x18, 0x7d,
    0x18, 0x1c, 0x18, 0x61, 0x18, 0x1c, 0x18, 0xdf, 0x20, 0x1c, 0x20, 0x41
};
